Time,Size1,Count1 (dM3),Size2,Count2 (dM3),Size3,Count3 (dM3),Size4,Count4 (dM3),Size5,Count5 (dM3),Size6,Count6 (dM3),AT (C),RH (%),Location,Seconds,A1Size,A2Size,Status,
2021-10-16 15:04:03,0.3,4268456,0.5,650653,1,222536,2,453549,5,127163,10,114447,11,38,6,10,,,0,
2021-10-16 15:04:13,0.3,4408336,0.5,508654,1,139879,2,311550,5,72059,10,52984,9,39,6,10,,,0,
2021-10-16 15:04:23,0.3,4853408,0.5,472624,1,84775,2,52984,5,2119,10,0,7,41,6,10,,,0,
2021-10-16 15:04:33,0.3,4868244,0.5,462027,1,116566,2,101730,5,4238,10,6358,7,44,6,10,,,0,
2021-10-16 15:04:43,0.3,5309078,0.5,462027,1,69939,2,55104,5,2119,10,2119,6,46,6,10,,,0,
2021-10-16 15:04:53,0.3,5010243,0.5,451430,1,82656,2,84775,5,4238,10,0,6,49,6,10,,,0,
2021-10-16 15:05:03,0.3,5044154,0.5,466266,1,108089,2,91133,5,10596,10,4238,6,49,6,10,,,0,
2021-10-16 15:05:13,0.3,4571529,0.5,430236,1,103850,2,150476,5,40268,10,65701,7,49,6,10,,,0,
2021-10-16 15:05:23,0.3,3929353,0.5,430236,1,144118,2,137760,5,33910,10,55104,7,51,6,10,,,0,
2021-10-16 15:05:33,0.3,2935358,0.5,512892,1,334864,2,1106322,5,404803,10,504415,8,51,6,10,,,0,
2021-10-16 15:05:43,0.3,4866125,0.5,1858707,1,1318262,2,3562698,5,1258919,10,2447898,8,48,6,10,,,0,
2021-10-16 15:05:53,0.3,5251854,0.5,845637,1,498057,2,1445425,5,478982,10,947368,7,47,6,10,,,0,
2021-10-16 15:06:03,0.3,5476510,0.5,521370,1,158954,2,216178,5,103850,10,281879,6,48,6,10,,,0,
2021-10-16 15:06:13,0.3,5063228,0.5,527728,1,129282,2,105969,5,16955,10,4238,5,49,6,10,,,0,
2021-10-16 15:06:23,0.3,5086541,0.5,534086,1,86895,2,101730,5,8477,10,8477,5,49,6,10,,,0,
2021-10-16 15:06:33,0.3,5256093,0.5,500176,1,99611,2,203461,5,59342,10,36029,5,49,6,10,,,0,
2021-10-16 15:06:43,0.3,5073825,0.5,570116,1,110208,2,161073,5,38149,10,25432,5,51,6,10,,,0,
2021-10-16 15:06:53,0.3,6078417,0.5,894383,1,449311,2,909219,5,167432,10,108089,5,52,6,10,,,0,
2021-10-16 15:07:03,0.3,5006005,0.5,506534,1,122924,2,125044,5,27552,10,19074,6,52,6,10,,,0,
2021-10-16 15:07:13,0.3,5192511,0.5,500176,1,91133,2,120805,5,14835,10,10596,6,51,6,10,,,0,
2021-10-16 15:07:23,0.3,5006005,0.5,504415,1,97492,2,110208,5,21193,10,4238,7,50,6,10,,,0,
2021-10-16 15:07:33,0.3,5031437,0.5,515012,1,97492,2,65701,5,2119,10,0,7,49,6,10,,,0,
2021-10-16 15:07:43,0.3,5010243,0.5,466266,1,84775,2,59342,5,4238,10,4238,7,48,6,10,,,0,
2021-10-16 15:07:53,0.3,5249735,0.5,455669,1,86895,2,52984,5,2119,10,0,7,47,6,10,,,0,
2021-10-16 15:08:03,0.3,5169198,0.5,506534,1,89014,2,61462,5,0,10,0,7,47,6,10,,,0,
2021-10-16 15:08:13,0.3,5186153,0.5,525609,1,101730,2,72059,5,8477,10,2119,7,48,6,10,,,0,
2021-10-16 15:08:23,0.3,6108089,0.5,597668,1,99611,2,72059,5,0,10,2119,7,49,6,10,,,0,
2021-10-16 15:08:33,0.3,5465913,0.5,570116,1,167432,2,163193,5,27552,10,10596,7,49,6,10,,,0,
2021-10-16 15:08:43,0.3,6105969,0.5,510773,1,131402,2,76298,5,4238,10,10596,6,50,6,10,,,0,
2021-10-16 15:08:53,0.3,6135641,0.5,508654,1,108089,2,80536,5,6358,10,12716,5,52,6,10,,,0,
2021-10-16 15:09:03,0.3,5243376,0.5,504415,1,101730,2,91133,5,27552,10,14835,5,52,6,10,,,0,
2021-10-16 15:09:13,0.3,5465913,0.5,570116,1,137760,2,190745,5,33910,10,4238,5,53,6,10,,,0,
2021-10-16 15:09:23,0.3,6069940,0.5,551042,1,127163,2,69939,5,8477,10,2119,4,54,6,10,,,0,
2021-10-16 15:09:33,0.3,6131402,0.5,557400,1,97492,2,84775,5,16955,10,6358,4,56,6,10,,,0,
2021-10-16 15:09:43,0.3,6256446,0.5,544683,1,141999,2,108089,5,31790,10,38149,4,57,6,10,,,0,
2021-10-16 15:09:53,0.3,6529848,0.5,542564,1,91133,2,118685,5,25432,10,55104,4,58,6,10,,,0,
2021-10-16 15:10:03,0.3,6811727,0.5,652772,1,103850,2,78417,5,4238,10,2119,4,59,6,10,,,0,
2021-10-16 15:10:13,0.3,6667608,0.5,578594,1,108089,2,78417,5,0,10,2119,4,60,6,10,,,0,
2021-10-16 15:10:23,0.3,6998233,0.5,606146,1,125044,2,74178,5,6358,10,0,3,62,6,10,,,0,
2021-10-16 15:10:33,0.3,6926174,0.5,582832,1,91133,2,82656,5,2119,10,0,3,63,6,10,,,0,
2021-10-16 15:10:43,0.3,6805369,0.5,614623,1,103850,2,67820,5,4238,10,0,3,64,6,10,,,0,
2021-10-16 15:10:53,0.3,7044860,0.5,661250,1,105969,2,82656,5,0,10,2119,3,64,6,10,,,0,
2021-10-16 15:11:03,0.3,7212292,0.5,635817,1,139879,2,120805,5,19074,10,31790,3,65,6,10,,,0,
2021-10-16 15:11:13,0.3,6883786,0.5,661250,1,97492,2,89014,5,10596,10,0,3,66,6,10,,,0,
2021-10-16 15:11:23,0.3,7180501,0.5,599788,1,84775,2,63581,5,2119,10,0,2,67,6,10,,,0,
2021-10-16 15:11:33,0.3,6926174,0.5,589191,1,103850,2,112327,5,6358,10,4238,2,68,6,10,,,0,
2021-10-16 15:11:43,0.3,6947368,0.5,593429,1,144118,2,67820,5,2119,10,2119,2,68,6,10,,,0,
2021-10-16 15:11:53,0.3,7396679,0.5,650653,1,93253,2,52984,5,8477,10,0,2,69,6,10,,,0,
2021-10-16 15:12:03,0.3,7513246,0.5,650653,1,110208,2,80536,5,2119,10,0,3,68,6,10,,,0,
2021-10-16 15:12:13,0.3,7475097,0.5,597668,1,114447,2,93253,5,4238,10,0,3,68,6,10,,,0,
2021-10-16 15:12:23,0.3,7051218,0.5,699399,1,144118,2,173790,5,10596,10,4238,3,67,6,10,,,0,
2021-10-16 15:12:33,0.3,6885906,0.5,648534,1,125044,2,99611,5,4238,10,8477,3,67,6,10,,,0,
2021-10-16 15:12:43,0.3,6697280,0.5,570116,1,118685,2,99611,5,4238,10,6358,3,68,6,10,,,0,
2021-10-16 15:12:53,0.3,6890144,0.5,667608,1,144118,2,80536,5,8477,10,4238,3,67,6,10,,,0,
2021-10-16 15:13:03,0.3,6947368,0.5,559519,1,101730,2,86895,5,4238,10,0,3,67,6,10,,,0,
2021-10-16 15:13:13,0.3,7155068,0.5,671847,1,105969,2,80536,5,2119,10,0,3,66,6,10,,,0,
2021-10-16 15:13:23,0.3,7203814,0.5,688802,1,95372,2,61462,5,0,10,0,3,66,6,10,,,0,
2021-10-16 15:13:33,0.3,7087248,0.5,657011,1,105969,2,93253,5,4238,10,0,3,66,6,10,,,0,
2021-10-16 15:13:43,0.3,7076651,0.5,625220,1,146238,2,82656,5,6358,10,4238,3,67,6,10,,,0,
2021-10-16 15:13:53,0.3,6890144,0.5,652772,1,78417,2,69939,5,12716,10,0,3,67,6,10,,,0,
2021-10-16 15:14:03,0.3,6845637,0.5,593429,1,105969,2,69939,5,14835,10,0,3,67,6,10,,,0,
2021-10-16 15:14:13,0.3,6652772,0.5,572235,1,95372,2,74178,5,2119,10,0,3,66,6,10,,,0,
2021-10-16 15:14:23,0.3,7038502,0.5,661250,1,110208,2,61462,5,4238,10,0,3,66,6,10,,,0,
2021-10-16 15:14:33,0.3,7246202,0.5,620981,1,127163,2,110208,5,6358,10,2119,3,66,6,10,,,0,
2021-10-16 15:14:43,0.3,6722712,0.5,597668,1,139879,2,133521,5,2119,10,0,3,66,6,10,,,0,
2021-10-16 15:14:53,0.3,6305192,0.5,616743,1,129282,2,108089,5,6358,10,0,3,66,6,10,,,0,
2021-10-16 15:15:03,0.3,6936771,0.5,616743,1,112327,2,74178,5,2119,10,0,3,66,6,10,,,0,
2021-10-16 15:15:13,0.3,7280113,0.5,640056,1,122924,2,110208,5,4238,10,2119,3,66,6,10,,,0,
2021-10-16 15:15:23,0.3,7019427,0.5,627340,1,120805,2,84775,5,2119,10,4238,3,67,6,10,,,0,
2021-10-16 15:15:33,0.3,6913458,0.5,676086,1,105969,2,84775,5,6358,10,2119,3,68,6,10,,,0,
2021-10-16 15:15:43,0.3,6938890,0.5,591310,1,118685,2,97492,5,6358,10,0,3,68,6,10,,,0,
2021-10-16 15:15:53,0.3,6964323,0.5,618862,1,89014,2,84775,5,6358,10,0,3,68,6,10,,,0,
2021-10-16 15:16:03,0.3,7074531,0.5,659131,1,93253,2,116566,5,6358,10,0,3,67,6,10,,,0,
2021-10-16 15:16:13,0.3,6731190,0.5,633698,1,122924,2,84775,5,2119,10,2119,3,67,6,10,,,0,
2021-10-16 15:16:23,0.3,6525609,0.5,633698,1,120805,2,89014,5,2119,10,2119,3,68,6,10,,,0,
2021-10-16 15:16:33,0.3,6485340,0.5,555280,1,118685,2,46626,5,8477,10,4238,3,68,6,10,,,0,
2021-10-16 15:16:43,0.3,6680325,0.5,616743,1,125044,2,103850,5,8477,10,2119,3,68,6,10,,,0,
2021-10-16 15:16:53,0.3,6712115,0.5,618862,1,101730,2,127163,5,12716,10,4238,2,69,6,10,,,0,
2021-10-16 15:17:03,0.3,6404804,0.5,612504,1,129282,2,120805,5,6358,10,2119,2,70,6,10,,,0,
2021-10-16 15:17:13,0.3,6432356,0.5,604026,1,95372,2,84775,5,6358,10,4238,2,70,6,10,,,0,
2021-10-16 15:17:23,0.3,6737548,0.5,601907,1,103850,2,165312,5,48746,10,25432,2,70,6,10,,,0,
2021-10-16 15:17:33,0.3,6515012,0.5,625220,1,173790,2,332744,5,146238,10,122924,2,70,6,10,,,0,
2021-10-16 15:17:43,0.3,6960084,0.5,623101,1,112327,2,120805,5,16955,10,10596,2,70,6,10,,,0,
2021-10-16 15:17:53,0.3,6508654,0.5,531967,1,95372,2,93253,5,10596,10,19074,2,70,6,10,,,0,
2021-10-16 15:18:03,0.3,6760861,0.5,637937,1,110208,2,108089,5,14835,10,4238,2,70,6,10,,,0,
2021-10-16 15:18:13,0.3,6748145,0.5,542564,1,99611,2,173790,5,36029,10,16955,2,70,6,10,,,0,
2021-10-16 15:18:23,0.3,6629459,0.5,529848,1,108089,2,108089,5,8477,10,6358,2,69,6,10,,,0,
2021-10-16 15:18:33,0.3,6307311,0.5,1044860,1,684563,2,1926527,5,254327,10,919816,3,69,6,10,,,0,
2021-10-16 15:18:43,0.3,6468385,0.5,3223595,1,3596608,2,23048392,5,375132,10,6358,3,71,6,10,,,0,
2021-10-16 15:18:53,0.3,6116566,0.5,534086,1,101730,2,133521,5,36029,10,8477,3,69,6,10,,,0,
2021-10-16 15:19:03,0.3,5824090,0.5,572235,1,146238,2,250088,5,65701,10,19074,3,68,6,10,,,0,
2021-10-16 15:19:13,0.3,6186506,0.5,531967,1,105969,2,97492,5,6358,10,8477,3,67,6,10,,,0,
2021-10-16 15:19:23,0.3,6093253,0.5,538325,1,95372,2,69939,5,2119,10,2119,3,66,6,10,,,0,
2021-10-16 15:19:33,0.3,5881314,0.5,502296,1,120805,2,72059,5,8477,10,2119,3,66,6,10,,,0,
2021-10-16 15:19:43,0.3,6241610,0.5,476863,1,82656,2,44507,5,12716,10,0,3,65,6,10,,,0,
2021-10-16 15:19:53,0.3,6211939,0.5,500176,1,122924,2,114447,5,10596,10,4238,3,65,6,10,,,0,
2021-10-16 15:20:03,0.3,6413281,0.5,582832,1,105969,2,76298,5,4238,10,0,3,66,6,10,,,0,
2021-10-16 15:20:13,0.3,7909572,0.5,508654,1,72059,2,67820,5,4238,10,0,3,67,6,10,,,0,
2021-10-16 15:20:23,0.3,7951960,0.5,540445,1,110208,2,78417,5,12716,10,0,3,67,6,10,,,0,
2021-10-16 15:20:33,0.3,6377251,0.5,515012,1,99611,2,63581,5,4238,10,0,3,67,6,10,,,0,
2021-10-16 15:20:43,0.3,6313670,0.5,589191,1,112327,2,78417,5,8477,10,0,3,66,6,10,,,0,
2021-10-16 15:20:53,0.3,7135994,0.5,500176,1,112327,2,91133,5,0,10,0,3,66,6,10,,,0,
2021-10-16 15:21:03,0.3,5603673,0.5,517131,1,114447,2,59342,5,4238,10,0,3,66,6,10,,,0,
2021-10-16 15:21:13,0.3,6148357,0.5,591310,1,122924,2,103850,5,12716,10,10596,3,66,6,10,,,0,
2021-10-16 15:21:23,0.3,6118686,0.5,534086,1,110208,2,89014,5,4238,10,4238,3,66,6,10,,,0,
2021-10-16 15:21:33,0.3,6326386,0.5,495937,1,97492,2,65701,5,6358,10,2119,3,66,6,10,,,0,
2021-10-16 15:21:43,0.3,6451430,0.5,597668,1,125044,2,69939,5,6358,10,14835,3,66,6,10,,,0,
2021-10-16 15:21:53,0.3,6442953,0.5,521370,1,108089,2,78417,5,0,10,4238,3,66,6,10,,,0,
2021-10-16 15:22:03,0.3,6008477,0.5,527728,1,112327,2,86895,5,4238,10,4238,3,67,6,10,,,0,
2021-10-16 15:22:13,0.3,5989403,0.5,487460,1,108089,2,84775,5,16955,10,6358,3,67,6,10,,,0,
2021-10-16 15:22:23,0.3,6252207,0.5,580713,1,110208,2,95372,5,33910,10,76298,3,68,6,10,,,0,
2021-10-16 15:22:33,0.3,5919463,0.5,536206,1,112327,2,108089,5,4238,10,12716,3,70,6,10,,,0,
2021-10-16 15:22:43,0.3,5794418,0.5,576474,1,133521,2,192864,5,59342,10,105969,3,69,6,10,,,0,
2021-10-16 15:22:53,0.3,6442953,0.5,1013069,1,481102,2,544683,5,29671,10,50865,4,68,6,10,,,0,
2021-10-16 15:23:03,0.3,5493465,0.5,485340,1,103850,2,69939,5,2119,10,4238,4,67,6,10,,,0,
2021-10-16 15:23:13,0.3,5963970,0.5,546803,1,101730,2,48746,5,4238,10,2119,4,67,6,10,,,0,
2021-10-16 15:23:23,0.3,5768986,0.5,504415,1,99611,2,69939,5,8477,10,12716,4,67,6,10,,,0,
2021-10-16 15:23:33,0.3,5762628,0.5,517131,1,110208,2,80536,5,4238,10,4238,4,66,6,10,,,0,
2021-10-16 15:23:43,0.3,5722359,0.5,508654,1,110208,2,57223,5,4238,10,2119,4,66,6,10,,,0,
2021-10-16 15:23:53,0.3,5843165,0.5,644295,1,207700,2,604026,5,14835,10,2119,4,67,6,10,,,0,
2021-10-16 15:24:03,0.3,5590957,0.5,457788,1,103850,2,72059,5,8477,10,0,4,66,6,10,,,0,
2021-10-16 15:24:13,0.3,5798657,0.5,466266,1,105969,2,163193,5,31790,10,12716,4,66,6,10,,,0,
2021-10-16 15:24:23,0.3,5953373,0.5,557400,1,103850,2,180148,5,14835,10,12716,4,66,6,10,,,0,
2021-10-16 15:24:33,0.3,6167432,0.5,521370,1,114447,2,82656,5,10596,10,16955,4,66,6,10,,,0,
2021-10-16 15:24:43,0.3,6267043,0.5,538325,1,99611,2,63581,5,4238,10,0,4,66,6,10,,,0,
2021-10-16 15:24:53,0.3,5474390,0.5,551042,1,114447,2,63581,5,6358,10,0,4,66,6,10,,,0,
2021-10-16 15:25:03,0.3,6046626,0.5,843518,1,362416,2,794772,5,6358,10,2119,4,66,6,10,,,0,
2021-10-16 15:25:13,0.3,5741434,0.5,572235,1,103850,2,156835,5,36029,10,23313,4,66,6,10,,,0,
2021-10-16 15:25:23,0.3,5737195,0.5,515012,1,163193,2,216178,5,82656,10,23313,4,66,6,10,,,0,
2021-10-16 15:25:33,0.3,5883433,0.5,629459,1,207700,2,406923,5,148357,10,29671,4,66,6,10,,,0,
2021-10-16 15:25:43,0.3,6148357,0.5,597668,1,125044,2,122924,5,31790,10,12716,4,65,6,10,,,0,
2021-10-16 15:25:53,0.3,6269162,0.5,563758,1,156835,2,116566,5,14835,10,6358,4,65,6,10,,,0,
2021-10-16 15:26:03,0.3,6404804,0.5,597668,1,127163,2,112327,5,4238,10,6358,4,65,6,10,,,0,
2021-10-16 15:26:13,0.3,6614623,0.5,546803,1,99611,2,55104,5,2119,10,0,4,66,6,10,,,0,
2021-10-16 15:26:23,0.3,7030024,0.5,767220,1,235252,2,303073,5,50865,10,8477,4,67,6,10,,,0,
2021-10-16 15:26:33,0.3,6743906,0.5,567997,1,150476,2,78417,5,6358,10,2119,4,68,6,10,,,0,
2021-10-16 15:26:43,0.3,6741787,0.5,805369,1,362416,2,504415,5,36029,10,4238,4,69,6,10,,,0,
2021-10-16 15:26:53,0.3,6824443,0.5,752384,1,275521,2,722712,5,510773,10,1388202,3,69,6,10,,,0,
2021-10-16 15:27:03,0.3,5720240,0.5,565877,1,95372,2,84775,5,6358,10,6358,4,69,6,10,,,0,
2021-10-16 15:27:13,0.3,6086895,0.5,565877,1,86895,2,76298,5,2119,10,0,4,68,6,10,,,0,
2021-10-16 15:27:23,0.3,6194984,0.5,627340,1,108089,2,55104,5,4238,10,2119,3,69,6,10,,,0,
2021-10-16 15:27:33,0.3,6491699,0.5,565877,1,91133,2,74178,5,0,10,2119,3,70,6,10,,,0,
2021-10-16 15:27:43,0.3,6510773,0.5,574355,1,80536,2,78417,5,4238,10,0,3,71,6,10,,,0,
2021-10-16 15:27:53,0.3,6527728,0.5,570116,1,125044,2,110208,5,10596,10,8477,3,71,6,10,,,0,
2021-10-16 15:28:03,0.3,6527728,0.5,635817,1,186506,2,190745,5,2119,10,4238,3,71,6,10,,,0,
2021-10-16 15:28:13,0.3,6315789,0.5,599788,1,118685,2,76298,5,14835,10,8477,3,71,6,10,,,0,
2021-10-16 15:28:23,0.3,6135641,0.5,631578,1,267043,2,538325,5,2119,10,2119,3,71,6,10,,,0,
2021-10-16 15:28:33,0.3,6279759,0.5,517131,1,97492,2,78417,5,0,10,0,3,70,6,10,,,0,
2021-10-16 15:28:43,0.3,6746026,0.5,608265,1,89014,2,82656,5,2119,10,0,3,69,6,10,,,0,
2021-10-16 15:28:53,0.3,6462027,0.5,631578,1,103850,2,46626,5,0,10,0,3,69,6,10,,,0,
2021-10-16 15:29:03,0.3,6097492,0.5,540445,1,97492,2,72059,5,10596,10,2119,3,69,6,10,,,0,
2021-10-16 15:29:13,0.3,6767220,0.5,620981,1,95372,2,74178,5,4238,10,0,3,70,6,10,,,0,
2021-10-16 15:29:23,0.3,6534086,0.5,519251,1,57223,2,52984,5,0,10,0,2,71,6,10,,,0,
2021-10-16 15:29:33,0.3,8632285,0.5,718474,1,93253,2,42387,5,0,10,0,2,72,6,10,,,0,
2021-10-16 15:29:43,0.3,8564465,0.5,648534,1,93253,2,42387,5,0,10,0,2,72,6,10,,,0,
2021-10-16 15:29:53,0.3,9208760,0.5,701518,1,110208,2,69939,5,0,10,0,2,71,6,10,,,0,
2021-10-16 15:30:03,0.3,9073119,0.5,644295,1,105969,2,38149,5,0,10,0,2,71,6,10,,,0,
2021-10-16 15:30:13,0.3,8594136,0.5,578594,1,97492,2,63581,5,2119,10,0,2,70,6,10,,,0,
2021-10-16 15:30:23,0.3,6370893,0.5,430236,1,69939,2,57223,5,0,10,0,2,69,6,10,,,0,
2021-10-16 15:30:33,0.3,4255740,0.5,379371,1,95372,2,55104,5,0,10,0,2,66,6,10,,,0,
2021-10-16 15:30:43,0.3,4465559,0.5,368774,1,57223,2,38149,5,0,10,0,1,65,6,10,,,0,
2021-10-16 15:30:53,0.3,4361709,0.5,336983,1,76298,2,48746,5,0,10,0,1,65,6,10,,,0,
2021-10-16 15:31:03,0.3,3910279,0.5,360296,1,103850,2,50865,5,8477,10,0,1,64,6,10,,,0,
2021-10-16 15:31:13,0.3,2659837,0.5,237371,1,63581,2,29671,5,0,10,0,1,60,6,10,,,0,
2021-10-16 15:31:23,0.3,2172377,0.5,194984,1,78417,2,36029,5,0,10,0,2,56,6,10,,,0,
2021-10-16 15:31:33,0.3,2002825,0.5,182267,1,55104,2,46626,5,0,10,0,2,53,6,10,,,0,
2021-10-16 15:31:43,0.3,2189332,0.5,203461,1,48746,2,48746,5,0,10,2119,2,51,6,10,,,0,
2021-10-16 15:31:53,0.3,2394913,0.5,241610,1,63581,2,38149,5,6358,10,2119,2,49,6,10,,,0,
2021-10-16 15:32:03,0.3,2727658,0.5,264924,1,72059,2,25432,5,0,10,0,2,49,6,10,,,0,
2021-10-16 15:32:13,0.3,3145178,0.5,324267,1,76298,2,44507,5,0,10,0,2,47,6,10,,,0,
2021-10-16 15:32:23,0.3,2975627,0.5,341222,1,93253,2,63581,5,0,10,0,3,44,6,10,,,0,
2021-10-16 15:32:33,0.3,2509360,0.5,260685,1,67820,2,40268,5,0,10,0,3,42,6,10,,,0,
2021-10-16 15:32:43,0.3,2572942,0.5,294595,1,112327,2,55104,5,0,10,0,3,40,6,10,,,0,
2021-10-16 15:32:53,0.3,2047333,0.5,252207,1,101730,2,40268,5,0,10,0,3,40,6,10,,,0,
2021-10-16 15:33:03,0.3,1411515,0.5,158954,1,42387,2,44507,5,2119,10,0,3,42,6,10,,,0,
2021-10-16 15:33:13,0.3,1267396,0.5,146238,1,59342,2,27552,5,0,10,0,3,43,6,10,,,0,
2021-10-16 15:33:23,0.3,1417873,0.5,205581,1,80536,2,48746,5,0,10,0,2,42,6,10,,,0,
2021-10-16 15:33:33,0.3,1559872,0.5,309431,1,103850,2,84775,5,2119,10,0,2,40,6,10,,,0,
2021-10-16 15:33:43,0.3,1735782,0.5,389968,1,148357,2,78417,5,0,10,0,2,38,6,10,,,0,
2021-10-16 15:33:53,0.3,1790886,0.5,332744,1,175909,2,59342,5,0,10,0,2,36,6,10,,,0,
2021-10-16 15:34:03,0.3,1941363,0.5,347580,1,165312,2,67820,5,0,10,0,1,35,6,10,,,0,
2021-10-16 15:34:13,0.3,2403391,0.5,578594,1,222536,2,131402,5,0,10,0,1,33,6,10,,,0,
2021-10-16 15:34:23,0.3,5663016,0.5,1509007,1,756623,2,396326,5,0,10,0,1,26,6,10,,,0,
2021-10-16 15:34:33,0.3,4931826,0.5,1513246,1,671847,2,286117,5,0,10,0,1,22,6,10,,,0,
2021-10-16 15:34:43,0.3,4215471,0.5,1163546,1,498057,2,258565,5,2119,10,0,1,22,6,10,,,0,
2021-10-16 15:34:53,0.3,1333097,0.5,320028,1,125044,2,78417,5,2119,10,0,0,25,6,10,,,0,
2021-10-16 15:35:03,0.3,1297068,0.5,360296,1,141999,2,101730,5,2119,10,0,0,28,6,10,,,0,
2021-10-16 15:35:13,0.3,1273754,0.5,353938,1,146238,2,89014,5,2119,10,0,-1,32,6,10,,,0,
2021-10-16 15:35:23,0.3,892264,0.5,228894,1,72059,2,38149,5,0,10,0,-1,33,6,10,,,0,
2021-10-16 15:35:33,0.3,716354,0.5,188625,1,84775,2,55104,5,2119,10,0,-1,31,6,10,,,0,
2021-10-16 15:35:43,0.3,746026,0.5,197103,1,82656,2,31790,5,0,10,0,-2,28,6,10,,,0,
2021-10-16 15:35:53,0.3,733309,0.5,156835,1,61462,2,48746,5,0,10,0,-2,26,6,10,,,0,
2021-10-16 15:36:03,0.3,591310,0.5,144118,1,59342,2,48746,5,0,10,0,-2,26,6,10,,,0,
2021-10-16 15:36:13,0.3,646414,0.5,156835,1,44507,2,46626,5,0,10,0,-2,26,6,10,,,0,
2021-10-16 15:36:23,0.3,459908,0.5,131402,1,29671,2,2119,5,0,10,0,-2,27,6,10,,,0,
2021-10-16 15:36:33,0.3,459908,0.5,89014,1,16955,2,6358,5,0,10,0,-3,26,6,10,,,0,
2021-10-16 15:36:43,0.3,389968,0.5,93253,1,27552,2,4238,5,0,10,0,-3,25,6,10,,,0,
2021-10-16 15:36:53,0.3,409042,0.5,65701,1,10596,2,4238,5,0,10,2119,-3,23,6,10,,,0,
2021-10-16 15:37:03,0.3,451430,0.5,69939,1,19074,2,10596,5,0,10,0,-4,21,6,10,,,0,
2021-10-16 15:37:13,0.3,519251,0.5,91133,1,21193,2,10596,5,0,10,0,-4,19,6,10,,,0,
2021-10-16 15:37:23,0.3,599788,0.5,101730,1,25432,2,10596,5,0,10,0,-4,18,6,10,,,0,
2021-10-16 15:37:33,0.3,847756,0.5,122924,1,46626,2,29671,5,0,10,0,-4,16,6,10,,,0,
2021-10-16 15:37:43,0.3,879547,0.5,133521,1,52984,2,25432,5,0,10,0,-4,15,6,10,,,0,
2021-10-16 15:37:53,0.3,1008830,0.5,148357,1,55104,2,29671,5,0,10,0,-5,14,6,10,,,0,
2021-10-16 15:38:03,0.3,909219,0.5,171670,1,50865,2,16955,5,0,10,0,-5,13,6,10,,,0,
2021-10-16 15:38:13,0.3,962204,0.5,141999,1,48746,2,21193,5,0,10,0,-6,13,6,10,,,0,
2021-10-16 15:38:23,0.3,841398,0.5,167432,1,48746,2,21193,5,0,10,0,-6,13,6,10,,,0,
2021-10-16 15:38:33,0.3,835040,0.5,148357,1,52984,2,21193,5,0,10,0,-7,12,6,10,,,0,
2021-10-16 15:38:43,0.3,790533,0.5,118685,1,46626,2,6358,5,2119,10,0,-7,12,6,10,,,0,
2021-10-16 15:38:53,0.3,815966,0.5,133521,1,44507,2,8477,5,0,10,0,-8,12,6,10,,,0,
2021-10-16 15:39:03,0.3,820204,0.5,129282,1,40268,2,12716,5,0,10,0,-8,12,6,10,,,0,
2021-10-16 15:39:13,0.3,758742,0.5,116566,1,31790,2,23313,5,0,10,0,-9,13,6,10,,,0,
2021-10-16 15:39:23,0.3,733309,0.5,103850,1,29671,2,8477,5,0,10,0,-10,13,6,10,,,0,
2021-10-16 15:39:33,0.3,835040,0.5,118685,1,40268,2,14835,5,0,10,0,-10,13,6,10,,,0,
2021-10-16 15:39:43,0.3,779936,0.5,118685,1,38149,2,16955,5,0,10,0,-10,13,6,10,,,0,
2021-10-16 15:39:53,0.3,851995,0.5,125044,1,16955,2,10596,5,0,10,0,-11,14,6,10,,,0,
2021-10-16 15:40:03,0.3,771458,0.5,97492,1,33910,2,8477,5,0,10,0,-12,14,6,10,,,0,
2021-10-16 15:40:13,0.3,654892,0.5,78417,1,16955,2,6358,5,0,10,0,-12,14,6,10,,,0,
2021-10-16 15:40:23,0.3,642175,0.5,112327,1,8477,2,10596,5,0,10,0,-13,14,6,10,,,0,
2021-10-16 15:40:33,0.3,693041,0.5,76298,1,14835,2,8477,5,0,10,0,-13,14,6,10,,,0,
2021-10-16 15:40:43,0.3,523489,0.5,65701,1,10596,2,2119,5,0,10,0,-14,14,6,10,,,0,
2021-10-16 15:40:53,0.3,498057,0.5,74178,1,4238,2,2119,5,0,10,0,-14,14,6,10,,,0,
2021-10-16 15:41:03,0.3,540445,0.5,74178,1,27552,2,8477,5,0,10,0,-15,13,6,10,,,0,
2021-10-16 15:41:13,0.3,587071,0.5,65701,1,21193,2,4238,5,0,10,0,-14,13,6,10,,,0,
2021-10-16 15:41:23,0.3,324267,0.5,57223,1,8477,2,2119,5,0,10,0,-15,14,6,10,,,0,
2021-10-16 15:41:33,0.3,273401,0.5,61462,1,8477,2,2119,5,0,10,0,-16,16,6,10,,,0,
2021-10-16 15:41:43,0.3,209819,0.5,50865,1,2119,2,0,5,0,10,0,-16,18,6,10,,,0,
2021-10-16 15:41:53,0.3,309431,0.5,57223,1,12716,2,0,5,0,10,0,-17,19,6,10,,,0,
2021-10-16 15:42:03,0.3,353938,0.5,36029,1,21193,2,0,5,0,10,0,-18,20,6,10,,,0,
2021-10-16 15:42:13,0.3,250088,0.5,63581,1,4238,2,0,5,0,10,0,-18,20,6,10,,,0,
2021-10-16 15:42:23,0.3,146238,0.5,69939,1,2119,2,0,5,0,10,0,-18,22,6,10,,,0,
2021-10-16 15:42:33,0.3,156835,0.5,63581,1,10596,2,2119,5,0,10,0,-18,23,6,10,,,0,
2021-10-16 15:42:43,0.3,163193,0.5,33910,1,2119,2,0,5,0,10,0,-18,23,6,10,,,0,
2021-10-16 15:42:53,0.3,103850,0.5,57223,1,4238,2,0,5,0,10,0,-18,23,6,10,,,0,
2021-10-16 15:43:03,0.3,192864,0.5,89014,1,8477,2,2119,5,0,10,0,-18,23,6,10,,,0,
2021-10-16 15:43:13,0.3,279759,0.5,80536,1,27552,2,0,5,0,10,0,-18,23,6,10,,,0,
2021-10-16 15:43:23,0.3,264924,0.5,57223,1,0,2,0,5,0,10,0,-18,23,6,10,,,0,
2021-10-16 15:43:33,0.3,275521,0.5,61462,1,8477,2,0,5,0,10,0,-18,23,6,10,,,0,
2021-10-16 15:43:43,0.3,283998,0.5,63581,1,14835,2,4238,5,0,10,0,-18,23,6,10,,,0,
2021-10-16 15:43:53,0.3,313670,0.5,69939,1,8477,2,2119,5,0,10,0,-18,23,6,10,,,0,
2021-10-16 15:44:03,0.3,275521,0.5,57223,1,14835,2,2119,5,0,10,0,-18,23,6,10,,,0,
2021-10-16 15:44:13,0.3,303073,0.5,46626,1,8477,2,0,5,0,10,0,-18,23,6,10,,,0,
2021-10-16 15:44:23,0.3,315789,0.5,65701,1,14835,2,2119,5,0,10,0,-18,23,6,10,,,0,
2021-10-16 15:44:33,0.3,294595,0.5,93253,1,14835,2,0,5,0,10,0,-18,24,6,10,,,0,
2021-10-16 15:44:43,0.3,328505,0.5,84775,1,14835,2,2119,5,0,10,0,-18,24,6,10,,,0,
2021-10-16 15:44:53,0.3,309431,0.5,95372,1,6358,2,2119,5,0,10,0,-18,24,6,10,,,0,
2021-10-16 15:45:03,0.3,343341,0.5,63581,1,8477,2,0,5,0,10,0,-18,24,6,10,,,0,
2021-10-16 15:45:13,0.3,275521,0.5,82656,1,6358,2,0,5,0,10,0,-18,24,6,10,,,0,
2021-10-16 15:45:23,0.3,231013,0.5,55104,1,14835,2,2119,5,0,10,0,-18,24,6,10,,,0,
2021-10-16 15:45:33,0.3,235252,0.5,38149,1,4238,2,2119,5,0,10,0,-18,24,6,10,,,0,
2021-10-16 15:45:43,0.3,222536,0.5,69939,1,2119,2,2119,5,0,10,0,-18,24,6,10,,,0,
2021-10-16 15:45:53,0.3,214058,0.5,44507,1,4238,2,2119,5,0,10,0,-18,24,6,10,,,0,
2021-10-16 15:46:03,0.3,205581,0.5,44507,1,10596,2,4238,5,0,10,0,-18,24,6,10,,,0,
2021-10-16 15:46:13,0.3,258565,0.5,50865,1,6358,2,0,5,0,10,0,-18,24,6,10,,,0,
2021-10-16 15:46:23,0.3,294595,0.5,42387,1,6358,2,0,5,0,10,0,-18,23,6,10,,,0,
2021-10-16 15:46:33,0.3,307311,0.5,33910,1,4238,2,0,5,0,10,0,-18,23,6,10,,,0,
2021-10-16 15:46:43,0.3,358177,0.5,38149,1,2119,2,2119,5,0,10,0,-18,23,6,10,,,0,
2021-10-16 15:46:53,0.3,358177,0.5,42387,1,0,2,0,5,0,10,0,-18,22,6,10,,,0,
2021-10-16 15:47:03,0.3,449311,0.5,55104,1,0,2,0,5,0,10,0,-18,22,6,10,,,0,
2021-10-16 15:47:13,0.3,351819,0.5,40268,1,6358,2,2119,5,0,10,0,-18,22,6,10,,,0,
2021-10-16 15:47:23,0.3,256446,0.5,27552,1,0,2,0,5,0,10,0,-18,21,6,10,,,0,
2021-10-16 15:47:33,0.3,226774,0.5,46626,1,4238,2,0,5,0,10,0,-18,21,6,10,,,0,
2021-10-16 15:47:43,0.3,260685,0.5,50865,1,4238,2,0,5,0,10,0,-18,21,6,10,,,0,
2021-10-16 15:47:53,0.3,250088,0.5,27552,1,10596,2,0,5,0,10,0,-18,21,6,10,,,0,
2021-10-16 15:48:03,0.3,199222,0.5,38149,1,2119,2,2119,5,0,10,0,-18,21,6,10,,,0,
2021-10-16 15:48:13,0.3,216178,0.5,50865,1,4238,2,0,5,0,10,0,-18,21,6,10,,,0,
2021-10-16 15:48:23,0.3,180148,0.5,29671,1,4238,2,0,5,0,10,0,-18,21,6,10,,,0,
2021-10-16 15:48:33,0.3,158954,0.5,23313,1,4238,2,0,5,0,10,0,-18,22,6,10,,,0,
2021-10-16 15:48:43,0.3,180148,0.5,36029,1,4238,2,0,5,0,10,0,-18,22,6,10,,,0,
2021-10-16 15:48:53,0.3,237371,0.5,42387,1,0,2,0,5,0,10,0,-18,22,6,10,,,0,
2021-10-16 15:49:03,0.3,243730,0.5,33910,1,2119,2,0,5,0,10,0,-18,22,6,10,,,0,
2021-10-16 15:49:13,0.3,256446,0.5,52984,1,4238,2,0,5,0,10,0,-18,22,6,10,,,0,
2021-10-16 15:49:23,0.3,307311,0.5,59342,1,16955,2,0,5,0,10,0,-18,22,6,10,,,0,
2021-10-16 15:49:33,0.3,307311,0.5,65701,1,2119,2,0,5,0,10,0,-18,22,6,10,,,0,
2021-10-16 15:49:43,0.3,311550,0.5,84775,1,12716,2,4238,5,0,10,0,-18,21,6,10,,,0,
2021-10-16 15:49:53,0.3,311550,0.5,55104,1,4238,2,0,5,0,10,0,-18,21,6,10,,,0,
2021-10-16 15:50:03,0.3,294595,0.5,48746,1,6358,2,0,5,0,10,0,-18,21,6,10,,,0,
2021-10-16 15:50:13,0.3,281879,0.5,65701,1,0,2,0,5,0,10,0,-18,21,6,10,,,0,
2021-10-16 15:50:23,0.3,279759,0.5,44507,1,4238,2,0,5,0,10,0,-18,21,6,10,,,0,
2021-10-16 15:50:33,0.3,271282,0.5,33910,1,4238,2,0,5,0,10,0,-18,20,6,10,,,0,
2021-10-16 15:50:43,0.3,131402,0.5,50865,1,2119,2,0,5,0,10,0,-18,20,6,10,,,0,
2021-10-16 15:50:53,0.3,103850,0.5,31790,1,2119,2,0,5,0,10,0,-18,20,6,10,,,0,
2021-10-16 15:51:03,0.3,78417,0.5,23313,1,8477,2,0,5,0,10,0,-18,20,6,10,,,0,
2021-10-16 15:51:13,0.3,91133,0.5,31790,1,0,2,0,5,0,10,0,-18,20,6,10,,,0,
2021-10-16 15:51:23,0.3,57223,0.5,19074,1,6358,2,0,5,0,10,0,-18,20,6,10,,,0,
2021-10-16 15:51:33,0.3,86895,0.5,40268,1,4238,2,0,5,0,10,0,-18,20,6,10,,,0,
2021-10-16 15:51:43,0.3,82656,0.5,19074,1,4238,2,0,5,0,10,0,-18,21,6,10,,,0,
2021-10-16 15:51:53,0.3,108089,0.5,31790,1,2119,2,0,5,0,10,0,-18,20,6,10,,,0,
2021-10-16 15:52:03,0.3,156835,0.5,19074,1,8477,2,0,5,0,10,0,-18,20,6,10,,,0,
2021-10-16 15:52:13,0.3,133521,0.5,44507,1,4238,2,0,5,0,10,0,-18,20,6,10,,,0,
2021-10-16 15:52:23,0.3,139879,0.5,36029,1,6358,2,0,5,0,10,0,-18,20,6,10,,,0,
2021-10-16 15:52:33,0.3,148357,0.5,29671,1,2119,2,0,5,0,10,0,-18,20,6,10,,,0,
2021-10-16 15:52:43,0.3,171670,0.5,29671,1,2119,2,0,5,0,10,0,-18,20,6,10,,,0,
2021-10-16 15:52:53,0.3,161073,0.5,42387,1,6358,2,0,5,0,10,0,-18,20,6,10,,,0,
2021-10-16 15:53:03,0.3,203461,0.5,36029,1,2119,2,0,5,0,10,0,-18,20,6,10,,,0,
2021-10-16 15:53:13,0.3,252207,0.5,36029,1,2119,2,0,5,0,10,0,-18,20,6,10,,,0,
2021-10-16 15:53:23,0.3,262804,0.5,36029,1,0,2,0,5,0,10,0,-18,20,6,10,,,0,
2021-10-16 15:53:33,0.3,368774,0.5,72059,1,2119,2,2119,5,0,10,0,-18,20,6,10,,,0,
2021-10-16 15:53:43,0.3,373013,0.5,52984,1,6358,2,2119,5,0,10,0,-18,20,6,10,,,0,
2021-10-16 15:53:53,0.3,396326,0.5,55104,1,2119,2,0,5,0,10,0,-18,20,6,10,,,0,
2021-10-16 15:54:03,0.3,366654,0.5,57223,1,8477,2,2119,5,0,10,0,-18,19,6,10,,,0,
2021-10-16 15:54:13,0.3,400565,0.5,82656,1,2119,2,0,5,0,10,0,-18,19,6,10,,,0,
2021-10-16 15:54:23,0.3,254327,0.5,67820,1,8477,2,0,5,0,10,0,-18,20,6,10,,,0,
2021-10-16 15:54:33,0.3,275521,0.5,52984,1,6358,2,0,5,0,10,0,-18,20,6,10,,,0,
2021-10-16 15:54:43,0.3,216178,0.5,46626,1,8477,2,2119,5,0,10,0,-18,19,6,10,,,0,
2021-10-16 15:54:53,0.3,258565,0.5,31790,1,4238,2,0,5,0,10,0,-18,19,6,10,,,0,
2021-10-16 15:55:03,0.3,252207,0.5,42387,1,4238,2,0,5,0,10,0,-18,19,6,10,,,0,
2021-10-16 15:55:13,0.3,349699,0.5,65701,1,6358,2,2119,5,0,10,0,-18,19,6,10,,,0,
2021-10-16 15:55:23,0.3,313670,0.5,36029,1,4238,2,0,5,0,10,0,-18,19,6,10,,,0,
2021-10-16 15:55:33,0.3,283998,0.5,36029,1,0,2,0,5,0,10,0,-18,19,6,10,,,0,
2021-10-16 15:55:43,0.3,400565,0.5,40268,1,6358,2,0,5,0,10,0,-18,19,6,10,,,0,
2021-10-16 15:55:53,0.3,580713,0.5,63581,1,2119,2,0,5,0,10,0,-18,19,6,10,,,0,
2021-10-16 15:56:03,0.3,470505,0.5,33910,1,6358,2,0,5,0,10,0,-18,19,6,10,,,0,
2021-10-16 15:56:13,0.3,517131,0.5,59342,1,2119,2,0,5,0,10,0,-18,19,6,10,,,0,
2021-10-16 15:56:23,0.3,548922,0.5,76298,1,4238,2,0,5,0,10,0,-18,19,6,10,,,0,
2021-10-16 15:56:33,0.3,631578,0.5,82656,1,8477,2,0,5,0,10,0,-18,19,6,10,,,0,
2021-10-16 15:56:43,0.3,801130,0.5,120805,1,6358,2,2119,5,0,10,0,-18,19,6,10,,,0,
2021-10-16 15:56:53,0.3,851995,0.5,175909,1,12716,2,0,5,0,10,0,-18,19,6,10,,,0,
2021-10-16 15:57:03,0.3,932532,0.5,110208,1,6358,2,0,5,0,10,0,-18,19,6,10,,,0,
2021-10-16 15:57:13,0.3,843518,0.5,93253,1,4238,2,0,5,0,10,0,-18,19,6,10,,,0,
2021-10-16 15:57:23,0.3,868950,0.5,105969,1,12716,2,0,5,0,10,0,-18,19,6,10,,,0,
2021-10-16 15:57:33,0.3,926174,0.5,110208,1,4238,2,2119,5,0,10,0,-18,18,6,10,,,0,
2021-10-16 15:57:43,0.3,754503,0.5,89014,1,4238,2,2119,5,0,10,0,-18,18,6,10,,,0,
2021-10-16 15:57:53,0.3,741787,0.5,63581,1,8477,2,0,5,0,10,0,-18,18,6,10,,,0,
2021-10-16 15:58:03,0.3,676086,0.5,74178,1,0,2,0,5,0,10,0,-18,18,6,10,,,0,
2021-10-16 15:58:13,0.3,673966,0.5,52984,1,12716,2,2119,5,0,10,0,-18,18,6,10,,,0,
2021-10-16 15:58:23,0.3,750264,0.5,112327,1,0,2,2119,5,0,10,0,-18,18,6,10,,,0,
2021-10-16 15:58:33,0.3,907099,0.5,99611,1,6358,2,0,5,0,10,0,-18,18,6,10,,,0,
2021-10-16 15:58:43,0.3,907099,0.5,74178,1,4238,2,2119,5,0,10,0,-18,18,6,10,,,0,
2021-10-16 15:58:53,0.3,709996,0.5,67820,1,2119,2,0,5,0,10,0,-18,18,6,10,,,0,
2021-10-16 15:59:03,0.3,673966,0.5,67820,1,8477,2,0,5,0,10,0,-18,18,6,10,,,0,
2021-10-16 15:59:13,0.3,722712,0.5,72059,1,6358,2,2119,5,0,10,0,-18,18,6,10,,,0,
2021-10-16 15:59:23,0.3,801130,0.5,82656,1,6358,2,0,5,0,10,0,-18,17,6,10,,,0,
2021-10-16 15:59:33,0.3,928293,0.5,95372,1,4238,2,0,5,0,10,0,-18,17,6,10,,,0,
2021-10-16 15:59:43,0.3,987636,0.5,89014,1,4238,2,0,5,0,10,0,-18,17,6,10,,,0,
2021-10-16 15:59:53,0.3,881667,0.5,74178,1,4238,2,0,5,2119,10,0,-18,17,6,10,,,0,
2021-10-16 16:00:03,0.3,962204,0.5,84775,1,8477,2,0,5,0,10,0,-18,17,6,10,,,0,
2021-10-16 16:00:13,0.3,777817,0.5,72059,1,6358,2,2119,5,0,10,0,-18,17,6,10,,,0,
2021-10-16 16:00:23,0.3,813846,0.5,63581,1,4238,2,0,5,0,10,0,-18,17,6,10,,,0,
2021-10-16 16:00:33,0.3,788413,0.5,78417,1,6358,2,4238,5,0,10,0,-18,17,6,10,,,0,
2021-10-16 16:00:43,0.3,953726,0.5,65701,1,4238,2,0,5,0,10,0,-18,17,6,10,,,0,
2021-10-16 16:00:53,0.3,750264,0.5,52984,1,2119,2,0,5,0,10,0,-18,17,6,10,,,0,
2021-10-16 16:01:03,0.3,635817,0.5,59342,1,2119,2,0,5,0,10,0,-18,16,6,10,,,0,
2021-10-16 16:01:13,0.3,620981,0.5,50865,1,6358,2,0,5,0,10,0,-18,16,6,10,,,0,
2021-10-16 16:01:23,0.3,650653,0.5,72059,1,4238,2,4238,5,0,10,0,-18,16,6,10,,,0,
2021-10-16 16:01:33,0.3,544683,0.5,67820,1,4238,2,0,5,0,10,0,-18,16,6,10,,,0,
2021-10-16 16:01:43,0.3,464146,0.5,55104,1,2119,2,0,5,0,10,0,-18,16,6,10,,,0,
2021-10-16 16:01:53,0.3,515012,0.5,48746,1,2119,2,0,5,0,10,0,-18,16,6,10,,,0,
2021-10-16 16:02:03,0.3,815966,0.5,80536,1,2119,2,2119,5,0,10,0,-18,16,6,10,,,0,
2021-10-16 16:02:13,0.3,1021547,0.5,65701,1,2119,2,0,5,0,10,0,-18,15,6,10,,,0,
2021-10-16 16:02:23,0.3,1106322,0.5,97492,1,2119,2,0,5,0,10,0,-18,15,6,10,,,0,
2021-10-16 16:02:33,0.3,1049099,0.5,86895,1,6358,2,0,5,0,10,0,-18,15,6,10,,,0,
2021-10-16 16:02:43,0.3,1032144,0.5,80536,1,0,2,0,5,0,10,0,-18,15,6,10,,,0,
2021-10-16 16:02:53,0.3,1030024,0.5,61462,1,2119,2,0,5,0,10,0,-18,15,6,10,,,0,
2021-10-16 16:03:03,0.3,1013069,0.5,97492,1,4238,2,2119,5,0,10,0,-18,15,6,10,,,0,
2021-10-16 16:03:13,0.3,1099964,0.5,110208,1,2119,2,0,5,0,10,0,-18,15,6,10,,,0,
2021-10-16 16:03:23,0.3,1112681,0.5,67820,1,2119,2,0,5,0,10,0,-18,14,6,10,,,0,
2021-10-16 16:03:33,0.3,1180501,0.5,76298,1,0,2,0,5,0,10,0,-18,14,6,10,,,0,
2021-10-16 16:03:43,0.3,1273754,0.5,80536,1,4238,2,0,5,0,10,0,-18,14,6,10,,,0,
2021-10-16 16:03:53,0.3,1220770,0.5,91133,1,0,2,0,5,0,10,0,-18,14,6,10,,,0,
2021-10-16 16:04:03,0.3,1169904,0.5,89014,1,2119,2,0,5,0,10,0,-18,14,6,10,,,0,
2021-10-16 16:04:13,0.3,1019427,0.5,84775,1,4238,2,0,5,0,10,0,-18,14,6,10,,,0,
2021-10-16 16:04:23,0.3,972801,0.5,78417,1,4238,2,0,5,0,10,0,-18,14,6,10,,,0,
2021-10-16 16:04:33,0.3,977039,0.5,76298,1,4238,2,0,5,0,10,0,-18,14,6,10,,,0,
2021-10-16 16:04:43,0.3,987636,0.5,78417,1,2119,2,2119,5,0,10,0,-18,13,6,10,,,0,
2021-10-16 16:04:53,0.3,1000353,0.5,78417,1,6358,2,0,5,0,10,0,-18,13,6,10,,,0,
2021-10-16 16:05:03,0.3,1104203,0.5,72059,1,0,2,0,5,0,10,0,-18,13,6,10,,,0,
2021-10-16 16:05:13,0.3,1057576,0.5,65701,1,2119,2,0,5,0,10,0,-18,13,6,10,,,0,
2021-10-16 16:05:23,0.3,1046979,0.5,101730,1,2119,2,0,5,0,10,0,-18,13,6,10,,,0,
2021-10-16 16:05:33,0.3,1169904,0.5,69939,1,0,2,0,5,0,10,0,-18,13,6,10,,,0,
2021-10-16 16:05:43,0.3,1155068,0.5,93253,1,2119,2,0,5,0,10,0,-18,13,6,10,,,0,
2021-10-16 16:05:53,0.3,1191098,0.5,103850,1,2119,2,0,5,0,10,0,-18,13,6,10,,,0,
2021-10-16 16:06:03,0.3,1157188,0.5,91133,1,0,2,0,5,0,10,0,-18,12,6,10,,,0,
2021-10-16 16:06:13,0.3,1218650,0.5,78417,1,4238,2,0,5,0,10,0,-18,12,6,10,,,0,
2021-10-16 16:06:23,0.3,1127516,0.5,76298,1,4238,2,0,5,0,10,0,-18,12,6,10,,,0,
2021-10-16 16:06:33,0.3,1210173,0.5,103850,1,2119,2,0,5,0,10,0,-18,12,6,10,,,0,
2021-10-16 16:06:43,0.3,1114800,0.5,69939,1,0,2,0,5,0,10,0,-18,12,6,10,,,0,
2021-10-16 16:06:53,0.3,1017308,0.5,93253,1,0,2,0,5,0,10,0,-18,12,6,10,,,0,
2021-10-16 16:07:03,0.3,1006711,0.5,74178,1,2119,2,0,5,0,10,0,-18,12,6,10,,,0,
2021-10-16 16:07:13,0.3,932532,0.5,82656,1,0,2,0,5,0,10,0,-18,12,6,10,,,0,
2021-10-16 16:07:23,0.3,1055457,0.5,78417,1,0,2,0,5,0,10,0,-18,12,6,10,,,0,
2021-10-16 16:07:33,0.3,926174,0.5,80536,1,0,2,0,5,0,10,0,-18,11,6,10,,,0,
2021-10-16 16:07:43,0.3,936771,0.5,78417,1,0,2,0,5,0,10,0,-18,11,6,10,,,0,
2021-10-16 16:07:53,0.3,960084,0.5,63581,1,0,2,0,5,0,10,0,-18,11,6,10,,,0,
2021-10-16 16:08:03,0.3,962204,0.5,99611,1,0,2,0,5,0,10,0,-18,11,6,10,,,0,
2021-10-16 16:08:13,0.3,974920,0.5,42387,1,2119,2,0,5,0,10,0,-18,11,6,10,,,0,
2021-10-16 16:08:23,0.3,915577,0.5,57223,1,0,2,0,5,0,10,0,-18,11,6,10,,,0,
2021-10-16 16:08:33,0.3,904980,0.5,55104,1,0,2,0,5,0,10,0,-18,11,6,10,,,0,
2021-10-16 16:08:43,0.3,818085,0.5,46626,1,0,2,0,5,0,10,0,-18,10,6,10,,,0,
2021-10-16 16:08:53,0.3,894383,0.5,50865,1,0,2,0,5,0,10,0,-18,10,6,10,,,0,
2021-10-16 16:09:03,0.3,786294,0.5,65701,1,0,2,0,5,0,10,0,-18,10,6,10,,,0,
2021-10-16 16:09:13,0.3,904980,0.5,55104,1,0,2,0,5,0,10,0,-18,10,6,10,,,0,
2021-10-16 16:09:23,0.3,837160,0.5,48746,1,0,2,0,5,0,10,0,-18,10,6,10,,,0,
2021-10-16 16:09:33,0.3,760861,0.5,42387,1,0,2,0,5,0,10,0,-18,10,6,10,,,0,
2021-10-16 16:09:43,0.3,750264,0.5,42387,1,0,2,0,5,0,10,0,-18,10,6,10,,,0,
2021-10-16 16:09:53,0.3,729071,0.5,46626,1,0,2,0,5,0,10,0,-18,10,6,10,,,0,
2021-10-16 16:10:03,0.3,690921,0.5,46626,1,0,2,0,5,0,10,0,-18,10,6,10,,,0,
2021-10-16 16:10:13,0.3,815966,0.5,42387,1,0,2,0,5,0,10,0,-18,9,6,10,,,0,
2021-10-16 16:10:23,0.3,756623,0.5,42387,1,0,2,0,5,0,10,0,-18,9,6,10,,,0,
2021-10-16 16:10:33,0.3,690921,0.5,33910,1,0,2,0,5,0,10,0,-18,9,6,10,,,0,
2021-10-16 16:10:43,0.3,640056,0.5,27552,1,0,2,0,5,0,10,0,-18,9,6,10,,,0,
2021-10-16 16:10:53,0.3,699399,0.5,50865,1,0,2,0,5,0,10,0,-18,9,6,10,,,0,
2021-10-16 16:11:03,0.3,682444,0.5,36029,1,0,2,0,5,0,10,0,-18,9,6,10,,,0,
2021-10-16 16:11:13,0.3,534086,0.5,27552,1,0,2,0,5,0,10,0,-18,9,6,10,,,0,
2021-10-16 16:11:23,0.3,582832,0.5,25432,1,0,2,0,5,0,10,0,-18,9,6,10,,,0,
2021-10-16 16:11:33,0.3,606146,0.5,29671,1,0,2,0,5,0,10,0,-18,9,6,10,,,0,
2021-10-16 16:11:43,0.3,578594,0.5,38149,1,0,2,0,5,0,10,0,-18,9,6,10,,,0,
2021-10-16 16:11:53,0.3,657011,0.5,72059,1,0,2,0,5,0,10,0,-18,8,6,10,,,0,
2021-10-16 16:12:03,0.3,716354,0.5,61462,1,4238,2,0,5,0,10,0,-18,8,6,10,,,0,
2021-10-16 16:12:13,0.3,792652,0.5,52984,1,0,2,0,5,0,10,0,-18,8,6,10,,,0,
2021-10-16 16:12:23,0.3,752384,0.5,59342,1,0,2,0,5,0,10,0,-18,8,6,10,,,0,
2021-10-16 16:12:33,0.3,731190,0.5,78417,1,0,2,0,5,0,10,0,-18,8,6,10,,,0,
2021-10-16 16:12:43,0.3,661250,0.5,44507,1,0,2,0,5,0,10,0,-18,8,6,10,,,0,
2021-10-16 16:12:53,0.3,637937,0.5,63581,1,0,2,0,5,0,10,0,-18,8,6,10,,,0,
2021-10-16 16:13:03,0.3,697280,0.5,46626,1,2119,2,0,5,0,10,0,-18,8,6,10,,,0,
2021-10-16 16:13:13,0.3,648534,0.5,67820,1,0,2,0,5,0,10,0,-18,8,6,10,,,0,
2021-10-16 16:13:23,0.3,623101,0.5,57223,1,0,2,0,5,0,10,0,-18,8,6,10,,,0,
2021-10-16 16:13:33,0.3,659131,0.5,59342,1,0,2,0,5,0,10,0,-18,8,6,10,,,0,
2021-10-16 16:13:43,0.3,557400,0.5,42387,1,0,2,0,5,0,10,0,-18,8,6,10,,,0,
2021-10-16 16:13:53,0.3,551042,0.5,48746,1,0,2,0,5,0,10,0,-18,7,6,10,,,0,
2021-10-16 16:14:03,0.3,584952,0.5,38149,1,0,2,0,5,0,10,0,-18,7,6,10,,,0,
2021-10-16 16:14:13,0.3,570116,0.5,36029,1,0,2,0,5,0,10,0,-18,7,6,10,,,0,
2021-10-16 16:14:23,0.3,557400,0.5,44507,1,0,2,0,5,0,10,0,-18,8,6,10,,,0,
2021-10-16 16:14:33,0.3,604026,0.5,36029,1,0,2,0,5,0,10,0,-18,7,6,10,,,0,
2021-10-16 16:14:43,0.3,561639,0.5,10596,1,0,2,0,5,0,10,0,-18,7,6,10,,,0,
2021-10-16 16:14:53,0.3,419639,0.5,8477,1,0,2,0,5,0,10,0,-18,7,6,10,,,0,
2021-10-16 16:15:03,0.3,419639,0.5,23313,1,0,2,0,5,0,10,0,-18,7,6,10,,,0,
2021-10-16 16:15:13,0.3,445072,0.5,25432,1,0,2,0,5,0,10,0,-18,7,6,10,,,0,
2021-10-16 16:15:23,0.3,411162,0.5,19074,1,0,2,0,5,0,10,0,-18,7,6,10,,,0,
2021-10-16 16:15:33,0.3,440833,0.5,23313,1,0,2,0,5,0,10,0,-18,7,6,10,,,0,
2021-10-16 16:15:43,0.3,436594,0.5,23313,1,0,2,0,5,0,10,0,-18,7,6,10,,,0,
2021-10-16 16:15:53,0.3,413281,0.5,8477,1,0,2,0,5,0,10,0,-18,6,6,10,,,0,
2021-10-16 16:16:03,0.3,385729,0.5,21193,1,0,2,0,5,0,10,0,-18,7,6,10,,,0,
2021-10-16 16:16:13,0.3,430236,0.5,12716,1,0,2,0,5,0,10,0,-18,6,6,10,,,0,
2021-10-16 16:16:23,0.3,438714,0.5,10596,1,0,2,0,5,0,10,0,-18,6,6,10,,,0,
2021-10-16 16:16:33,0.3,455669,0.5,29671,1,0,2,0,5,0,10,0,-18,6,6,10,,,0,
2021-10-16 16:16:43,0.3,375132,0.5,10596,1,0,2,0,5,0,10,0,-18,6,6,10,,,0,
2021-10-16 16:16:53,0.3,298834,0.5,16955,1,0,2,0,5,0,10,0,-18,6,6,10,,,0,
2021-10-16 16:17:03,0.3,296714,0.5,8477,1,0,2,0,5,0,10,0,-18,6,6,10,,,0,
2021-10-16 16:17:13,0.3,283998,0.5,6358,1,0,2,0,5,0,10,0,-18,6,6,10,,,0,
2021-10-16 16:17:23,0.3,307311,0.5,14835,1,0,2,0,5,0,10,0,-18,6,6,10,,,0,
2021-10-16 16:17:33,0.3,311550,0.5,16955,1,0,2,0,5,0,10,0,-18,6,6,10,,,0,
2021-10-16 16:17:43,0.3,349699,0.5,8477,1,0,2,0,5,0,10,0,-18,6,6,10,,,0,
2021-10-16 16:17:53,0.3,345460,0.5,10596,1,0,2,0,5,0,10,0,-18,6,6,10,,,0,
2021-10-16 16:18:03,0.3,303073,0.5,14835,1,0,2,0,5,0,10,0,-18,6,6,10,,,0,
2021-10-16 16:18:13,0.3,224655,0.5,4238,1,0,2,0,5,0,10,0,-18,6,6,10,,,0,
2021-10-16 16:18:23,0.3,224655,0.5,16955,1,0,2,0,5,0,10,0,-18,6,6,10,,,0,
2021-10-16 16:18:33,0.3,192864,0.5,8477,1,0,2,0,5,0,10,0,-18,6,6,10,,,0,
2021-10-16 16:18:43,0.3,199222,0.5,6358,1,0,2,0,5,0,10,0,-18,5,6,10,,,0,
2021-10-16 16:18:53,0.3,194984,0.5,8477,1,0,2,0,5,0,10,0,-18,5,6,10,,,0,
2021-10-16 16:19:03,0.3,224655,0.5,4238,1,0,2,0,5,0,10,0,-18,5,6,10,,,0,
2021-10-16 16:19:13,0.3,214058,0.5,19074,1,0,2,0,5,0,10,0,-18,5,6,10,,,0,
2021-10-16 16:19:23,0.3,207700,0.5,6358,1,0,2,0,5,0,10,0,-18,5,6,10,,,0,
2021-10-16 16:19:33,0.3,247968,0.5,4238,1,0,2,0,5,0,10,0,-18,5,6,10,,,0,
2021-10-16 16:19:43,0.3,243730,0.5,2119,1,0,2,0,5,0,10,0,-18,5,6,10,,,0,
2021-10-16 16:19:53,0.3,214058,0.5,14835,1,0,2,0,5,0,10,0,-18,5,6,10,,,0,
2021-10-16 16:20:03,0.3,269162,0.5,4238,1,0,2,0,5,0,10,0,-18,5,6,10,,,0,
2021-10-16 16:20:13,0.3,222536,0.5,12716,1,0,2,0,5,0,10,0,-18,5,6,10,,,0,
2021-10-16 16:20:23,0.3,216178,0.5,6358,1,0,2,0,5,0,10,0,-18,5,6,10,,,0,
2021-10-16 16:20:33,0.3,254327,0.5,8477,1,0,2,0,5,0,10,0,-18,5,6,10,,,0,
2021-10-16 16:20:43,0.3,205581,0.5,12716,1,0,2,0,5,0,10,0,-18,5,6,10,,,0,
2021-10-16 16:20:53,0.3,279759,0.5,12716,1,0,2,0,5,0,10,0,-18,5,6,10,,,0,
2021-10-16 16:21:03,0.3,256446,0.5,14835,1,0,2,0,5,0,10,0,-18,5,6,10,,,0,
2021-10-16 16:21:13,0.3,218297,0.5,10596,1,2119,2,0,5,0,10,0,-18,5,6,10,,,0,
2021-10-16 16:21:23,0.3,233133,0.5,2119,1,0,2,0,5,0,10,0,-18,5,6,10,,,0,
2021-10-16 16:21:33,0.3,349699,0.5,21193,1,0,2,0,5,0,10,0,-18,5,6,10,,,0,
2021-10-16 16:21:43,0.3,273401,0.5,14835,1,0,2,0,5,0,10,0,-18,5,6,10,,,0,
2021-10-16 16:21:53,0.3,180148,0.5,12716,1,0,2,0,5,0,10,0,-18,5,6,10,,,0,
2021-10-16 16:22:03,0.3,233133,0.5,6358,1,0,2,0,5,0,10,0,-18,5,6,10,,,0,
2021-10-16 16:22:13,0.3,228894,0.5,6358,1,0,2,0,5,0,10,0,-18,5,6,10,,,0,
2021-10-16 16:22:23,0.3,199222,0.5,4238,1,2119,2,0,5,0,10,0,-18,5,6,10,,,0,
2021-10-16 16:22:33,0.3,173790,0.5,8477,1,0,2,0,5,0,10,0,-18,5,6,10,,,0,
2021-10-16 16:22:43,0.3,120805,0.5,2119,1,0,2,0,5,0,10,0,-18,5,6,10,,,0,
2021-10-16 16:22:53,0.3,135641,0.5,4238,1,0,2,0,5,0,10,0,-18,5,6,10,,,0,
2021-10-16 16:23:03,0.3,154715,0.5,2119,1,0,2,0,5,0,10,0,-18,5,6,10,,,0,
2021-10-16 16:23:13,0.3,137760,0.5,2119,1,0,2,0,5,0,10,0,-18,5,6,10,,,0,
2021-10-16 16:23:23,0.3,163193,0.5,2119,1,0,2,0,5,0,10,0,-18,5,6,10,,,0,
2021-10-16 16:23:33,0.3,114447,0.5,4238,1,0,2,0,5,0,10,0,-18,5,6,10,,,0,
2021-10-16 16:23:43,0.3,91133,0.5,0,1,0,2,0,5,0,10,0,-18,5,6,10,,,0,
2021-10-16 16:23:53,0.3,103850,0.5,6358,1,0,2,0,5,0,10,0,-18,5,6,10,,,0,
2021-10-16 16:24:03,0.3,139879,0.5,2119,1,0,2,0,5,0,10,0,-18,5,6,10,,,0,
2021-10-16 16:24:13,0.3,135641,0.5,0,1,0,2,0,5,0,10,0,-18,5,6,10,,,0,
2021-10-16 16:24:23,0.3,101730,0.5,2119,1,0,2,0,5,0,10,0,-18,5,6,10,,,0,
2021-10-16 16:24:33,0.3,116566,0.5,0,1,0,2,0,5,0,10,0,-18,5,6,10,,,0,
2021-10-16 16:24:43,0.3,116566,0.5,4238,1,0,2,0,5,0,10,0,-18,5,6,10,,,0,
2021-10-16 16:24:53,0.3,158954,0.5,2119,1,0,2,0,5,0,10,0,-18,5,6,10,,,0,
2021-10-16 16:25:03,0.3,105969,0.5,0,1,0,2,0,5,0,10,0,-18,5,6,10,,,0,
2021-10-16 16:25:13,0.3,110208,0.5,0,1,0,2,0,5,0,10,0,-18,5,6,10,,,0,
2021-10-16 16:25:23,0.3,105969,0.5,8477,1,0,2,0,5,0,10,0,-18,5,6,10,,,0,
2021-10-16 16:25:33,0.3,74178,0.5,2119,1,0,2,0,5,0,10,0,-18,5,6,10,,,0,
2021-10-16 16:25:43,0.3,118685,0.5,2119,1,0,2,0,5,0,10,0,-18,5,6,10,,,0,
2021-10-16 16:25:53,0.3,152596,0.5,4238,1,0,2,0,5,0,10,0,-18,5,6,10,,,0,
2021-10-16 16:26:03,0.3,131402,0.5,6358,1,0,2,0,5,0,10,0,-18,5,6,10,,,0,
2021-10-16 16:26:13,0.3,133521,0.5,8477,1,0,2,0,5,0,10,0,-18,4,6,10,,,0,
2021-10-16 16:26:23,0.3,114447,0.5,4238,1,0,2,0,5,0,10,0,-18,4,6,10,,,0,
2021-10-16 16:26:33,0.3,103850,0.5,4238,1,0,2,0,5,0,10,0,-18,4,6,10,,,0,
2021-10-16 16:26:43,0.3,59342,0.5,0,1,0,2,0,5,0,10,0,-18,4,6,10,,,0,
2021-10-16 16:26:53,0.3,57223,0.5,0,1,0,2,0,5,0,10,0,-18,4,6,10,,,0,
2021-10-16 16:27:03,0.3,101730,0.5,4238,1,0,2,0,5,0,10,0,-18,4,6,10,,,0,
2021-10-16 16:27:13,0.3,95372,0.5,0,1,0,2,0,5,0,10,0,-18,4,6,10,,,0,
2021-10-16 16:27:23,0.3,99611,0.5,4238,1,0,2,0,5,0,10,0,-18,4,6,10,,,0,
2021-10-16 16:27:33,0.3,69939,0.5,2119,1,0,2,0,5,0,10,0,-18,4,6,10,,,0,
2021-10-16 16:27:43,0.3,72059,0.5,0,1,0,2,0,5,0,10,0,-18,4,6,10,,,0,
2021-10-16 16:27:53,0.3,78417,0.5,2119,1,0,2,0,5,0,10,0,-18,4,6,10,,,0,
2021-10-16 16:28:03,0.3,65701,0.5,0,1,0,2,0,5,0,10,0,-18,4,6,10,,,0,
2021-10-16 16:28:13,0.3,31790,0.5,2119,1,0,2,0,5,0,10,0,-18,4,6,10,,,0,
2021-10-16 16:28:23,0.3,36029,0.5,0,1,0,2,0,5,0,10,0,-18,4,6,10,,,0,
2021-10-16 16:28:33,0.3,19074,0.5,0,1,0,2,0,5,0,10,0,-18,4,6,10,,,0,
2021-10-16 16:28:43,0.3,42387,0.5,0,1,0,2,0,5,0,10,0,-18,4,6,10,,,0,
2021-10-16 16:28:53,0.3,42387,0.5,2119,1,0,2,0,5,0,10,0,-18,4,6,10,,,0,
2021-10-16 16:29:03,0.3,29671,0.5,0,1,0,2,0,5,0,10,0,-18,4,6,10,,,0,
2021-10-16 16:29:13,0.3,33910,0.5,0,1,0,2,0,5,0,10,0,-18,4,6,10,,,0,
2021-10-16 16:29:23,0.3,27552,0.5,0,1,0,2,0,5,0,10,0,-18,4,6,10,,,0,
2021-10-16 16:29:33,0.3,27552,0.5,0,1,0,2,0,5,0,10,0,-18,4,6,10,,,0,
2021-10-16 16:29:43,0.3,23313,0.5,0,1,0,2,0,5,0,10,0,-18,4,6,10,,,0,
2021-10-16 16:29:53,0.3,16955,0.5,0,1,2119,2,0,5,0,10,0,-18,4,6,10,,,0,
2021-10-16 16:30:03,0.3,23313,0.5,0,1,0,2,0,5,0,10,0,-18,4,6,10,,,0,
2021-10-16 16:30:13,0.3,205581,0.5,25432,1,4238,2,25432,5,10596,10,10596,-18,4,6,10,,,0,
2021-10-16 16:30:23,0.3,59342,0.5,4238,1,2119,2,8477,5,2119,10,8477,-18,4,6,10,,,0,
2021-10-16 16:30:33,0.3,1513246,0.5,91133,1,91133,2,296714,5,122924,10,29671,-18,4,6,10,,,0,
2021-10-16 16:30:43,0.3,1386082,0.5,6358,1,0,2,6358,5,2119,10,0,-18,4,6,10,,,0,
2021-10-16 16:30:53,0.3,59342,0.5,0,1,2119,2,0,5,0,10,0,-18,4,6,10,,,0,
2021-10-16 16:31:03,0.3,960084,0.5,10596,1,4238,2,4238,5,0,10,0,-18,4,6,10,,,0,
2021-10-16 16:31:13,0.3,139879,0.5,59342,1,38149,2,29671,5,2119,10,0,-18,4,6,10,,,0,
2021-10-16 16:31:23,0.3,133521,0.5,4238,1,0,2,0,5,0,10,0,-18,4,6,10,,,0,
2021-10-16 16:31:33,0.3,146238,0.5,2119,1,0,2,0,5,0,10,0,-18,4,6,10,,,0,
2021-10-16 16:31:43,0.3,214058,0.5,2119,1,0,2,0,5,0,10,0,-18,4,6,10,,,0,
2021-10-16 16:31:53,0.3,347580,0.5,6358,1,0,2,0,5,0,10,0,-18,4,6,10,,,0,
2021-10-16 16:32:03,0.3,404803,0.5,8477,1,0,2,0,5,0,10,0,-18,4,6,10,,,0,
2021-10-16 16:32:13,0.3,459908,0.5,10596,1,0,2,2119,5,0,10,0,-18,4,6,10,,,0,
2021-10-16 16:32:23,0.3,163193,0.5,10596,1,0,2,0,5,0,10,0,-18,4,6,10,,,0,
2021-10-16 16:32:33,0.3,741787,0.5,82656,1,21193,2,52984,5,36029,10,38149,-18,4,6,10,,,0,
2021-10-16 16:32:43,0.3,737548,0.5,2119,1,4238,2,10596,5,4238,10,0,-18,4,6,10,,,0,
2021-10-16 16:32:53,0.3,438714,0.5,0,1,0,2,0,5,0,10,0,-18,4,6,10,,,0,
2021-10-16 16:33:03,0.3,205581,0.5,8477,1,0,2,0,5,0,10,0,-18,4,6,10,,,0,
2021-10-16 16:33:13,0.3,194984,0.5,10596,1,0,2,0,5,0,10,0,-18,4,6,10,,,0,
2021-10-16 16:33:23,0.3,326386,0.5,8477,1,0,2,2119,5,0,10,0,-18,4,6,10,,,0,
2021-10-16 16:33:33,0.3,273401,0.5,8477,1,0,2,0,5,0,10,0,-18,4,6,10,,,0,
2021-10-16 16:33:43,0.3,250088,0.5,6358,1,0,2,0,5,0,10,0,-18,4,6,10,,,0,
2021-10-16 16:33:53,0.3,260685,0.5,0,1,0,2,0,5,0,10,0,-18,4,6,10,,,0,
2021-10-16 16:34:03,0.3,457788,0.5,27552,1,0,2,0,5,0,10,0,-18,4,6,10,,,0,
2021-10-16 16:34:13,0.3,351819,0.5,14835,1,2119,2,2119,5,0,10,0,-18,4,6,10,,,0,
2021-10-16 16:34:23,0.3,428117,0.5,42387,1,0,2,2119,5,0,10,0,-18,4,6,10,,,0,
2021-10-16 16:34:33,0.3,752384,0.5,25432,1,0,2,0,5,0,10,0,-18,4,6,10,,,0,
2021-10-16 16:34:43,0.3,637937,0.5,40268,1,2119,2,0,5,0,10,0,-18,4,6,10,,,0,
2021-10-16 16:34:53,0.3,614623,0.5,29671,1,0,2,0,5,0,10,0,-18,4,6,10,,,0,
2021-10-16 16:35:03,0.3,470505,0.5,14835,1,0,2,0,5,0,10,0,-18,4,6,10,,,0,
2021-10-16 16:35:13,0.3,574355,0.5,8477,1,0,2,0,5,0,10,0,-18,4,6,10,,,0,
2021-10-16 16:35:23,0.3,896503,0.5,25432,1,0,2,0,5,0,10,0,-18,4,6,10,,,0,
2021-10-16 16:35:33,0.3,635817,0.5,19074,1,0,2,0,5,0,10,0,-18,4,6,10,,,0,
2021-10-16 16:35:43,0.3,663369,0.5,16955,1,0,2,0,5,0,10,0,-18,4,6,10,,,0,
2021-10-16 16:35:53,0.3,659131,0.5,14835,1,2119,2,0,5,0,10,0,-18,4,6,10,,,0,
2021-10-16 16:36:03,0.3,703638,0.5,38149,1,0,2,0,5,0,10,0,-18,4,6,10,,,0,
2021-10-16 16:36:13,0.3,775697,0.5,40268,1,2119,2,0,5,0,10,0,-18,4,6,10,,,0,
2021-10-16 16:36:23,0.3,858353,0.5,38149,1,0,2,0,5,0,10,0,-18,4,6,10,,,0,
2021-10-16 16:36:33,0.3,1106322,0.5,72059,1,0,2,0,5,0,10,0,-18,4,6,10,,,0,
2021-10-16 16:36:43,0.3,1013069,0.5,72059,1,0,2,0,5,0,10,0,-18,4,6,10,,,0,
2021-10-16 16:36:53,0.3,1036382,0.5,86895,1,2119,2,2119,5,0,10,0,-18,4,6,10,,,0,
2021-10-16 16:37:03,0.3,1186859,0.5,78417,1,0,2,0,5,0,10,0,-18,4,6,10,,,0,
2021-10-16 16:37:13,0.3,983398,0.5,52984,1,0,2,0,5,0,10,0,-18,4,6,10,,,0,
2021-10-16 16:37:23,0.3,1008830,0.5,76298,1,2119,2,0,5,0,10,0,-18,4,6,10,,,0,
2021-10-16 16:37:33,0.3,970681,0.5,78417,1,0,2,0,5,0,10,0,-18,4,6,10,,,0,
2021-10-16 16:37:43,0.3,873189,0.5,69939,1,0,2,0,5,0,10,0,-18,4,6,10,,,0,
2021-10-16 16:37:53,0.3,1172024,0.5,84775,1,0,2,0,5,0,10,0,-18,4,6,10,,,0,
2021-10-16 16:38:03,0.3,972801,0.5,67820,1,2119,2,0,5,0,10,0,-18,4,6,10,,,0,
2021-10-16 16:38:13,0.3,934652,0.5,63581,1,6358,2,0,5,0,10,0,-18,4,6,10,,,0,
2021-10-16 16:38:23,0.3,712115,0.5,52984,1,2119,2,2119,5,0,10,0,-18,4,6,10,,,0,
2021-10-16 16:38:33,0.3,483221,0.5,48746,1,0,2,0,5,0,10,0,-18,4,6,10,,,0,
2021-10-16 16:38:43,0.3,767220,0.5,50865,1,6358,2,0,5,0,10,0,-18,4,6,10,,,0,
2021-10-16 16:38:53,0.3,1112681,0.5,63581,1,4238,2,2119,5,0,10,2119,-18,4,6,10,,,0,
2021-10-16 16:39:03,0.3,752384,0.5,63581,1,8477,2,2119,5,0,10,0,-18,4,6,10,,,0,
2021-10-16 16:39:13,0.3,739667,0.5,76298,1,2119,2,2119,5,0,10,0,-18,4,6,10,,,0,
2021-10-16 16:39:23,0.3,746026,0.5,72059,1,4238,2,0,5,0,10,0,-18,4,6,10,,,0,
2021-10-16 16:39:33,0.3,996114,0.5,91133,1,2119,2,2119,5,0,10,0,-18,4,6,10,,,0,
2021-10-16 16:39:43,0.3,1010950,0.5,80536,1,8477,2,2119,5,0,10,0,-18,4,6,10,,,0,
2021-10-16 16:39:53,0.3,796891,0.5,69939,1,6358,2,0,5,0,10,0,-18,4,6,10,,,0,
2021-10-16 16:40:03,0.3,877428,0.5,74178,1,0,2,2119,5,0,10,0,-18,4,6,10,,,0,
2021-10-16 16:40:13,0.3,799010,0.5,95372,1,6358,2,2119,5,0,10,0,-18,4,6,10,,,0,
2021-10-16 16:40:23,0.3,803249,0.5,91133,1,6358,2,2119,5,0,10,0,-18,4,6,10,,,0,
2021-10-16 16:40:33,0.3,841398,0.5,97492,1,4238,2,0,5,0,10,0,-18,4,6,10,,,0,
2021-10-16 16:40:43,0.3,790533,0.5,78417,1,2119,2,0,5,0,10,0,-18,4,6,10,,,0,
2021-10-16 16:40:53,0.3,993995,0.5,97492,1,0,2,0,5,0,10,0,-18,4,6,10,,,0,
2021-10-16 16:41:03,0.3,936771,0.5,118685,1,4238,2,0,5,0,10,0,-18,4,6,10,,,0,
2021-10-16 16:41:13,0.3,701518,0.5,99611,1,4238,2,0,5,0,10,0,-18,4,6,10,,,0,
2021-10-16 16:41:23,0.3,553161,0.5,76298,1,0,2,0,5,0,10,0,-18,4,6,10,,,0,
2021-10-16 16:41:33,0.3,614623,0.5,52984,1,2119,2,4238,5,0,10,0,-18,4,6,10,,,0,
2021-10-16 16:41:43,0.3,527728,0.5,67820,1,8477,2,0,5,0,10,0,-18,4,6,10,,,0,
2021-10-16 16:41:53,0.3,296714,0.5,48746,1,2119,2,2119,5,0,10,0,-18,4,6,10,,,0,
2021-10-16 16:42:03,0.3,317908,0.5,55104,1,8477,2,0,5,0,10,0,-18,4,6,10,,,0,
2021-10-16 16:42:13,0.3,237371,0.5,52984,1,8477,2,2119,5,0,10,0,-18,4,6,10,,,0,
2021-10-16 16:42:23,0.3,254327,0.5,50865,1,4238,2,2119,5,0,10,0,-18,4,6,10,,,0,
2021-10-16 16:42:33,0.3,379371,0.5,59342,1,6358,2,2119,5,0,10,0,-18,4,6,10,,,0,
2021-10-16 16:42:43,0.3,377251,0.5,40268,1,2119,2,0,5,0,10,0,-18,4,6,10,,,0,
2021-10-16 16:42:53,0.3,453549,0.5,46626,1,4238,2,2119,5,0,10,0,-18,4,6,10,,,0,
2021-10-16 16:43:03,0.3,517131,0.5,38149,1,6358,2,0,5,0,10,0,-18,4,6,10,,,0,
2021-10-16 16:43:13,0.3,792652,0.5,50865,1,2119,2,4238,5,0,10,0,-18,4,6,10,,,0,
2021-10-16 16:43:23,0.3,226774,0.5,48746,1,8477,2,0,5,0,10,0,-18,4,6,10,,,0,
2021-10-16 16:43:33,0.3,154715,0.5,33910,1,2119,2,0,5,0,10,0,-18,4,6,10,,,0,
2021-10-16 16:43:43,0.3,161073,0.5,33910,1,6358,2,0,5,0,10,0,-18,4,6,10,,,0,
2021-10-16 16:43:53,0.3,148357,0.5,19074,1,0,2,0,5,0,10,0,-18,4,6,10,,,0,
2021-10-16 16:44:03,0.3,82656,0.5,38149,1,8477,2,0,5,2119,10,2119,-18,4,6,10,,,0,
2021-10-16 16:44:13,0.3,78417,0.5,23313,1,2119,2,8477,5,6358,10,6358,-18,4,6,10,,,0,
2021-10-16 16:44:23,0.3,203461,0.5,42387,1,12716,2,10596,5,6358,10,12716,-18,4,6,10,,,0,
2021-10-16 16:44:33,0.3,69939,0.5,25432,1,2119,2,4238,5,0,10,10596,-18,4,6,10,,,0,
2021-10-16 16:44:43,0.3,103850,0.5,31790,1,21193,2,23313,5,8477,10,6358,-18,4,6,10,,,0,
2021-10-16 16:44:53,0.3,211939,0.5,55104,1,4238,2,2119,5,0,10,0,-18,4,6,10,,,0,
2021-10-16 16:45:03,0.3,292476,0.5,44507,1,2119,2,2119,5,0,10,0,-18,4,6,10,,,0,
2021-10-16 16:45:13,0.3,290356,0.5,46626,1,6358,2,4238,5,0,10,0,-18,4,6,10,,,0,
2021-10-16 16:45:23,0.3,368774,0.5,67820,1,6358,2,0,5,0,10,0,-18,4,6,10,,,0,
2021-10-16 16:45:33,0.3,368774,0.5,40268,1,10596,2,2119,5,0,10,0,-18,4,6,10,,,0,
2021-10-16 16:45:43,0.3,434475,0.5,42387,1,2119,2,2119,5,0,10,0,-18,5,6,10,,,0,
2021-10-16 16:45:53,0.3,309431,0.5,67820,1,10596,2,0,5,2119,10,0,-18,5,6,10,,,0,
2021-10-16 16:46:03,0.3,267043,0.5,42387,1,12716,2,0,5,0,10,0,-18,6,6,10,,,0,
2021-10-16 16:46:13,0.3,203461,0.5,82656,1,4238,2,4238,5,0,10,0,-18,6,6,10,,,0,
2021-10-16 16:46:23,0.3,271282,0.5,31790,1,4238,2,0,5,0,10,0,-18,7,6,10,,,0,
2021-10-16 16:46:33,0.3,194984,0.5,48746,1,4238,2,0,5,0,10,0,-18,8,6,10,,,0,
2021-10-16 16:46:43,0.3,216178,0.5,55104,1,4238,2,0,5,0,10,0,-18,8,6,10,,,0,
2021-10-16 16:46:53,0.3,288237,0.5,38149,1,0,2,4238,5,0,10,0,-18,9,6,10,,,0,
2021-10-16 16:47:03,0.3,214058,0.5,40268,1,10596,2,0,5,0,10,0,-18,10,6,10,,,0,
2021-10-16 16:47:13,0.3,288237,0.5,44507,1,2119,2,2119,5,0,10,0,-18,10,6,10,,,0,
2021-10-16 16:47:23,0.3,258565,0.5,50865,1,12716,2,0,5,0,10,0,-18,11,6,10,,,0,
2021-10-16 16:47:33,0.3,305192,0.5,63581,1,2119,2,2119,5,0,10,0,-18,12,6,10,,,0,
2021-10-16 16:47:43,0.3,298834,0.5,48746,1,4238,2,0,5,0,10,0,-18,12,6,10,,,0,
2021-10-16 16:47:53,0.3,322147,0.5,40268,1,6358,2,0,5,0,10,0,-18,13,6,10,,,0,
2021-10-16 16:48:03,0.3,322147,0.5,38149,1,12716,2,0,5,0,10,0,-18,14,6,10,,,0,
2021-10-16 16:48:13,0.3,644295,0.5,52984,1,4238,2,2119,5,0,10,0,-18,15,6,10,,,0,
2021-10-16 16:48:23,0.3,470505,0.5,61462,1,8477,2,4238,5,0,10,0,-18,16,6,10,,,0,
2021-10-16 16:48:33,0.3,483221,0.5,46626,1,8477,2,2119,5,0,10,0,-18,16,6,10,,,0,
2021-10-16 16:48:43,0.3,336983,0.5,38149,1,12716,2,2119,5,0,10,0,-18,17,6,10,,,0,
2021-10-16 16:48:53,0.3,203461,0.5,33910,1,4238,2,0,5,0,10,0,-18,17,6,10,,,0,
2021-10-16 16:49:03,0.3,247968,0.5,48746,1,6358,2,0,5,0,10,0,-18,17,6,10,,,0,
2021-10-16 16:49:13,0.3,254327,0.5,80536,1,0,2,4238,5,0,10,0,-18,18,6,10,,,0,
2021-10-16 16:49:23,0.3,239491,0.5,84775,1,8477,2,0,5,0,10,0,-18,19,6,10,,,0,
2021-10-16 16:49:33,0.3,269162,0.5,61462,1,23313,2,0,5,0,10,0,-18,20,6,10,,,0,
2021-10-16 16:49:43,0.3,298834,0.5,59342,1,4238,2,2119,5,0,10,0,-18,21,6,10,,,0,
2021-10-16 16:49:53,0.3,326386,0.5,80536,1,10596,2,2119,5,0,10,0,-18,22,6,10,,,0,
2021-10-16 16:50:03,0.3,362416,0.5,59342,1,8477,2,0,5,0,10,0,-18,23,6,10,,,0,
2021-10-16 16:50:13,0.3,317908,0.5,46626,1,8477,2,2119,5,0,10,0,-18,24,6,10,,,0,
2021-10-16 16:50:23,0.3,368774,0.5,76298,1,4238,2,2119,5,0,10,0,-18,25,6,10,,,0,
2021-10-16 16:50:33,0.3,389968,0.5,72059,1,12716,2,2119,5,0,10,0,-18,27,6,10,,,0,
2021-10-16 16:50:43,0.3,353938,0.5,63581,1,6358,2,2119,5,0,10,0,-18,28,6,10,,,0,
2021-10-16 16:50:53,0.3,385729,0.5,93253,1,21193,2,4238,5,0,10,0,-18,29,6,10,,,0,
2021-10-16 16:51:03,0.3,381490,0.5,76298,1,12716,2,2119,5,0,10,0,-18,30,6,10,,,0,
2021-10-16 16:51:13,0.3,298834,0.5,80536,1,8477,2,2119,5,0,10,0,-18,31,6,10,,,0,
2021-10-16 16:51:23,0.3,328505,0.5,61462,1,16955,2,2119,5,0,10,0,-18,32,6,10,,,0,
2021-10-16 16:51:33,0.3,207700,0.5,67820,1,10596,2,2119,5,0,10,0,-18,32,6,10,,,0,
2021-10-16 16:51:43,0.3,131402,0.5,40268,1,0,2,2119,5,0,10,0,-18,33,6,10,,,0,
2021-10-16 16:51:53,0.3,127163,0.5,40268,1,2119,2,2119,5,0,10,0,-18,34,6,10,,,0,
2021-10-16 16:52:03,0.3,273401,0.5,61462,1,16955,2,2119,5,0,10,0,-18,34,6,10,,,0,
2021-10-16 16:52:13,0.3,349699,0.5,78417,1,8477,2,4238,5,0,10,0,-18,35,6,10,,,0,
2021-10-16 16:52:23,0.3,309431,0.5,67820,1,10596,2,6358,5,0,10,0,-18,35,6,10,,,0,
2021-10-16 16:52:33,0.3,368774,0.5,59342,1,8477,2,0,5,6358,10,14835,-18,35,6,10,,,0,
2021-10-16 16:52:43,0.3,402684,0.5,50865,1,6358,2,4238,5,0,10,0,-18,36,6,10,,,0,
2021-10-16 16:52:53,0.3,398445,0.5,50865,1,8477,2,2119,5,0,10,0,-18,37,6,10,,,0,
2021-10-16 16:53:03,0.3,563758,0.5,91133,1,14835,2,12716,5,0,10,0,-18,37,6,10,,,0,
2021-10-16 16:53:13,0.3,612504,0.5,95372,1,19074,2,16955,5,0,10,0,-18,34,6,10,,,0,
2021-10-16 16:53:23,0.3,551042,0.5,82656,1,4238,2,2119,5,0,10,0,-18,32,6,10,,,0,
2021-10-16 16:53:33,0.3,587071,0.5,108089,1,23313,2,19074,5,0,10,0,-18,30,6,10,,,0,
2021-10-16 16:53:43,0.3,707877,0.5,69939,1,16955,2,12716,5,0,10,0,-18,28,6,10,,,0,
2021-10-16 16:53:53,0.3,644295,0.5,67820,1,21193,2,14835,5,0,10,0,-18,27,6,10,,,0,
2021-10-16 16:54:03,0.3,729071,0.5,135641,1,19074,2,23313,5,0,10,0,-18,26,6,10,,,0,
2021-10-16 16:54:13,0.3,771458,0.5,137760,1,36029,2,12716,5,0,10,0,-18,25,6,10,,,0,
2021-10-16 16:54:23,0.3,839279,0.5,139879,1,25432,2,19074,5,0,10,0,-18,24,6,10,,,0,
2021-10-16 16:54:33,0.3,775697,0.5,148357,1,21193,2,27552,5,0,10,0,-17,24,6,10,,,0,
2021-10-16 16:54:43,0.3,786294,0.5,146238,1,29671,2,23313,5,0,10,0,-16,23,6,10,,,0,
2021-10-16 16:54:53,0.3,877428,0.5,129282,1,29671,2,27552,5,0,10,0,-16,22,6,10,,,0,
2021-10-16 16:55:03,0.3,818085,0.5,116566,1,31790,2,40268,5,0,10,0,-15,22,6,10,,,0,
2021-10-16 16:55:13,0.3,769339,0.5,158954,1,38149,2,19074,5,0,10,0,-15,21,6,10,,,0,
2021-10-16 16:55:23,0.3,879547,0.5,114447,1,44507,2,21193,5,0,10,0,-14,20,6,10,,,0,
2021-10-16 16:55:33,0.3,773578,0.5,116566,1,42387,2,21193,5,0,10,0,-14,20,6,10,,,0,
2021-10-16 16:55:43,0.3,769339,0.5,108089,1,38149,2,19074,5,0,10,0,-13,19,6,10,,,0,
2021-10-16 16:55:53,0.3,926174,0.5,120805,1,33910,2,33910,5,0,10,0,-12,19,6,10,,,0,
2021-10-16 16:56:03,0.3,879547,0.5,141999,1,55104,2,25432,5,0,10,0,-11,18,6,10,,,0,
2021-10-16 16:56:13,0.3,896503,0.5,152596,1,38149,2,31790,5,0,10,0,-11,17,6,10,,,0,
2021-10-16 16:56:23,0.3,989756,0.5,146238,1,52984,2,19074,5,0,10,0,-10,17,6,10,,,0,
2021-10-16 16:56:33,0.3,909219,0.5,133521,1,44507,2,27552,5,0,10,0,-10,16,6,10,,,0,
2021-10-16 16:56:43,0.3,911338,0.5,131402,1,65701,2,31790,5,0,10,0,-9,16,6,10,,,0,
2021-10-16 16:56:53,0.3,627340,0.5,99611,1,23313,2,8477,5,0,10,0,-9,16,6,10,,,0,
2021-10-16 16:57:03,0.3,640056,0.5,120805,1,25432,2,8477,5,0,10,0,-8,17,6,10,,,0,
2021-10-16 16:57:13,0.3,483221,0.5,86895,1,21193,2,10596,5,0,10,0,-8,18,6,10,,,0,
2021-10-16 16:57:23,0.3,423878,0.5,89014,1,10596,2,2119,5,0,10,0,-8,20,6,10,,,0,
2021-10-16 16:57:33,0.3,394206,0.5,55104,1,14835,2,8477,5,0,10,0,-7,22,6,10,,,0,
2021-10-16 16:57:43,0.3,370893,0.5,80536,1,19074,2,6358,5,0,10,0,-7,24,6,10,,,0,
2021-10-16 16:57:53,0.3,515012,0.5,108089,1,31790,2,19074,5,0,10,0,-6,27,6,10,,,0,
2021-10-16 16:58:03,0.3,631578,0.5,135641,1,19074,2,27552,5,0,10,0,-6,29,6,10,,,0,
2021-10-16 16:58:13,0.3,646414,0.5,152596,1,52984,2,46626,5,0,10,0,-6,31,6,10,,,0,
2021-10-16 16:58:23,0.3,979159,0.5,197103,1,93253,2,69939,5,0,10,0,-5,29,6,10,,,0,
2021-10-16 16:58:33,0.3,754503,0.5,184387,1,46626,2,76298,5,4238,10,2119,-5,29,6,10,,,0,
2021-10-16 16:58:43,0.3,792652,0.5,154715,1,65701,2,80536,5,6358,10,0,-5,30,6,10,,,0,
2021-10-16 16:58:53,0.3,659131,0.5,220416,1,86895,2,105969,5,0,10,0,-5,34,6,10,,,0,
2021-10-16 16:59:03,0.3,811727,0.5,165312,1,93253,2,86895,5,0,10,0,-5,38,6,10,,,0,
2021-10-16 16:59:13,0.3,845637,0.5,203461,1,59342,2,127163,5,0,10,0,-4,43,6,10,,,0,
2021-10-16 16:59:23,0.3,1051218,0.5,267043,1,114447,2,135641,5,2119,10,0,-4,44,6,10,,,0,
2021-10-16 16:59:33,0.3,1945602,0.5,544683,1,235252,2,192864,5,0,10,0,-3,43,6,10,,,0,
2021-10-16 16:59:43,0.3,4202755,0.5,1188979,1,563758,2,421759,5,2119,10,0,-3,37,6,10,,,0,
2021-10-16 16:59:53,0.3,5504062,0.5,1551395,1,601907,2,523489,5,0,10,0,-2,30,6,10,,,0,
2021-10-16 17:00:03,0.3,2517838,0.5,614623,1,256446,2,171670,5,4238,10,0,-2,30,6,10,,,0,
2021-10-16 17:00:13,0.3,1833274,0.5,368774,1,125044,2,103850,5,0,10,0,-2,34,6,10,,,0,
2021-10-16 17:00:23,0.3,1820558,0.5,341222,1,150476,2,118685,5,0,10,0,-2,38,6,10,,,0,
2021-10-16 17:00:33,0.3,1542917,0.5,262804,1,141999,2,99611,5,0,10,0,-1,41,6,10,,,0,
2021-10-16 17:00:43,0.3,1125397,0.5,127163,1,40268,2,36029,5,0,10,0,-1,46,6,10,,,0,
2021-10-16 17:00:53,0.3,1299187,0.5,175909,1,31790,2,46626,5,0,10,0,0,49,6,10,,,0,
2021-10-16 17:01:03,0.3,1417873,0.5,150476,1,67820,2,42387,5,0,10,0,0,49,6,10,,,0,
2021-10-16 17:01:13,0.3,1445425,0.5,144118,1,48746,2,19074,5,0,10,0,0,49,6,10,,,0,
2021-10-16 17:01:23,0.3,1502649,0.5,173790,1,55104,2,38149,5,0,10,0,1,49,6,10,,,0,
2021-10-16 17:01:33,0.3,2002825,0.5,186506,1,65701,2,44507,5,0,10,0,1,47,6,10,,,0,
2021-10-16 17:01:43,0.3,2093959,0.5,194984,1,78417,2,72059,5,0,10,0,1,46,6,10,,,0,
2021-10-16 17:01:53,0.3,2454256,0.5,277640,1,114447,2,61462,5,2119,10,0,1,44,6,10,,,0,
2021-10-16 17:02:03,0.3,3087954,0.5,341222,1,103850,2,89014,5,4238,10,0,1,43,6,10,,,0,
2021-10-16 17:02:13,0.3,2649240,0.5,275521,1,91133,2,67820,5,0,10,0,2,44,6,10,,,0,
2021-10-16 17:02:23,0.3,2015542,0.5,250088,1,80536,2,59342,5,0,10,0,1,46,6,10,,,0,
2021-10-16 17:02:33,0.3,2117273,0.5,182267,1,46626,2,42387,5,0,10,0,1,44,6,10,,,0,
2021-10-16 17:02:43,0.3,1725185,0.5,216178,1,42387,2,29671,5,0,10,0,1,41,6,10,,,0,
2021-10-16 17:02:53,0.3,1898975,0.5,173790,1,50865,2,40268,5,0,10,0,1,44,6,10,,,0,
2021-10-16 17:03:03,0.3,1850229,0.5,197103,1,52984,2,36029,5,4238,10,0,1,47,6,10,,,0,
2021-10-16 17:03:13,0.3,1740021,0.5,169551,1,36029,2,46626,5,0,10,0,1,48,6,10,,,0,
2021-10-16 17:03:23,0.3,1763334,0.5,180148,1,57223,2,40268,5,0,10,0,2,49,6,10,,,0,
2021-10-16 17:03:33,0.3,2187213,0.5,205581,1,29671,2,42387,5,0,10,0,2,50,6,10,,,0,
2021-10-16 17:03:43,0.3,2193571,0.5,180148,1,44507,2,40268,5,0,10,0,2,51,6,10,,,0,
2021-10-16 17:03:53,0.3,2642882,0.5,254327,1,65701,2,19074,5,2119,10,0,2,52,6,10,,,0,
2021-10-16 17:04:03,0.3,2526315,0.5,243730,1,67820,2,36029,5,2119,10,2119,2,52,6,10,,,0,
2021-10-16 17:04:13,0.3,2498763,0.5,233133,1,50865,2,44507,5,0,10,0,2,52,6,10,,,0,
2021-10-16 17:04:23,0.3,2996820,0.5,237371,1,72059,2,38149,5,2119,10,0,3,51,6,10,,,0,
2021-10-16 17:04:33,0.3,3492758,0.5,317908,1,55104,2,42387,5,0,10,0,2,52,6,10,,,0,
2021-10-16 17:04:43,0.3,3708936,0.5,317908,1,65701,2,38149,5,0,10,0,2,54,6,10,,,0,
2021-10-16 17:04:53,0.3,4514306,0.5,425997,1,69939,2,42387,5,0,10,0,2,57,6,10,,,0,
2021-10-16 17:05:03,0.3,4914871,0.5,351819,1,52984,2,55104,5,0,10,0,2,59,6,10,,,0,
2021-10-16 17:05:13,0.3,7417873,0.5,555280,1,69939,2,84775,5,2119,10,0,3,66,6,10,,,0,
2021-10-16 17:05:23,0.3,7345814,0.5,548922,1,97492,2,57223,5,0,10,0,3,68,6,10,,,0,
2021-10-16 17:05:33,0.3,7500529,0.5,610385,1,105969,2,63581,5,4238,10,0,3,69,6,10,,,0,
2021-10-16 17:05:43,0.3,7220770,0.5,515012,1,99611,2,72059,5,0,10,0,4,68,6,10,,,0,
2021-10-16 17:05:53,0.3,7578947,0.5,985517,1,485340,2,964323,5,610385,10,322147,4,67,6,10,,,0,
2021-10-16 17:06:03,0.3,13375485,0.5,5783822,1,3484281,2,9183327,5,6027552,10,2755210,4,69,6,10,,,0,
2021-10-16 17:06:13,0.3,6828682,0.5,606146,1,146238,2,101730,5,8477,10,2119,4,69,6,10,,,0,
2021-10-16 17:06:23,0.3,6627340,0.5,599788,1,95372,2,97492,5,4238,10,0,4,68,6,10,,,0,
2021-10-16 17:06:33,0.3,6714235,0.5,544683,1,103850,2,78417,5,0,10,0,4,68,6,10,,,0,
2021-10-16 17:06:43,0.3,6811727,0.5,606146,1,127163,2,76298,5,2119,10,0,4,68,6,10,,,0,
2021-10-16 17:06:53,0.3,6629459,0.5,599788,1,105969,2,80536,5,2119,10,0,4,69,6,10,,,0,
2021-10-16 17:07:03,0.3,6404804,0.5,561639,1,103850,2,65701,5,2119,10,2119,4,70,6,10,,,0,
2021-10-16 17:07:13,0.3,6741787,0.5,591310,1,95372,2,95372,5,2119,10,0,4,71,6,10,,,0,
2021-10-16 17:07:23,0.3,6400565,0.5,529848,1,105969,2,72059,5,4238,10,4238,4,71,6,10,,,0,
2021-10-16 17:07:33,0.3,6498057,0.5,536206,1,95372,2,69939,5,2119,10,0,4,69,6,10,,,0,
2021-10-16 17:07:43,0.3,6303073,0.5,572235,1,97492,2,65701,5,2119,10,2119,4,68,6,10,,,0,
2021-10-16 17:07:53,0.3,6171670,0.5,521370,1,76298,2,61462,5,4238,10,0,5,68,6,10,,,0,
2021-10-16 17:08:03,0.3,6103850,0.5,476863,1,76298,2,76298,5,12716,10,0,5,69,6,10,,,0,
2021-10-16 17:08:13,0.3,6010597,0.5,525609,1,86895,2,72059,5,4238,10,0,5,69,6,10,,,0,
2021-10-16 17:08:23,0.3,6252207,0.5,620981,1,95372,2,74178,5,4238,10,0,5,67,6,10,,,0,
2021-10-16 17:08:33,0.3,6294595,0.5,555280,1,114447,2,69939,5,2119,10,2119,5,67,6,10,,,0,
2021-10-16 17:08:43,0.3,6271282,0.5,506534,1,86895,2,99611,5,2119,10,0,5,66,6,10,,,0,
2021-10-16 17:08:53,0.3,6222536,0.5,601907,1,110208,2,72059,5,4238,10,2119,5,64,6,10,,,0,
2021-10-16 17:09:03,0.3,6347580,0.5,567997,1,114447,2,91133,5,4238,10,0,5,65,6,10,,,0,
2021-10-16 17:09:13,0.3,6531967,0.5,510773,1,86895,2,95372,5,0,10,2119,5,66,6,10,,,0,
2021-10-16 17:09:23,0.3,6614623,0.5,567997,1,108089,2,78417,5,6358,10,2119,5,68,6,10,,,0,
2021-10-16 17:09:33,0.3,6432356,0.5,517131,1,99611,2,80536,5,2119,10,0,5,67,6,10,,,0,
2021-10-16 17:09:43,0.3,6555280,0.5,584952,1,95372,2,74178,5,2119,10,0,6,67,6,10,,,0,
2021-10-16 17:09:53,0.3,6919816,0.5,616743,1,112327,2,69939,5,8477,10,0,6,68,6,10,,,0,
2021-10-16 17:10:03,0.3,6570116,0.5,665489,1,84775,2,80536,5,6358,10,0,6,67,6,10,,,0,
2021-10-16 17:10:13,0.3,6618862,0.5,693041,1,114447,2,76298,5,8477,10,0,6,66,6,10,,,0,
2021-10-16 17:10:23,0.3,6911338,0.5,661250,1,93253,2,63581,5,2119,10,0,6,65,6,10,,,0,
2021-10-16 17:10:33,0.3,7097845,0.5,589191,1,127163,2,59342,5,0,10,0,6,63,6,10,,,0,
2021-10-16 17:10:43,0.3,6788414,0.5,646414,1,108089,2,52984,5,10596,10,0,6,63,6,10,,,0,
2021-10-16 17:10:53,0.3,6822324,0.5,555280,1,103850,2,67820,5,2119,10,2119,6,64,6,10,,,0,
2021-10-16 17:11:03,0.3,6519251,0.5,561639,1,95372,2,80536,5,6358,10,0,6,63,6,10,,,0,
2021-10-16 17:11:13,0.3,6631578,0.5,686683,1,116566,2,67820,5,6358,10,0,6,62,6,10,,,0,
2021-10-16 17:11:23,0.3,6616743,0.5,614623,1,112327,2,57223,5,2119,10,0,7,62,6,10,,,0,
2021-10-16 17:11:33,0.3,6521370,0.5,591310,1,112327,2,63581,5,6358,10,2119,7,61,6,10,,,0,
2021-10-16 17:11:43,0.3,6593429,0.5,599788,1,82656,2,97492,5,2119,10,2119,7,60,6,10,,,0,
2021-10-16 17:11:53,0.3,6720593,0.5,604026,1,93253,2,69939,5,4238,10,2119,7,60,6,10,,,0,
2021-10-16 17:12:03,0.3,6478982,0.5,620981,1,93253,2,69939,5,4238,10,0,7,61,6,10,,,0,
2021-10-16 17:12:13,0.3,6398445,0.5,589191,1,78417,2,65701,5,0,10,0,7,60,6,10,,,0,
2021-10-16 17:12:23,0.3,6445072,0.5,551042,1,118685,2,52984,5,4238,10,0,7,61,6,10,,,0,
2021-10-16 17:12:33,0.3,6557400,0.5,538325,1,93253,2,61462,5,2119,10,0,7,61,6,10,,,0,
2021-10-16 17:12:43,0.3,6779936,0.5,625220,1,108089,2,72059,5,4238,10,0,7,62,6,10,,,0,
2021-10-16 17:12:53,0.3,6762981,0.5,553161,1,110208,2,84775,5,2119,10,0,7,61,6,10,,,0,
2021-10-16 17:13:03,0.3,6949487,0.5,633698,1,105969,2,80536,5,2119,10,4238,7,60,6,10,,,0,
2021-10-16 17:13:13,0.3,6936771,0.5,523489,1,97492,2,55104,5,4238,10,0,7,60,6,10,,,0,
2021-10-16 17:13:23,0.3,6796891,0.5,652772,1,103850,2,97492,5,0,10,0,7,60,6,10,,,0,
2021-10-16 17:13:33,0.3,6983398,0.5,642175,1,118685,2,63581,5,2119,10,0,7,59,6,10,,,0,
2021-10-16 17:13:43,0.3,6786294,0.5,705757,1,97492,2,76298,5,2119,10,0,7,60,6,10,,,0,
2021-10-16 17:13:53,0.3,6762981,0.5,652772,1,108089,2,82656,5,2119,10,0,7,60,6,10,,,0,
2021-10-16 17:14:03,0.3,6593429,0.5,604026,1,112327,2,61462,5,2119,10,2119,7,60,6,10,,,0,
2021-10-16 17:14:13,0.3,6900741,0.5,570116,1,112327,2,108089,5,0,10,2119,7,60,6,10,,,0,
2021-10-16 17:14:23,0.3,6924055,0.5,642175,1,84775,2,86895,5,2119,10,0,7,59,6,10,,,0,
2021-10-16 17:14:33,0.3,7231367,0.5,620981,1,103850,2,55104,5,2119,10,0,7,59,6,10,,,0,
2021-10-16 17:14:43,0.3,7159307,0.5,650653,1,120805,2,69939,5,4238,10,2119,7,59,6,10,,,0,
2021-10-16 17:14:53,0.3,7392440,0.5,661250,1,114447,2,69939,5,2119,10,0,7,59,6,10,,,0,
2021-10-16 17:15:03,0.3,7271635,0.5,654892,1,127163,2,82656,5,4238,10,0,7,59,6,10,,,0,
2021-10-16 17:15:13,0.3,6926174,0.5,720593,1,86895,2,63581,5,4238,10,0,7,60,6,10,,,0,
2021-10-16 17:15:23,0.3,7169904,0.5,657011,1,103850,2,95372,5,6358,10,0,7,61,6,10,,,0,
2021-10-16 17:15:33,0.3,7019427,0.5,604026,1,116566,2,95372,5,0,10,0,8,59,6,10,,,0,
2021-10-16 17:15:43,0.3,7129636,0.5,618862,1,101730,2,86895,5,2119,10,2119,8,58,6,10,,,0,
2021-10-16 17:15:53,0.3,7004592,0.5,654892,1,118685,2,82656,5,0,10,0,8,58,6,10,,,0,
2021-10-16 17:16:03,0.3,6809607,0.5,593429,1,122924,2,72059,5,4238,10,0,8,58,6,10,,,0,
2021-10-16 17:16:13,0.3,6786294,0.5,584952,1,91133,2,67820,5,2119,10,0,8,57,6,10,,,0,
2021-10-16 17:16:23,0.3,6947368,0.5,678205,1,82656,2,80536,5,4238,10,0,8,57,6,10,,,0,
2021-10-16 17:16:33,0.3,7049099,0.5,642175,1,110208,2,97492,5,2119,10,2119,7,57,6,10,,,0,
2021-10-16 17:16:43,0.3,7025785,0.5,604026,1,112327,2,76298,5,0,10,2119,8,57,6,10,,,0,
2021-10-16 17:16:53,0.3,6837160,0.5,548922,1,103850,2,78417,5,6358,10,0,8,57,6,10,,,0,
2021-10-16 17:17:03,0.3,6678205,0.5,591310,1,105969,2,63581,5,2119,10,0,8,57,6,10,,,0,
2021-10-16 17:17:13,0.3,6695160,0.5,640056,1,93253,2,52984,5,2119,10,0,8,56,6,10,,,0,
2021-10-16 17:17:23,0.3,6682444,0.5,576474,1,91133,2,82656,5,0,10,2119,8,56,6,10,,,0,
2021-10-16 17:17:33,0.3,6902861,0.5,582832,1,89014,2,72059,5,0,10,0,8,58,6,10,,,0,
2021-10-16 17:17:43,0.3,6606146,0.5,572235,1,99611,2,59342,5,4238,10,0,8,58,6,10,,,0,
2021-10-16 17:17:53,0.3,6487460,0.5,661250,1,135641,2,93253,5,2119,10,0,8,58,6,10,,,0,
2021-10-16 17:18:03,0.3,6771458,0.5,661250,1,148357,2,78417,5,0,10,0,8,59,6,10,,,0,
2021-10-16 17:18:13,0.3,6451430,0.5,614623,1,105969,2,48746,5,0,10,0,8,58,6,10,,,0,
2021-10-16 17:18:23,0.3,6334864,0.5,652772,1,105969,2,95372,5,8477,10,0,8,59,6,10,,,0,
2021-10-16 17:18:33,0.3,6620982,0.5,604026,1,127163,2,61462,5,2119,10,0,8,57,6,10,,,0,
2021-10-16 17:18:43,0.3,6421759,0.5,642175,1,131402,2,65701,5,4238,10,0,8,58,6,10,,,0,
2021-10-16 17:18:53,0.3,6455669,0.5,557400,1,131402,2,76298,5,4238,10,0,8,57,6,10,,,0,
2021-10-16 17:19:03,0.3,6642175,0.5,614623,1,89014,2,57223,5,0,10,2119,8,57,6,10,,,0,
2021-10-16 17:19:13,0.3,6451430,0.5,604026,1,118685,2,82656,5,0,10,2119,8,57,6,10,,,0,
2021-10-16 17:19:23,0.3,6317908,0.5,567997,1,89014,2,63581,5,2119,10,0,8,56,6,10,,,0,
2021-10-16 17:19:33,0.3,6313670,0.5,648534,1,103850,2,59342,5,2119,10,0,8,56,6,10,,,0,
2021-10-16 17:19:43,0.3,6447191,0.5,599788,1,125044,2,59342,5,2119,10,0,8,56,6,10,,,0,
2021-10-16 17:19:53,0.3,6565877,0.5,610385,1,97492,2,65701,5,0,10,0,8,56,6,10,,,0,
2021-10-16 17:20:03,0.3,11139526,0.5,4834334,1,3346520,2,9533027,5,6150476,10,2600494,8,57,6,10,,,0,
2021-10-16 17:20:13,0.3,15280819,0.5,8672554,1,6042387,2,19099964,5,14182974,10,6228894,8,58,6,10,,,0,
2021-10-16 17:20:23,0.3,9206640,0.5,2922642,1,1487813,2,3730130,5,2337689,10,803249,9,59,6,10,,,0,
2021-10-16 17:20:33,0.3,8310137,0.5,2816672,1,1547156,2,3304132,5,1602260,10,686683,9,61,6,10,,,0,
2021-10-16 17:20:43,0.3,6262804,0.5,841398,1,197103,2,254327,5,44507,10,10596,9,58,6,10,,,0,
2021-10-16 17:20:53,0.3,6014835,0.5,595549,1,131402,2,69939,5,8477,10,4238,9,56,6,10,,,0,
2021-10-16 17:21:03,0.3,6199222,0.5,515012,1,101730,2,72059,5,14835,10,8477,9,55,6,10,,,0,
2021-10-16 17:21:13,0.3,5978806,0.5,580713,1,125044,2,63581,5,2119,10,0,9,53,6,10,,,0,
2021-10-16 17:21:23,0.3,6036029,0.5,525609,1,118685,2,65701,5,4238,10,2119,9,52,6,10,,,0,
2021-10-16 17:21:33,0.3,6152596,0.5,542564,1,129282,2,63581,5,2119,10,0,10,51,6,10,,,0,
2021-10-16 17:21:43,0.3,6267043,0.5,563758,1,125044,2,48746,5,2119,10,0,10,52,6,10,,,0,
2021-10-16 17:21:53,0.3,6067820,0.5,491699,1,110208,2,84775,5,2119,10,6358,10,51,6,10,,,0,
2021-10-16 17:22:03,0.3,6012716,0.5,534086,1,103850,2,74178,5,6358,10,0,10,51,6,10,,,0,
2021-10-16 17:22:13,0.3,6112327,0.5,565877,1,105969,2,63581,5,0,10,0,10,51,6,10,,,0,
2021-10-16 17:22:23,0.3,6165312,0.5,555280,1,97492,2,59342,5,0,10,0,10,54,6,10,,,0,
2021-10-16 17:22:33,0.3,6394207,0.5,578594,1,95372,2,80536,5,8477,10,2119,11,55,6,10,,,0,
2021-10-16 17:22:43,0.3,11919463,0.5,4567290,1,2986223,2,11290003,5,13877781,10,6292476,11,51,6,10,,,0,
2021-10-16 17:22:53,0.3,9651713,0.5,5813493,1,5194630,2,25210172,5,26257152,10,18640056,11,50,6,10,,,0,
2021-10-16 17:23:03,0.3,7697633,0.5,2062168,1,1333097,2,3780996,5,2064288,10,1112681,11,49,6,10,,,0,
2021-10-16 17:23:13,0.3,6572236,0.5,820204,1,271282,2,485340,5,59342,10,10596,11,49,6,10,,,0,
2021-10-16 17:23:23,0.3,8252914,0.5,2291063,1,1322500,2,4048039,5,3605086,10,1822677,11,50,6,10,,,0,
2021-10-16 17:23:33,0.3,7210173,0.5,2032497,1,1343694,2,4802543,5,4647827,10,2416107,11,48,6,10,,,0,
2021-10-16 17:23:43,0.3,10736842,0.5,4410455,1,3450370,2,10681738,5,5643942,10,4289650,12,47,6,10,,,0,
2021-10-16 17:23:53,0.3,6695160,0.5,932532,1,328505,2,695160,5,434475,10,224655,12,47,6,10,,,0,
2021-10-16 17:24:03,0.3,6254327,0.5,614623,1,139879,2,320028,5,264924,10,141999,12,47,6,10,,,0,
2021-10-16 17:24:13,0.3,6292476,0.5,540445,1,137760,2,125044,5,95372,10,95372,12,47,6,10,,,0,
2021-10-16 17:24:23,0.3,6389968,0.5,595549,1,112327,2,201342,5,247968,10,120805,12,46,6,10,,,0,
2021-10-16 17:24:33,0.3,6428117,0.5,601907,1,110208,2,141999,5,154715,10,84775,12,45,6,10,,,0,
2021-10-16 17:24:43,0.3,6328505,0.5,538325,1,116566,2,120805,5,101730,10,82656,11,45,6,10,,,0,
2021-10-16 17:24:53,0.3,6341222,0.5,567997,1,108089,2,99611,5,80536,10,63581,12,45,6,10,,,0,
2021-10-16 17:25:03,0.3,6438714,0.5,561639,1,120805,2,108089,5,78417,10,46626,12,45,6,10,,,0,
2021-10-16 17:25:13,0.3,6515012,0.5,623101,1,116566,2,139879,5,42387,10,16955,12,45,6,10,,,0,
2021-10-16 17:25:23,0.3,6409042,0.5,671847,1,116566,2,214058,5,141999,10,86895,12,46,6,10,,,0,
2021-10-16 17:25:33,0.3,6746026,0.5,701518,1,131402,2,144118,5,84775,10,50865,12,45,6,10,,,0,
2021-10-16 17:25:43,0.3,6924055,0.5,652772,1,139879,2,154715,5,23313,10,21193,12,45,6,10,,,0,
2021-10-16 17:25:53,0.3,6953726,0.5,688802,1,120805,2,131402,5,23313,10,19074,12,46,6,10,,,0,
2021-10-16 17:26:03,0.3,7078770,0.5,627340,1,110208,2,131402,5,23313,10,4238,13,45,6,10,,,0,
2021-10-16 17:26:13,0.3,7066054,0.5,707877,1,144118,2,226774,5,42387,10,21193,12,44,6,10,,,0,
2021-10-16 17:26:23,0.3,7178382,0.5,703638,1,156835,2,188625,5,36029,10,31790,12,45,6,10,,,0,
2021-10-16 17:26:33,0.3,7487813,0.5,678205,1,150476,2,156835,5,38149,10,16955,12,45,6,10,,,0,
2021-10-16 17:26:43,0.3,7172024,0.5,746026,1,144118,2,144118,5,55104,10,25432,13,45,6,10,,,0,
2021-10-16 17:26:53,0.3,7284351,0.5,644295,1,125044,2,89014,5,31790,10,10596,13,45,6,10,,,0,
2021-10-16 17:27:03,0.3,7360649,0.5,661250,1,148357,2,69939,5,25432,10,16955,12,44,6,10,,,0,
2021-10-16 17:27:13,0.3,7367008,0.5,678205,1,112327,2,82656,5,31790,10,12716,12,45,6,10,,,0,
2021-10-16 17:27:23,0.3,7161427,0.5,659131,1,114447,2,80536,5,23313,10,8477,12,45,6,10,,,0,
2021-10-16 17:27:33,0.3,7441186,0.5,701518,1,120805,2,103850,5,33910,10,29671,12,45,6,10,,,0,
2021-10-16 17:27:43,0.3,7099964,0.5,654892,1,135641,2,101730,5,10596,10,2119,12,45,6,10,,,0,
2021-10-16 17:27:53,0.3,7210173,0.5,718474,1,112327,2,63581,5,8477,10,4238,13,46,6,10,,,0,
2021-10-16 17:28:03,0.3,6612504,0.5,595549,1,105969,2,105969,5,40268,10,40268,13,45,6,10,,,0,
2021-10-16 17:28:13,0.3,6332744,0.5,521370,1,103850,2,84775,5,38149,10,29671,13,43,6,10,,,0,
2021-10-16 17:28:23,0.3,6169551,0.5,555280,1,110208,2,80536,5,31790,10,8477,13,42,6,10,,,0,
2021-10-16 17:28:33,0.3,6370893,0.5,595549,1,95372,2,82656,5,19074,10,6358,13,43,6,10,,,0,
2021-10-16 17:28:43,0.3,6898622,0.5,582832,1,116566,2,82656,5,29671,10,14835,13,43,6,10,,,0,
2021-10-16 17:28:53,0.3,6941010,0.5,648534,1,118685,2,78417,5,23313,10,21193,13,44,6,10,,,0,
2021-10-16 17:29:03,0.3,6945249,0.5,587071,1,99611,2,61462,5,6358,10,6358,13,44,6,10,,,0,
2021-10-16 17:29:13,0.3,6885906,0.5,578594,1,82656,2,78417,5,8477,10,8477,13,44,6,10,,,0,
2021-10-16 17:29:23,0.3,6915577,0.5,627340,1,72059,2,82656,5,19074,10,14835,13,44,6,10,,,0,
2021-10-16 17:29:33,0.3,6616743,0.5,567997,1,114447,2,69939,5,10596,10,10596,14,43,6,10,,,0,
2021-10-16 17:29:43,0.3,6686683,0.5,623101,1,116566,2,65701,5,21193,10,19074,14,42,6,10,,,0,
2021-10-16 17:29:53,0.3,6432356,0.5,512892,1,86895,2,72059,5,10596,10,19074,14,42,6,10,,,0,
2021-10-16 17:30:03,0.3,6288237,0.5,627340,1,95372,2,72059,5,8477,10,8477,14,42,6,10,,,0,
2021-10-16 17:30:13,0.3,6392087,0.5,595549,1,114447,2,76298,5,6358,10,2119,14,41,6,10,,,0,
2021-10-16 17:30:23,0.3,6438714,0.5,561639,1,93253,2,91133,5,12716,10,2119,14,40,6,10,,,0,
2021-10-16 17:30:33,0.3,6474743,0.5,563758,1,101730,2,84775,5,19074,10,19074,14,40,6,10,,,0,
2021-10-16 17:30:43,0.3,6375132,0.5,544683,1,120805,2,84775,5,10596,10,10596,14,40,6,10,,,0,
2021-10-16 17:30:53,0.3,6341222,0.5,616743,1,127163,2,65701,5,6358,10,2119,14,41,6,10,,,0,
2021-10-16 17:31:03,0.3,6739667,0.5,559519,1,125044,2,78417,5,10596,10,2119,14,41,6,10,,,0,
2021-10-16 17:31:13,0.3,6584952,0.5,606146,1,97492,2,74178,5,8477,10,8477,14,42,6,10,,,0,
2021-10-16 17:31:23,0.3,6389968,0.5,561639,1,133521,2,91133,5,16955,10,4238,14,41,6,10,,,0,
2021-10-16 17:31:33,0.3,6731190,0.5,616743,1,93253,2,84775,5,12716,10,2119,14,42,6,10,,,0,
2021-10-16 17:31:43,0.3,6862592,0.5,627340,1,110208,2,101730,5,8477,10,12716,13,42,6,10,,,0,
2021-10-16 17:31:53,0.3,6714235,0.5,637937,1,76298,2,59342,5,4238,10,4238,13,44,6,10,,,0,
2021-10-16 17:32:03,0.3,6495937,0.5,652772,1,131402,2,103850,5,12716,10,2119,13,44,6,10,,,0,
2021-10-16 17:32:13,0.3,6970681,0.5,623101,1,114447,2,55104,5,10596,10,0,13,43,6,10,,,0,
2021-10-16 17:32:23,0.3,6483221,0.5,557400,1,116566,2,59342,5,12716,10,8477,13,43,6,10,,,0,
2021-10-16 17:32:33,0.3,5947015,0.5,546803,1,97492,2,63581,5,2119,10,0,13,42,6,10,,,0,
2021-10-16 17:32:43,0.3,6063581,0.5,502296,1,97492,2,59342,5,10596,10,6358,13,42,6,10,,,0,
2021-10-16 17:32:53,0.3,6387848,0.5,584952,1,120805,2,69939,5,4238,10,2119,13,41,6,10,,,0,
2021-10-16 17:33:03,0.3,6525609,0.5,616743,1,93253,2,80536,5,4238,10,4238,13,42,6,10,,,0,
2021-10-16 17:33:13,0.3,6949487,0.5,580713,1,105969,2,80536,5,8477,10,14835,13,42,6,10,,,0,
2021-10-16 17:33:23,0.3,6709996,0.5,542564,1,118685,2,86895,5,4238,10,0,13,41,6,10,,,0,
2021-10-16 17:33:33,0.3,6262804,0.5,614623,1,99611,2,50865,5,4238,10,0,13,42,6,10,,,0,
2021-10-16 17:33:43,0.3,5684210,0.5,572235,1,99611,2,57223,5,6358,10,8477,13,40,6,10,,,0,
2021-10-16 17:33:53,0.3,5877075,0.5,515012,1,95372,2,55104,5,6358,10,0,13,40,6,10,,,0,
2021-10-16 17:34:03,0.3,5993641,0.5,557400,1,99611,2,86895,5,8477,10,4238,13,39,6,10,,,0,
2021-10-16 17:34:13,0.3,5735076,0.5,544683,1,118685,2,67820,5,14835,10,4238,13,39,6,10,,,0,
2021-10-16 17:34:23,0.3,5887672,0.5,504415,1,86895,2,69939,5,4238,10,2119,13,39,6,10,,,0,
2021-10-16 17:34:33,0.3,5529494,0.5,519251,1,82656,2,63581,5,8477,10,2119,13,39,6,10,,,0,
2021-10-16 17:34:43,0.3,5730837,0.5,546803,1,65701,2,55104,5,8477,10,0,13,38,6,10,,,0,
2021-10-16 17:34:53,0.3,5658777,0.5,515012,1,69939,2,38149,5,8477,10,0,13,38,6,10,,,0,
2021-10-16 17:35:03,0.3,5451077,0.5,515012,1,108089,2,61462,5,4238,10,0,13,38,6,10,,,0,
2021-10-16 17:35:13,0.3,5605793,0.5,455669,1,95372,2,52984,5,10596,10,2119,13,39,6,10,,,0,
2021-10-16 17:35:23,0.3,5501942,0.5,548922,1,112327,2,52984,5,6358,10,2119,13,38,6,10,,,0,
2021-10-16 17:35:33,0.3,5855881,0.5,563758,1,72059,2,59342,5,10596,10,4238,13,37,6,10,,,0,
2021-10-16 17:35:43,0.3,5690568,0.5,447191,1,97492,2,38149,5,4238,10,0,13,37,6,10,,,0,
2021-10-16 17:35:53,0.3,5523136,0.5,546803,1,97492,2,67820,5,4238,10,14835,13,38,6,10,,,0,
2021-10-16 17:36:03,0.3,5521017,0.5,561639,1,97492,2,59342,5,8477,10,6358,13,38,6,10,,,0,
2021-10-16 17:36:13,0.3,5690568,0.5,536206,1,95372,2,42387,5,6358,10,0,13,37,6,10,,,0,
2021-10-16 17:36:23,0.3,5612151,0.5,500176,1,91133,2,59342,5,4238,10,0,13,38,6,10,,,0,
2021-10-16 17:36:33,0.3,5713882,0.5,432356,1,78417,2,57223,5,2119,10,0,13,38,6,10,,,0,
2021-10-16 17:36:43,0.3,5595196,0.5,515012,1,105969,2,74178,5,6358,10,0,14,39,6,10,,,0,
2021-10-16 17:36:53,0.3,5703285,0.5,508654,1,108089,2,61462,5,2119,10,2119,14,39,6,10,,,0,
2021-10-16 17:37:03,0.3,6201342,0.5,546803,1,76298,2,69939,5,21193,10,12716,13,37,6,10,,,0,
2021-10-16 17:37:13,0.3,6061462,0.5,610385,1,86895,2,52984,5,8477,10,19074,12,37,6,10,,,0,
2021-10-16 17:37:23,0.3,6057223,0.5,620981,1,95372,2,57223,5,10596,10,4238,12,39,6,10,,,0,
2021-10-16 17:37:33,0.3,5872836,0.5,561639,1,91133,2,72059,5,33910,10,14835,12,38,6,10,,,0,
2021-10-16 17:37:43,0.3,6120805,0.5,540445,1,69939,2,52984,5,12716,10,2119,12,39,6,10,,,0,
2021-10-16 17:37:53,0.3,6122924,0.5,500176,1,82656,2,59342,5,0,10,0,12,39,6,10,,,0,
2021-10-16 17:38:03,0.3,6129282,0.5,544683,1,114447,2,63581,5,6358,10,0,12,39,6,10,,,0,
2021-10-16 17:38:13,0.3,6050865,0.5,521370,1,78417,2,55104,5,0,10,0,13,39,6,10,,,0,
2021-10-16 17:38:23,0.3,5879194,0.5,544683,1,86895,2,59342,5,0,10,0,13,40,6,10,,,0,
2021-10-16 17:38:33,0.3,6283998,0.5,529848,1,86895,2,69939,5,0,10,0,14,40,6,10,,,0,
2021-10-16 17:38:43,0.3,6313670,0.5,508654,1,108089,2,52984,5,2119,10,0,14,38,6,10,,,0,
2021-10-16 17:38:53,0.3,6175909,0.5,561639,1,84775,2,50865,5,8477,10,6358,14,38,6,10,,,0,
2021-10-16 17:39:03,0.3,6275521,0.5,546803,1,114447,2,95372,5,36029,10,25432,14,37,6,10,,,0,
2021-10-16 17:39:13,0.3,6317908,0.5,534086,1,118685,2,65701,5,12716,10,6358,14,37,6,10,,,0,
2021-10-16 17:39:23,0.3,6135641,0.5,534086,1,86895,2,61462,5,8477,10,2119,14,37,6,10,,,0,
2021-10-16 17:39:33,0.3,7184740,0.5,1182621,1,595549,2,1220770,5,953726,10,515012,15,37,6,10,,,0,
2021-10-16 17:39:43,0.3,10510067,0.5,3422818,1,2293182,2,5917343,5,4772871,10,2443659,15,38,6,10,,,0,
2021-10-16 17:39:53,0.3,14407629,0.5,5548569,1,3840339,2,9569057,5,5881314,10,3333804,15,37,6,10,,,0,
2021-10-16 17:40:03,0.3,8460614,0.5,2138467,1,1316142,2,3149417,5,1922288,10,960084,15,36,6,10,,,0,
2021-10-16 17:40:13,0.3,8091840,0.5,1926527,1,1068173,2,2558106,5,1574708,10,676086,15,35,6,10,,,0,
2021-10-16 17:40:23,0.3,6572236,0.5,625220,1,122924,2,188625,5,103850,10,50865,15,33,6,10,,,0,
2021-10-16 17:40:33,0.3,6110208,0.5,587071,1,93253,2,80536,5,33910,10,6358,16,33,6,10,,,0,
2021-10-16 17:40:43,0.3,6508654,0.5,707877,1,211939,2,307311,5,239491,10,146238,16,33,6,10,,,0,
2021-10-16 17:40:53,0.3,6425997,0.5,553161,1,135641,2,154715,5,133521,10,95372,15,33,6,10,,,0,
2021-10-16 17:41:03,0.3,6260685,0.5,561639,1,105969,2,89014,5,25432,10,25432,15,33,6,10,,,0,
2021-10-16 17:41:13,0.3,6091133,0.5,534086,1,110208,2,95372,5,38149,10,19074,14,33,6,10,,,0,
2021-10-16 17:41:23,0.3,6169551,0.5,534086,1,112327,2,57223,5,33910,10,12716,14,34,6,10,,,0,
2021-10-16 17:41:33,0.3,6438714,0.5,663369,1,192864,2,228894,5,167432,10,74178,14,35,6,10,,,0,
2021-10-16 17:41:43,0.3,6489579,0.5,748145,1,226774,2,406923,5,241610,10,105969,14,35,6,10,,,0,
2021-10-16 17:41:53,0.3,6211939,0.5,709996,1,154715,2,271282,5,101730,10,55104,14,35,6,10,,,0,
2021-10-16 17:42:03,0.3,6404804,0.5,786294,1,209819,2,330625,5,139879,10,80536,14,35,6,10,,,0,
2021-10-16 17:42:13,0.3,6612504,0.5,847756,1,283998,2,519251,5,252207,10,133521,15,35,6,10,,,0,
2021-10-16 17:42:23,0.3,6332744,0.5,565877,1,110208,2,120805,5,27552,10,16955,14,35,6,10,,,0,
2021-10-16 17:42:33,0.3,6180148,0.5,555280,1,148357,2,146238,5,65701,10,27552,14,34,6,10,,,0,
2021-10-16 17:42:43,0.3,7233486,0.5,1102084,1,531967,2,1174143,5,565877,10,313670,15,35,6,10,,,0,
2021-10-16 17:42:53,0.3,7248322,0.5,1324620,1,750264,2,1701872,5,996114,10,580713,15,37,6,10,,,0,
2021-10-16 17:43:03,0.3,7114800,0.5,1388202,1,705757,2,1621335,5,1008830,10,470505,15,36,6,10,,,0,
2021-10-16 17:43:13,0.3,6483221,0.5,828682,1,345460,2,729071,5,351819,10,211939,15,34,6,10,,,0,
2021-10-16 17:43:23,0.3,6688802,0.5,1191098,1,578594,2,1080890,5,633698,10,392087,15,34,6,10,,,0,
2021-10-16 17:43:33,0.3,7356411,0.5,1511126,1,885906,2,1860826,5,926174,10,536206,16,35,6,10,,,0,
2021-10-16 17:43:43,0.3,6396326,0.5,917696,1,370893,2,828682,5,442953,10,237371,16,34,6,10,,,0,
2021-10-16 17:43:53,0.3,6125044,0.5,563758,1,141999,2,95372,5,14835,10,16955,16,33,6,10,,,0,
2021-10-16 17:44:03,0.3,6809607,0.5,1191098,1,574355,2,1341575,5,830801,10,457788,17,35,6,10,,,0,
2021-10-16 17:44:13,0.3,6913458,0.5,1339456,1,813846,2,1612857,5,608265,10,409042,17,33,6,10,,,0,
2021-10-16 17:44:23,0.3,6328505,0.5,712115,1,290356,2,385729,5,112327,10,65701,17,33,6,10,,,0,
2021-10-16 17:44:33,0.3,6141999,0.5,754503,1,315789,2,406923,5,118685,10,74178,16,34,6,10,,,0,
2021-10-16 17:44:43,0.3,6536206,0.5,947368,1,336983,2,631578,5,258565,10,144118,16,34,6,10,,,0,
2021-10-16 17:44:53,0.3,6080536,0.5,665489,1,165312,2,235252,5,59342,10,31790,15,34,6,10,,,0,
2021-10-16 17:45:03,0.3,6746026,0.5,1025785,1,445072,2,1025785,5,476863,10,326386,15,34,6,10,,,0,
2021-10-16 17:45:13,0.3,7485694,0.5,1150830,1,580713,2,1778170,5,1335217,10,998233,15,34,6,10,,,0,
2021-10-16 17:45:23,0.3,6364535,0.5,654892,1,169551,2,262804,5,146238,10,95372,15,34,6,10,,,0,
2021-10-16 17:45:33,0.3,6315789,0.5,616743,1,148357,2,245849,5,122924,10,78417,15,34,6,10,,,0,
2021-10-16 17:45:43,0.3,6343341,0.5,650653,1,114447,2,161073,5,69939,10,46626,15,35,6,10,,,0,
2021-10-16 17:45:53,0.3,6839279,0.5,953726,1,411162,2,979159,5,584952,10,298834,15,35,6,10,,,0,
2021-10-16 17:46:03,0.3,6970681,0.5,828682,1,336983,2,1239844,5,1089367,10,720593,15,36,6,10,,,0,
2021-10-16 17:46:13,0.3,6521370,0.5,629459,1,112327,2,205581,5,80536,10,55104,15,35,6,10,,,0,
2021-10-16 17:46:23,0.3,6296714,0.5,604026,1,197103,2,277640,5,122924,10,99611,15,35,6,10,,,0,
2021-10-16 17:46:33,0.3,6173790,0.5,574355,1,110208,2,110208,5,42387,10,23313,15,35,6,10,,,0,
2021-10-16 17:46:43,0.3,6625220,0.5,779936,1,186506,2,411162,5,169551,10,89014,15,35,6,10,,,0,
2021-10-16 17:46:53,0.3,6830801,0.5,1227128,1,657011,2,1523843,5,739667,10,474743,16,36,6,10,,,0,
2021-10-16 17:47:03,0.3,6907099,0.5,864712,1,303073,2,506534,5,277640,10,226774,15,34,6,10,,,0,
2021-10-16 17:47:13,0.3,6803249,0.5,741787,1,358177,2,567997,5,237371,10,137760,15,33,6,10,,,0,
2021-10-16 17:47:23,0.3,6275521,0.5,671847,1,139879,2,171670,5,55104,10,25432,15,33,6,10,,,0,
2021-10-16 17:47:33,0.3,7049099,0.5,1030024,1,440833,2,854115,5,419639,10,241610,15,34,6,10,,,0,
2021-10-16 17:47:43,0.3,8129989,0.5,1655245,1,917696,2,2077004,5,1087248,10,671847,15,35,6,10,,,0,
2021-10-16 17:47:53,0.3,6955846,0.5,917696,1,324267,2,551042,5,250088,10,110208,14,36,6,10,,,0,
2021-10-16 17:48:03,0.3,6714235,0.5,548922,1,89014,2,65701,5,2119,10,4238,13,38,6,10,,,0,
2021-10-16 17:48:13,0.3,6235252,0.5,595549,1,80536,2,82656,5,14835,10,4238,13,40,6,10,,,0,
2021-10-16 17:48:23,0.3,7174143,0.5,981278,1,459908,2,998233,5,627340,10,383610,13,40,6,10,,,0,
2021-10-16 17:48:33,0.3,7000353,0.5,981278,1,498057,2,938890,5,538325,10,305192,13,40,6,10,,,0,
2021-10-16 17:48:43,0.3,8998940,0.5,2127870,1,1347933,2,3242670,5,1555634,10,1023666,13,40,6,10,,,0,
2021-10-16 17:48:53,0.3,6608265,0.5,591310,1,103850,2,161073,5,46626,10,27552,13,37,6,10,,,0,
2021-10-16 17:49:03,0.3,6807488,0.5,888025,1,264924,2,527728,5,320028,10,194984,13,38,6,10,,,0,
2021-10-16 17:49:13,0.3,6907099,0.5,733309,1,252207,2,472624,5,277640,10,103850,13,38,6,10,,,0,
2021-10-16 17:49:23,0.3,7822677,0.5,1208053,1,580713,2,1277993,5,854115,10,491699,13,39,6,10,,,0,
2021-10-16 17:49:33,0.3,10262098,0.5,3174849,1,2108795,2,4681738,5,2339809,10,1333097,13,39,6,10,,,0,
2021-10-16 17:49:43,0.3,10344754,0.5,3562698,1,2645001,2,5796538,5,2888731,10,1485694,13,39,6,10,,,0,
2021-10-16 17:49:53,0.3,12358177,0.5,3922995,1,2899328,2,7080890,5,3988696,10,2282585,13,39,6,10,,,0,
2021-10-16 17:50:03,0.3,16416813,0.5,7375485,1,6050865,2,13731543,5,7227128,10,3986577,13,39,6,10,,,0,
2021-10-16 17:50:13,0.3,13244083,0.5,5457435,1,4276934,2,9791593,5,5258212,10,2905687,13,39,6,10,,,0,
2021-10-16 17:50:23,0.3,9543624,0.5,2657718,1,1907453,2,4550335,5,2255033,10,1301306,13,39,6,10,,,0,
2021-10-16 17:50:33,0.3,7494171,0.5,1557753,1,945249,2,1913811,5,896503,10,449311,13,39,6,10,,,0,
2021-10-16 17:50:43,0.3,8753091,0.5,2113034,1,1436948,2,3439773,5,1661603,10,1021547,13,38,6,10,,,0,
2021-10-16 17:50:53,0.3,8661957,0.5,2303779,1,1405157,2,3354998,5,1489932,10,981278,13,39,6,10,,,0,
2021-10-16 17:51:03,0.3,6500176,0.5,665489,1,137760,2,214058,5,86895,10,57223,12,39,6,10,,,0,
2021-10-16 17:51:13,0.3,7301306,0.5,1350053,1,601907,2,1083009,5,769339,10,387848,12,39,6,10,,,0,
2021-10-16 17:51:23,0.3,7157188,0.5,1250441,1,542564,2,1038502,5,561639,10,366654,12,39,6,10,,,0,
2021-10-16 17:51:33,0.3,6555280,0.5,593429,1,118685,2,141999,5,31790,10,27552,12,39,6,10,,,0,
2021-10-16 17:51:43,0.3,6459908,0.5,709996,1,194984,2,279759,5,91133,10,40268,12,40,6,10,,,0,
2021-10-16 17:51:53,0.3,6551042,0.5,601907,1,135641,2,141999,5,36029,10,12716,12,40,6,10,,,0,
2021-10-16 17:52:03,0.3,6349699,0.5,584952,1,95372,2,52984,5,2119,10,2119,12,41,6,10,,,0,
2021-10-16 17:52:13,0.3,6476863,0.5,559519,1,89014,2,57223,5,12716,10,14835,11,41,6,10,,,0,
2021-10-16 17:52:23,0.3,6445072,0.5,540445,1,86895,2,42387,5,6358,10,4238,11,42,6,10,,,0,
2021-10-16 17:52:33,0.3,6273401,0.5,578594,1,67820,2,50865,5,6358,10,0,11,43,6,10,,,0,
2021-10-16 17:52:43,0.3,6370893,0.5,540445,1,76298,2,61462,5,4238,10,0,11,43,6,10,,,0,
2021-10-16 17:52:53,0.3,6642175,0.5,563758,1,122924,2,59342,5,2119,10,0,10,44,6,10,,,0,
2021-10-16 17:53:03,0.3,6500176,0.5,561639,1,114447,2,57223,5,0,10,0,11,45,6,10,,,0,
2021-10-16 17:53:13,0.3,6430236,0.5,540445,1,89014,2,57223,5,6358,10,4238,10,44,6,10,,,0,
2021-10-16 17:53:23,0.3,6364535,0.5,567997,1,72059,2,38149,5,2119,10,0,11,44,6,10,,,0,
2021-10-16 17:53:33,0.3,6360296,0.5,591310,1,97492,2,80536,5,8477,10,0,11,44,6,10,,,0,
2021-10-16 17:53:43,0.3,6442953,0.5,542564,1,99611,2,67820,5,8477,10,6358,11,44,6,10,,,0,
2021-10-16 17:53:53,0.3,6491699,0.5,587071,1,101730,2,69939,5,12716,10,2119,11,44,6,10,,,0,
2021-10-16 17:54:03,0.3,6434475,0.5,576474,1,93253,2,72059,5,2119,10,0,11,44,6,10,,,0,
2021-10-16 17:54:13,0.3,6129282,0.5,587071,1,76298,2,57223,5,4238,10,0,11,44,6,10,,,0,
2021-10-16 17:54:23,0.3,6389968,0.5,563758,1,171670,2,148357,5,31790,10,12716,11,45,6,10,,,0,
2021-10-16 17:54:33,0.3,6311550,0.5,563758,1,112327,2,82656,5,2119,10,0,11,46,6,10,,,0,
2021-10-16 17:54:43,0.3,6065701,0.5,589191,1,101730,2,69939,5,4238,10,2119,10,46,6,10,,,0,
2021-10-16 17:54:53,0.3,9083716,0.5,623101,1,122924,2,89014,5,2119,10,0,10,47,6,10,,,0,
2021-10-16 17:55:03,0.3,15272341,0.5,892264,1,161073,2,146238,5,8477,10,6358,10,46,6,10,,,0,
2021-10-16 17:55:13,0.3,21997174,0.5,1002472,1,211939,2,237371,5,27552,10,25432,10,47,6,10,,,0,
2021-10-16 17:55:23,0.3,10463440,0.5,697280,1,129282,2,146238,5,42387,10,2119,10,47,6,10,,,0,
2021-10-16 17:55:33,0.3,14185093,0.5,828682,1,205581,2,279759,5,67820,10,21193,10,47,6,10,,,0,
2021-10-16 17:55:43,0.3,7027905,0.5,686683,1,133521,2,264924,5,57223,10,12716,10,47,6,10,,,0,
2021-10-16 17:55:53,0.3,6536206,0.5,599788,1,137760,2,146238,5,27552,10,6358,10,47,6,10,,,0,
2021-10-16 17:56:03,0.3,6544683,0.5,686683,1,222536,2,216178,5,36029,10,16955,11,47,6,10,,,0,
2021-10-16 17:56:13,0.3,7233486,0.5,1036382,1,521370,2,779936,5,220416,10,125044,11,47,6,10,,,0,
2021-10-16 17:56:23,0.3,6782055,0.5,618862,1,156835,2,237371,5,36029,10,8477,10,47,6,10,,,0,
2021-10-16 17:56:33,0.3,8303779,0.5,1010950,1,604026,2,2413988,5,2494524,10,3706817,10,50,6,10,,,0,
2021-10-16 17:56:43,0.3,8017661,0.5,962204,1,500176,2,1277993,5,699399,10,807488,10,50,6,10,,,0,
2021-10-16 17:56:53,0.3,7133874,0.5,792652,1,231013,2,298834,5,46626,10,6358,10,49,6,10,,,0,
2021-10-16 17:57:03,0.3,7496291,0.5,1059696,1,459908,2,754503,5,127163,10,29671,10,49,6,10,,,0,
2021-10-16 17:57:13,0.3,6915577,0.5,888025,1,345460,2,587071,5,118685,10,29671,10,48,6,10,,,0,
2021-10-16 17:57:23,0.3,6612504,0.5,1023666,1,629459,2,1269516,5,275521,10,118685,10,47,6,10,,,0,
2021-10-16 17:57:33,0.3,6830801,0.5,881667,1,402684,2,709996,5,99611,10,40268,10,49,6,10,,,0,
2021-10-16 17:57:43,0.3,7339456,0.5,1121158,1,578594,2,1006711,5,180148,10,61462,10,49,6,10,,,0,
2021-10-16 17:57:53,0.3,6648534,0.5,790533,1,347580,2,815966,5,252207,10,95372,10,50,6,10,,,0,
2021-10-16 17:58:03,0.3,6996114,0.5,1108442,1,661250,2,1159307,5,277640,10,95372,11,50,6,10,,,0,
2021-10-16 17:58:13,0.3,7292829,0.5,1500529,1,1000353,2,2257153,5,642175,10,224655,11,47,6,10,,,0,
2021-10-16 17:58:23,0.3,6336983,0.5,578594,1,129282,2,91133,5,6358,10,4238,11,47,6,10,,,0,
2021-10-16 17:58:33,0.3,6504415,0.5,483221,1,80536,2,63581,5,4238,10,6358,11,47,6,10,,,0,
2021-10-16 17:58:43,0.3,6203461,0.5,546803,1,127163,2,72059,5,8477,10,10596,11,49,6,10,,,0,
2021-10-16 17:58:53,0.3,6095372,0.5,565877,1,131402,2,82656,5,6358,10,10596,10,44,6,10,,,0,
2021-10-16 17:59:03,0.3,6553161,0.5,584952,1,141999,2,239491,5,178028,10,262804,10,45,6,10,,,0,
2021-10-16 17:59:13,0.3,6563758,0.5,642175,1,150476,2,226774,5,133521,10,120805,11,47,6,10,,,0,
2021-10-16 17:59:23,0.3,6279759,0.5,608265,1,156835,2,267043,5,72059,10,50865,11,45,6,10,,,0,
2021-10-16 17:59:33,0.3,6436594,0.5,820204,1,432356,2,998233,5,233133,10,55104,11,44,6,10,,,0,
2021-10-16 17:59:43,0.3,6156835,0.5,587071,1,184387,2,283998,5,52984,10,38149,11,43,6,10,,,0,
2021-10-16 17:59:53,0.3,6860473,0.5,902861,1,654892,2,1595902,5,442953,10,171670,11,46,6,10,,,0,
2021-10-16 18:00:03,0.3,7212292,0.5,953726,1,572235,2,1852348,5,1227128,10,2093959,11,48,6,10,,,0,
2021-10-16 18:00:13,0.3,7697633,0.5,949487,1,739667,2,3867891,5,4868244,10,10113740,12,60,6,10,,,0,
2021-10-16 18:00:23,0.3,4919109,0.5,856234,1,489579,2,1138113,5,330625,10,207700,12,63,6,10,,,0,
2021-10-16 18:00:33,0.3,4762274,0.5,796891,1,508654,2,1229247,5,264924,10,133521,12,61,6,10,,,0,
2021-10-16 18:00:43,0.3,4054397,0.5,555280,1,385729,2,904980,5,186506,10,72059,12,59,6,10,,,0,
2021-10-16 18:00:53,0.3,3490639,0.5,582832,1,303073,2,782055,5,169551,10,57223,12,59,6,10,,,0,
2021-10-16 18:01:03,0.3,3986577,0.5,599788,1,387848,2,904980,5,180148,10,89014,12,59,6,10,,,0,
2021-10-16 18:01:13,0.3,4173083,0.5,820204,1,529848,2,1195337,5,237371,10,38149,13,62,6,10,,,0,
2021-10-16 18:01:23,0.3,4374426,0.5,907099,1,506534,2,1333097,5,258565,10,65701,13,62,6,10,,,0,
2021-10-16 18:01:33,0.3,4497350,0.5,909219,1,582832,2,1201695,5,201342,10,110208,14,67,6,10,,,0,
2021-10-16 18:01:43,0.3,4346874,0.5,911338,1,597668,2,1392440,5,254327,10,89014,14,70,6,10,,,0,
2021-10-16 18:01:53,0.3,4389261,0.5,981278,1,627340,2,1337336,5,264924,10,78417,14,69,6,10,,,0,
2021-10-16 18:02:03,0.3,4478276,0.5,1038502,1,604026,2,1381843,5,275521,10,93253,14,68,6,10,,,0,
2021-10-16 18:02:13,0.3,4363829,0.5,1042741,1,733309,2,1587424,5,279759,10,148357,14,71,6,10,,,0,
2021-10-16 18:02:23,0.3,4397739,0.5,1021547,1,686683,2,1496291,5,254327,10,137760,15,72,6,10,,,0,
2021-10-16 18:02:33,0.3,4363829,0.5,1157188,1,754503,2,1525962,5,205581,10,80536,15,73,6,10,,,0,
2021-10-16 18:02:43,0.3,5874955,0.5,1367008,1,888025,2,2009184,5,824443,10,839279,15,72,6,10,,,0,
2021-10-16 18:02:53,0.3,4452843,0.5,1288590,1,911338,2,1407276,5,112327,10,59342,16,61,6,10,,,0,
2021-10-16 18:03:03,0.3,4480395,0.5,1271635,1,720593,2,1254680,5,114447,10,42387,16,59,6,10,,,0,
2021-10-16 18:03:13,0.3,4580007,0.5,1138113,1,709996,2,1197456,5,197103,10,180148,16,60,6,10,,,0,
2021-10-16 18:03:23,0.3,5042034,0.5,1210173,1,737548,2,1250441,5,116566,10,72059,16,64,6,10,,,0,
2021-10-16 18:03:33,0.3,4730484,0.5,1097845,1,625220,2,1133874,5,152596,10,129282,17,61,6,10,,,0,
2021-10-16 18:03:43,0.3,4656305,0.5,993995,1,578594,2,777817,5,86895,10,48746,17,59,6,10,,,0,
2021-10-16 18:03:53,0.3,5590957,0.5,1195337,1,637937,2,1638290,5,423878,10,515012,17,57,6,10,,,0,
2021-10-16 18:04:03,0.3,8564465,0.5,1816319,1,1214411,2,2984104,5,1805722,10,2494524,17,58,6,10,,,0,
2021-10-16 18:04:13,0.3,4942423,0.5,1394560,1,866831,2,1451783,5,237371,10,300953,17,60,6,10,,,0,
2021-10-16 18:04:23,0.3,4961497,0.5,1453903,1,1063935,2,1540798,5,120805,10,148357,17,61,6,10,,,0,
2021-10-16 18:04:33,0.3,5050512,0.5,1509007,1,970681,2,1564111,5,105969,10,27552,17,58,6,10,,,0,
2021-10-16 18:04:43,0.3,4391381,0.5,1367008,1,871070,2,1216531,5,93253,10,14835,17,59,6,10,,,0,
2021-10-16 18:04:53,0.3,4883080,0.5,1176262,1,709996,2,1046979,5,84775,10,40268,18,62,6,10,,,0,
2021-10-16 18:05:03,0.3,4692334,0.5,1176262,1,637937,2,1195337,5,139879,10,93253,18,63,6,10,,,0,
2021-10-16 18:05:13,0.3,6866831,0.5,3045566,1,1867184,2,3234192,5,546803,10,277640,18,63,6,10,,,0,
2021-10-16 18:05:23,0.3,5359943,0.5,1621335,1,993995,2,1445425,5,235252,10,171670,18,61,6,10,,,0,
2021-10-16 18:05:33,0.3,6281879,0.5,2195690,1,1439067,2,2755210,5,449311,10,326386,19,65,6,10,,,0,
2021-10-16 18:05:43,0.3,5379018,0.5,1352172,1,746026,2,1093606,5,116566,10,93253,19,61,6,10,,,0,
2021-10-16 18:05:53,0.3,5597315,0.5,1477216,1,790533,2,924055,5,57223,10,29671,19,56,6,10,,,0,
2021-10-16 18:06:03,0.3,5084422,0.5,1193217,1,631578,2,771458,5,52984,10,25432,19,53,6,10,,,0,
2021-10-16 18:06:13,0.3,4844931,0.5,1123278,1,563758,2,786294,5,48746,10,21193,19,53,6,10,,,0,
2021-10-16 18:06:23,0.3,4760155,0.5,1059696,1,493818,2,673966,5,67820,10,25432,19,54,6,10,,,0,
2021-10-16 18:06:33,0.3,4823737,0.5,968562,1,468385,2,606146,5,44507,10,27552,20,55,6,10,,,0,
2021-10-16 18:06:43,0.3,5111974,0.5,1165665,1,625220,2,966442,5,135641,10,144118,20,58,6,10,,,0,
2021-10-16 18:06:53,0.3,4768633,0.5,1017308,1,421759,2,584952,5,50865,10,25432,20,56,6,10,,,0,
2021-10-16 18:07:03,0.3,4681738,0.5,1123278,1,508654,2,760861,5,118685,10,89014,20,49,6,10,,,0,
2021-10-16 18:07:13,0.3,5675733,0.5,1350053,1,792652,2,1178382,5,343341,10,737548,20,56,6,10,,,0,
2021-10-16 18:07:23,0.3,5944895,0.5,2530554,1,1674320,2,1990109,5,69939,10,23313,20,59,6,10,,,0,
2021-10-16 18:07:33,0.3,6733309,0.5,2057930,1,1314023,2,2064288,5,659131,10,1540798,20,57,6,10,,,0,
2021-10-16 18:07:43,0.3,5190392,0.5,1549275,1,938890,2,1239844,5,105969,10,50865,20,63,6,10,,,0,
2021-10-16 18:07:53,0.3,5412928,0.5,1411515,1,735429,2,741787,5,50865,10,33910,20,65,6,10,,,0,
2021-10-16 18:08:03,0.3,4919109,0.5,1277993,1,773578,2,824443,5,50865,10,27552,20,60,6,10,,,0,
2021-10-16 18:08:13,0.3,5078064,0.5,1301306,1,627340,2,845637,5,59342,10,36029,21,64,6,10,,,0,
2021-10-16 18:08:23,0.3,4893677,0.5,1273754,1,695160,2,851995,5,59342,10,38149,21,64,6,10,,,0,
2021-10-16 18:08:33,0.3,4864005,0.5,1350053,1,650653,2,974920,5,146238,10,199222,21,54,6,10,,,0,
2021-10-16 18:08:43,0.3,4471918,0.5,1320381,1,625220,2,758742,5,61462,10,31790,21,56,6,10,,,0,
2021-10-16 18:08:53,0.3,4391381,0.5,977039,1,474743,2,546803,5,46626,10,23313,21,55,6,10,,,0,
2021-10-16 18:09:03,0.3,4232426,0.5,849876,1,430236,2,508654,5,42387,10,12716,21,45,6,10,,,0,
2022-01-31 02:27:32,0.3,3846697,0.5,1210173,1,478982,2,466266,5,27552,10,12716,,,6,10,,,0,
2022-01-31 02:27:42,0.3,3666548,0.5,1110561,1,351819,2,358177,5,16955,10,19074,,,6,10,,,0,
2022-01-31 02:33:29,0.3,9713175,0.5,1930766,1,430236,2,389968,5,65701,10,63581,22,22,6,10,,,0,
2022-01-31 03:15:22,0.3,16425291,0.5,1951960,1,171670,2,101730,5,6358,10,2119,6,34,6,10,,,0,
2022-01-31 03:15:32,0.3,15975980,0.5,1778170,1,135641,2,108089,5,2119,10,0,3,41,6,10,,,0,
2022-01-31 03:15:42,0.3,16255740,0.5,1793006,1,165312,2,105969,5,6358,10,0,2,47,6,10,,,0,
2022-01-31 03:15:52,0.3,15465206,0.5,1805722,1,169551,2,101730,5,6358,10,0,1,52,6,10,,,0,
2022-01-31 03:16:02,0.3,16117979,0.5,1782409,1,171670,2,129282,5,4238,10,0,0,55,6,10,,,0,
2022-01-31 03:16:12,0.3,16336276,0.5,1877781,1,139879,2,61462,5,4238,10,0,-1,59,6,10,,,0,
2022-01-31 03:16:22,0.3,15840339,0.5,1723066,1,180148,2,76298,5,4238,10,0,-1,60,6,10,,,0,
2022-01-31 03:19:14,0.3,15096432,0.5,1712469,1,156835,2,93253,5,4238,10,0,,,6,10,,,0,
2022-01-31 03:19:24,0.3,14816672,0.5,1591663,1,141999,2,84775,5,4238,10,0,,,6,10,,,0,
2022-01-31 03:19:34,0.3,15609325,0.5,1793006,1,201342,2,129282,5,6358,10,0,,,6,10,,,0,
2022-01-31 03:19:44,0.3,15980218,0.5,1691275,1,197103,2,127163,5,6358,10,2119,,,6,10,,,0,
2022-01-31 03:19:54,0.3,16206993,0.5,1756976,1,146238,2,80536,5,2119,10,0,,,6,10,,,0,
2022-01-31 03:20:04,0.3,15193924,0.5,1606499,1,173790,2,139879,5,2119,10,0,,,6,10,,,0,
2022-01-31 03:20:14,0.3,14676792,0.5,1555634,1,133521,2,80536,5,8477,10,2119,,,6,10,,,0,
2022-01-31 03:20:24,0.3,15338043,0.5,1708230,1,165312,2,103850,5,0,10,0,,,6,10,,,0,
2022-01-31 03:20:34,0.3,16376545,0.5,1915930,1,188625,2,99611,5,2119,10,2119,,,6,10,,,0,
2022-01-31 03:26:25,0.3,17271282,0.5,1833274,1,185800,2,98904,5,1766,10,706,,,10,60,,,0,
2022-01-31 03:27:25,0.3,17614624,0.5,1904980,1,188272,2,102084,5,3179,10,1059,,,10,60,,,0,
2022-01-31 03:28:25,0.3,19615330,0.5,2136347,1,201695,2,114447,5,7064,10,353,,,10,60,,,0,
2022-01-31 03:29:25,0.3,20208406,0.5,2183327,1,206287,2,117979,5,6358,10,0,,,10,60,,,0,
2022-01-31 03:30:25,0.3,18870716,0.5,2000706,1,185093,2,116213,5,4238,10,0,,,10,60,,,0,
2022-01-31 03:31:25,0.3,19697280,0.5,2097845,1,195690,2,130695,5,5651,10,0,,,10,60,,,0,
2022-01-31 03:32:25,0.3,20438360,0.5,2123278,1,223242,2,126810,5,7064,10,2119,,,10,60,,,0,
2022-01-31 03:33:25,0.3,20668668,0.5,2249381,1,218650,2,120452,5,4592,10,2472,,,10,60,,,0,
2022-01-31 03:34:25,0.3,20903214,0.5,2182621,1,218297,2,119745,5,4592,10,1059,,,10,60,,,0,
2022-01-31 03:35:25,0.3,20334156,0.5,2112327,1,213705,2,115506,5,3532,10,706,,,10,60,,,0,
2022-01-31 03:36:25,0.3,21138466,0.5,2208760,1,218650,2,120098,5,6358,10,706,,,10,60,,,0,
2022-01-31 03:37:25,0.3,21506888,0.5,2296008,1,217590,2,135994,5,7417,10,353,,,10,60,,,0,
2022-01-31 03:38:25,0.3,21361002,0.5,2296008,1,222182,2,125044,5,4945,10,1059,,,10,60,,,0,
2022-01-31 03:39:25,0.3,22181914,0.5,2409749,1,239138,2,128576,5,5651,10,3179,,,10,60,,,0,
2022-01-31 03:40:25,0.3,22746378,0.5,2540445,1,248675,2,135994,5,2472,10,1766,,,10,60,,,0,
2022-01-31 03:41:25,0.3,24210878,0.5,2604026,1,276227,2,146238,5,4238,10,1766,,,10,60,,,0,
2022-01-31 03:42:25,0.3,24236664,0.5,2641469,1,285411,2,128223,5,2119,10,0,,,10,60,,,0,
2022-01-31 03:43:25,0.3,24339102,0.5,2599081,1,266336,2,150476,5,4238,10,706,,,10,60,,,0,
2022-01-31 03:44:25,0.3,23976332,0.5,2611797,1,273048,2,132108,5,3532,10,706,,,10,60,,,0,
2022-01-31 03:45:25,0.3,26021194,0.5,2759802,1,293182,2,151889,5,2119,10,1059,,,10,60,,,0,
2022-01-31 03:46:25,0.3,25318262,0.5,2660190,1,284351,2,147297,5,7417,10,353,,,10,60,,,0,
2022-01-31 03:47:25,0.3,25789472,0.5,2729071,1,286471,2,126103,5,3179,10,1412,,,10,60,,,0,
2022-02-03 12:51:04,0.3,353,0.5,0,1,0,2,0,5,0,10,0,,,10,60,,,0,
2022-02-03 12:52:30,0.3,0,0.5,0,1,0,2,0,5,0,10,0,,,10,60,,,0,
2022-02-03 12:59:42,0.3,14226068,0.5,887318,1,88308,2,48039,5,4945,10,1059,3,41,11,60,,,0,
2022-02-03 13:00:42,0.3,14447191,0.5,874955,1,85835,2,38149,5,2472,10,706,-3,50,11,60,,,0,
2022-02-03 13:01:42,0.3,14627340,0.5,911691,1,85835,2,39561,5,2472,10,353,-4,58,11,60,,,0,
2022-02-03 13:02:42,0.3,13835393,0.5,819498,1,89367,2,51925,5,2825,10,706,-5,57,11,60,,,0,
2022-02-03 13:03:42,0.3,13418226,0.5,844577,1,69586,2,50512,5,1766,10,1766,-6,59,11,60,,,0,
2022-02-03 13:04:42,0.3,14396679,0.5,870363,1,81596,2,54044,5,1766,10,0,-8,68,11,60,,,0,
2022-02-03 13:05:42,0.3,16834686,0.5,992582,1,96079,2,45213,5,4238,10,706,-7,68,11,60,,,0,
2022-02-03 13:06:42,0.3,18838926,0.5,1131402,1,115153,2,67114,5,2825,10,1059,-5,64,11,60,,,0,
2022-02-03 13:07:42,0.3,21108442,0.5,1255740,1,114093,2,60402,5,1412,10,0,-5,62,11,60,,,0,
2022-02-03 13:08:42,0.3,19939596,0.5,1184387,1,121158,2,56870,5,2825,10,353,-5,61,11,60,,,0,
2022-02-03 13:09:42,0.3,20665488,0.5,1250088,1,108795,2,59696,5,4592,10,353,-7,67,11,60,,,0,
2022-02-03 13:10:42,0.3,20893324,0.5,1246556,1,123984,2,68173,5,2472,10,706,-7,69,11,60,,,0,
2022-02-03 13:11:42,0.3,23906746,0.5,1424231,1,132462,2,72412,5,2825,10,0,-8,74,11,60,,,0,
2022-02-03 13:12:42,0.3,23560578,0.5,1426704,1,125750,2,70646,5,5298,10,1766,-7,73,11,60,,,0,
2022-02-03 13:13:42,0.3,26078770,0.5,1659484,1,156128,2,83009,5,3532,10,3532,-7,72,11,60,,,0,
2022-02-03 13:14:42,0.3,31665134,0.5,2243730,1,195337,2,65701,5,2472,10,353,-10,71,11,60,,,0,
2022-02-03 13:15:42,0.3,31070292,0.5,2226068,1,206640,2,63581,5,3532,10,1412,-10,74,11,60,,,0,
2022-02-03 13:16:42,0.3,29995760,0.5,2151889,1,188979,2,59696,5,2119,10,1059,-10,75,11,60,,,0,
2022-02-03 13:17:42,0.3,29776404,0.5,2192511,1,188625,2,62168,5,1766,10,0,-10,75,11,60,,,0,
2022-02-03 13:18:42,0.3,31947014,0.5,2345814,1,209466,2,72059,5,1059,10,353,-10,75,11,60,,,0,
2022-02-03 13:19:42,0.3,32593076,0.5,2475803,1,247615,2,71706,5,2825,10,353,-10,76,11,60,,,0,
2022-02-03 13:20:42,0.3,32782762,0.5,2466266,1,221829,2,83716,5,5651,10,353,-10,76,11,60,,,0,
2022-02-03 13:21:42,0.3,34931472,0.5,2615683,1,259625,2,98551,5,3532,10,1059,-10,75,11,60,,,0,
2022-02-03 13:22:42,0.3,34256800,0.5,2519604,1,248675,2,103850,5,6358,10,1059,-10,75,11,60,,,0,
2022-02-03 13:23:42,0.3,29780642,0.5,2194277,1,204168,2,89720,5,6004,10,2472,-10,75,11,60,,,0,
2022-02-03 13:24:42,0.3,28405862,0.5,2055810,1,186859,2,81243,5,4592,10,1766,-10,73,11,60,,,0,
2022-02-03 13:25:42,0.3,28814906,0.5,2093253,1,200282,2,77004,5,3179,10,353,-10,75,11,60,,,0,
2022-02-03 13:26:42,0.3,30927940,0.5,2299540,1,229247,2,94666,5,2472,10,1412,-10,77,11,60,,,0,
2022-02-03 13:27:42,0.3,30232072,0.5,2164959,1,206640,2,90780,5,1766,10,353,-10,76,11,60,,,0,
2022-02-03 13:28:42,0.3,29511832,0.5,2190745,1,218297,2,89720,5,2472,10,706,-10,73,11,60,,,0,
2022-02-03 13:29:42,0.3,31297420,0.5,2294595,1,226068,2,102437,5,3532,10,2472,-10,73,11,60,,,0,
2022-02-03 13:30:42,0.3,28134934,0.5,2015542,1,192158,2,92193,5,3532,10,353,-10,72,11,60,,,0,
2022-02-03 13:31:42,0.3,28335922,0.5,2087248,1,202755,2,94666,5,2119,10,706,-10,72,11,60,,,0,
2022-02-03 13:32:42,0.3,28035322,0.5,1985164,1,196397,2,91840,5,2119,10,1412,-10,71,11,60,,,0,
2022-02-03 13:33:42,0.3,28964676,0.5,2148710,1,192864,2,97492,5,4592,10,1766,-9,70,11,60,,,0,
2022-02-03 13:34:42,0.3,31353584,0.5,2380077,1,223242,2,110208,5,4592,10,353,-9,70,11,60,,,0,
2022-02-03 13:35:42,0.3,32182620,0.5,2463793,1,250088,2,124337,5,4945,10,353,-9,71,11,60,,,0,
2022-02-03 13:36:42,0.3,29560932,0.5,2184740,1,211232,2,91487,5,4592,10,1059,-10,71,11,60,,,0,
2022-02-03 13:37:42,0.3,28148356,0.5,2090427,1,201342,2,114447,5,8124,10,2825,-9,69,11,60,,,0,
2022-02-03 13:38:42,0.3,29576828,0.5,2156481,1,225362,2,101730,5,2472,10,706,-9,68,11,60,,,0,
2022-02-03 13:39:42,0.3,30369126,0.5,2262451,1,202401,2,99611,5,6358,10,2472,-8,64,11,60,,,0,
2022-02-03 13:40:42,0.3,29227480,0.5,2200989,1,217590,2,110561,5,3179,10,1059,-8,63,11,60,,,0,
2022-02-03 13:41:42,0.3,33360296,0.5,2484634,1,237725,2,120098,5,7417,10,706,-7,61,11,60,,,0,
2022-02-03 13:42:42,0.3,32332390,0.5,2444719,1,249735,2,117626,5,7417,10,1412,-7,58,11,60,,,0,
2022-02-03 13:43:42,0.3,26922994,0.5,1926880,1,215118,2,79830,5,5298,10,1766,-9,59,11,60,,,0,
2022-02-03 13:44:42,0.3,22679618,0.5,1694807,1,174496,2,83009,5,8124,10,3885,-10,63,11,60,,,0,
2022-02-03 13:45:42,0.3,25871070,0.5,1976333,1,201342,2,79123,5,4945,10,2825,-9,65,11,60,,,0,
2022-02-03 13:46:42,0.3,27640056,0.5,2148357,1,229954,2,92193,5,4238,10,2472,-9,63,11,60,,,0,
2022-02-03 13:47:42,0.3,28944542,0.5,2276933,1,232426,2,102437,5,5651,10,2119,-9,63,11,60,,,0,
2022-02-03 13:48:42,0.3,26210878,0.5,2061815,1,216531,2,127870,5,12009,10,6711,-9,62,11,60,,,0,
2022-02-03 13:49:42,0.3,24011656,0.5,1992935,1,239138,2,107735,5,9537,10,6004,-9,61,11,60,,,0,
2022-02-03 13:50:42,0.3,28435182,0.5,2263511,1,256093,2,110561,5,4592,10,2472,-8,61,11,60,,,0,
2022-02-03 13:51:42,0.3,27546802,0.5,2150476,1,221123,2,99964,5,4945,10,1412,-8,59,11,60,,,0,
2022-02-03 13:52:42,0.3,24524196,0.5,1985164,1,211232,2,72765,5,4592,10,1059,-8,58,11,60,,,0,
2022-02-03 13:53:42,0.3,22324266,0.5,1794065,1,176616,2,73825,5,3179,10,1059,-9,58,11,60,,,0,
2022-02-03 13:54:42,0.3,18268810,0.5,1478276,1,149417,2,57223,5,3885,10,1059,-9,59,11,60,,,0,
2022-02-03 13:55:42,0.3,22708582,0.5,1740374,1,173436,2,75944,5,2119,10,0,-10,61,11,60,,,0,
2022-02-03 13:56:42,0.3,26448958,0.5,1995054,1,191451,2,82656,5,4592,10,1059,-10,66,11,60,,,0,
2022-02-03 13:57:42,0.3,20923348,0.5,1588131,1,155775,2,70293,5,2825,10,1412,-10,67,11,60,,,0,
2022-02-03 13:58:42,0.3,35371244,0.5,2693041,1,238431,2,108795,5,4238,10,353,-10,69,11,60,,,0,
2022-02-03 13:59:42,0.3,39154008,0.5,2881314,1,262804,2,110208,5,2825,10,706,-11,70,11,60,,,0,
2022-02-03 14:00:42,0.3,36367712,0.5,2648534,1,259272,2,101024,5,3179,10,1766,-11,71,11,60,,,0,
2022-02-03 14:01:42,0.3,33633696,0.5,2398445,1,233486,2,99258,5,4945,10,1412,-9,67,11,60,,,0,
2022-02-03 14:02:42,0.3,34387140,0.5,2479335,1,214411,2,101730,5,2825,10,353,-10,67,11,60,,,0,
2022-02-03 14:03:42,0.3,36990108,0.5,2689155,1,234899,2,103496,5,3885,10,1766,-9,67,11,60,,,0,
2022-02-03 14:04:42,0.3,31116212,0.5,2281526,1,200989,2,89720,5,3179,10,1059,-9,65,11,60,,,0,
2022-02-03 14:05:42,0.3,24524196,0.5,1735075,1,180854,2,70999,5,2825,10,1059,-8,64,11,60,,,0,
2022-02-03 14:06:42,0.3,20339808,0.5,1473684,1,150123,2,59342,5,2825,10,706,-8,59,11,60,,,0,
2022-02-03 14:07:42,0.3,18851288,0.5,1375838,1,149770,2,53338,5,3179,10,0,-9,59,11,60,,,0,
2022-02-03 14:08:42,0.3,17324972,0.5,1276933,1,126810,2,51925,5,1412,10,706,-9,60,11,60,,,0,
2022-02-03 14:09:42,0.3,17366302,0.5,1267396,1,134581,2,60049,5,2472,10,706,-9,61,11,60,,,0,
2022-02-03 14:10:42,0.3,19384316,0.5,1391381,1,136347,2,80183,5,7771,10,3885,-8,61,11,60,,,0,
2022-02-03 14:11:42,0.3,22918402,0.5,1688096,1,182974,2,91133,5,8830,10,2825,-8,60,11,60,,,0,
2022-02-03 14:12:42,0.3,20717060,0.5,1463087,1,164252,2,74531,5,4592,10,2825,-8,59,11,60,,,0,
2022-02-03 14:13:42,0.3,22879194,0.5,1641116,1,165665,2,72412,5,4592,10,706,-7,57,11,60,,,0,
2022-02-03 14:14:42,0.3,20361708,0.5,1438007,1,155068,2,70293,5,5651,10,1412,-7,55,11,60,,,0,
2022-02-03 14:15:42,0.3,18867538,0.5,1324973,1,140586,2,61109,5,2472,10,706,-8,54,11,60,,,0,
2022-02-03 14:16:42,0.3,20151182,0.5,1439420,1,148004,2,70646,5,7064,10,1766,-8,57,11,60,,,0,
2022-02-03 14:17:42,0.3,22652418,0.5,1689862,1,169198,2,65701,5,4592,10,706,-8,58,11,60,,,0,
2022-02-03 14:18:42,0.3,24421052,0.5,1918403,1,182974,2,81596,5,6004,10,1412,-8,59,11,60,,,0,
2022-02-03 14:19:42,0.3,25071352,0.5,2244436,1,214058,2,68880,5,5651,10,353,-8,58,11,60,,,0,
2022-02-03 14:20:42,0.3,25384316,0.5,2360296,1,203108,2,99964,5,7771,10,5651,-8,57,11,60,,,0,
2022-02-03 14:21:42,0.3,32422464,0.5,3070646,1,232426,2,114800,5,5651,10,1766,-5,54,11,60,,,0,
2022-02-03 14:22:42,0.3,32292122,0.5,3010950,1,237018,2,107382,5,8830,10,1059,-4,48,11,60,,,0,
2022-02-03 14:23:42,0.3,24228894,0.5,2276227,1,208406,2,77711,5,2472,10,1412,-7,48,11,60,,,0,
2022-02-03 14:24:42,0.3,18070292,0.5,1736842,1,159660,2,58989,5,4238,10,1412,-8,54,11,60,,,0,
2022-02-03 14:25:42,0.3,19339456,0.5,1863652,1,184033,2,62168,5,4238,10,1059,-8,57,11,60,,,0,
2022-02-03 14:26:42,0.3,23015188,0.5,2068880,1,190392,2,64288,5,5298,10,353,-8,55,11,60,,,0,
2022-02-03 14:27:42,0.3,26890498,0.5,2383963,1,230307,2,126103,5,14482,10,4238,-7,54,11,60,,,0,
2022-02-03 14:28:42,0.3,25661602,0.5,2297774,1,240904,2,138466,5,12009,10,10596,-8,54,11,60,,,0,
2022-02-03 14:29:42,0.3,20695160,0.5,1868244,1,206287,2,113387,5,8830,10,2825,-9,58,11,60,,,0,
2022-02-03 14:30:42,0.3,20355704,0.5,1825856,1,175909,2,93606,5,4592,10,1766,-10,63,11,60,,,0,
2022-02-03 14:31:42,0.3,24464852,0.5,2042387,1,204874,2,108089,5,4945,10,1059,-10,65,11,60,,,0,
2022-02-03 14:32:42,0.3,25241610,0.5,2128929,1,210879,2,101377,5,4945,10,1059,-10,66,11,60,,,0,
2022-02-03 14:33:42,0.3,23093252,0.5,1935005,1,184033,2,80183,5,4592,10,0,-10,66,11,60,,,0,
2022-02-03 14:34:42,0.3,24146590,0.5,1954079,1,182620,2,91840,5,5298,10,1059,-10,67,11,60,,,0,
2022-02-03 14:35:42,0.3,23529848,0.5,1894736,1,202048,2,101377,5,9890,10,5298,-10,67,11,60,,,0,
2022-02-03 14:36:42,0.3,25515012,0.5,1931826,1,210879,2,92546,5,6004,10,2825,-8,64,11,60,,,0,
2022-02-03 14:37:42,0.3,26302012,0.5,2004592,1,200282,2,85482,5,5651,10,1412,-8,60,11,60,,,0,
2022-02-03 14:38:42,0.3,26769692,0.5,1984457,1,189685,2,85482,5,7771,10,1766,-8,60,11,60,,,0,
2022-02-04 13:30:55,0.3,35129280,0.5,5536206,1,620981,2,347933,5,11303,10,1766,-7,71,11,60,,,0,
2022-02-04 13:31:55,0.3,18068880,0.5,2714941,1,237725,2,37442,5,0,10,0,-7,74,11,60,,,0,
2022-02-04 13:34:45,0.3,53832920,0.5,5631579,1,424231,2,89014,5,7771,10,3532,-7,76,11,60,,,0,
2022-02-04 13:35:45,0.3,55435180,0.5,6023666,1,468385,2,96785,5,7064,10,3179,-7,78,11,60,,,0,
2022-02-04 13:36:45,0.3,56190744,0.5,6281172,1,468385,2,95372,5,3532,10,1059,-7,79,11,60,,,0,
2022-02-04 13:37:45,0.3,68557752,0.5,7371246,1,596608,2,126457,5,8477,10,706,-8,82,11,60,,,0,
2022-02-04 13:38:45,0.3,70561280,0.5,7559166,1,621688,2,150123,5,5298,10,1412,-8,82,11,60,,,0,
2022-02-04 13:39:45,0.3,70955136,0.5,7542564,1,653126,2,153655,5,7064,10,1059,-8,83,11,60,,,0,
2022-02-04 13:40:45,0.3,74427056,0.5,7880607,1,641116,2,138820,5,6004,10,1059,-8,84,11,60,,,0,
2022-02-04 13:41:45,0.3,74401272,0.5,7688802,1,673966,2,148357,5,8477,10,1412,-8,84,11,60,,,0,
2022-02-04 13:42:45,0.3,74039912,0.5,7440833,1,657364,2,138113,5,8830,10,2119,-8,84,11,60,,,0,
2022-02-04 13:43:45,0.3,70991520,0.5,7033203,1,605439,2,142352,5,8124,10,706,-8,85,11,60,,,0,
2022-02-04 13:44:45,0.3,72001760,0.5,6989403,1,605086,2,151536,5,11303,10,1412,-8,84,11,60,,,0,
2022-02-04 13:45:45,0.3,71115152,0.5,6336276,1,483221,2,137407,5,9184,10,706,-8,85,11,60,,,0,
2022-02-04 13:46:45,0.3,75388552,0.5,6615683,1,511833,2,151536,5,8124,10,1412,-8,85,11,60,,,0,
2022-02-04 13:47:45,0.3,71766512,0.5,6118332,1,470505,2,144118,5,4592,10,706,-8,85,11,60,,,0,
2022-02-04 13:48:45,0.3,67064992,0.5,5736488,1,442246,2,145178,5,5298,10,1059,-8,86,11,60,,,0,
2022-02-04 13:49:45,0.3,70391024,0.5,5906393,1,470151,2,148710,5,4592,10,2825,-8,86,11,60,,,0,
2022-02-04 13:50:45,0.3,70273400,0.5,5752384,1,453549,2,159660,5,8830,10,1412,-8,86,11,60,,,0,
2022-02-04 13:51:45,0.3,67712112,0.5,5563051,1,460261,2,162133,5,5651,10,1059,-8,86,11,60,,,0,
2022-02-04 13:52:45,0.3,66838572,0.5,5358883,1,460614,2,165312,5,7417,10,1412,-8,87,11,60,,,0,
2022-02-04 13:53:45,0.3,66971032,0.5,5346520,1,436594,2,149417,5,7064,10,1412,-8,87,11,60,,,0,
2022-02-04 13:54:45,0.3,68286112,0.5,5537972,1,460614,2,170964,5,5651,10,1059,-8,86,11,60,,,0,
2022-02-04 13:55:45,0.3,70310840,0.5,5768633,1,480042,2,142705,5,7417,10,0,-8,87,11,60,,,0,
2022-02-04 13:56:45,0.3,71748144,0.5,6148357,1,514305,2,145178,5,3885,10,1412,-8,87,11,60,,,0,
2022-02-04 13:57:45,0.3,69800072,0.5,6179088,1,518544,2,148710,5,2825,10,353,-8,87,11,60,,,0,
2022-02-04 13:58:45,0.3,64292828,0.5,5444366,1,474390,2,162486,5,5651,10,0,-8,88,11,60,,,0,
2022-02-04 13:59:45,0.3,63967500,0.5,5246909,1,452490,2,153302,5,6711,10,706,-8,87,11,60,,,0,
2022-02-04 14:00:45,0.3,67239488,0.5,5293535,1,453903,2,134581,5,8477,10,353,-8,86,11,60,,,0,
2022-02-04 14:01:45,0.3,65482160,0.5,5295655,1,463087,2,134581,5,6711,10,1412,-8,86,11,60,,,0,
2022-02-04 14:02:45,0.3,66813492,0.5,5388555,1,465559,2,147651,5,10243,10,2119,-8,86,11,60,,,0,
2022-02-04 14:03:45,0.3,68221120,0.5,5570116,1,450724,2,150830,5,5651,10,1059,-8,86,11,60,,,0,
2022-02-04 14:04:45,0.3,68471560,0.5,5664076,1,496997,2,167432,5,6358,10,1412,-8,85,11,60,,,0,
2022-02-04 14:05:45,0.3,69194632,0.5,5768633,1,523136,2,181914,5,5298,10,1412,-8,85,11,60,,,0,
2022-02-04 14:06:45,0.3,66870360,0.5,5526315,1,495231,2,183327,5,8124,10,1412,-8,85,11,60,,,0,
2022-02-04 14:07:45,0.3,66736488,0.5,5432709,1,486047,2,187919,5,9890,10,1766,-8,86,11,60,,,0,
2022-02-04 14:08:45,0.3,69896856,0.5,5515718,1,481102,2,159307,5,5298,10,2119,-8,87,11,60,,,0,
2022-02-04 14:09:45,0.3,68226416,0.5,5439067,1,499116,2,172730,5,8124,10,1412,-8,86,11,60,,,0,
2022-02-04 14:10:45,0.3,68781344,0.5,5528435,1,508654,2,168491,5,7417,10,1059,-8,86,11,60,,,0,
2022-02-04 14:11:45,0.3,67963616,0.5,5466266,1,470505,2,155775,5,4238,10,1059,-9,86,11,60,,,0,
2022-02-04 14:12:45,0.3,65767572,0.5,5208053,1,441186,2,151889,5,6004,10,353,-8,87,11,60,,,0,
2022-02-04 14:13:45,0.3,67979864,0.5,5377605,1,488166,2,159660,5,4592,10,1059,-8,86,11,60,,,0,
2022-02-04 14:14:45,0.3,69075944,0.5,5688096,1,476510,2,157894,5,3885,10,1412,-8,86,11,60,,,0,
2022-02-04 14:15:45,0.3,69425992,0.5,5655245,1,490992,2,164252,5,7417,10,353,-8,86,11,60,,,0,
2022-02-04 14:16:45,0.3,69358880,0.5,5635111,1,471564,2,175203,5,7417,10,1412,-8,86,11,60,,,0,
2022-02-04 14:17:45,0.3,64423524,0.5,5176262,1,434828,2,152243,5,7417,10,2119,-8,85,11,60,,,0,
2022-02-04 14:18:45,0.3,67126104,0.5,5463087,1,483574,2,169551,5,7771,10,1412,-8,85,11,60,,,0,
2022-02-04 14:19:45,0.3,66678204,0.5,5332038,1,494878,2,144825,5,5298,10,353,-8,85,11,60,,,0,
2022-02-04 14:20:45,0.3,64988696,0.5,5297774,1,490639,2,152596,5,4592,10,706,-8,85,11,60,,,0,
2022-02-04 14:21:45,0.3,67752384,0.5,5297068,1,467326,2,149770,5,4592,10,353,-8,85,11,60,,,0,
2022-02-04 14:22:45,0.3,66965380,0.5,5408689,1,465913,2,156835,5,5298,10,353,-8,84,11,60,,,0,
2022-02-04 14:23:45,0.3,70032848,0.5,5787001,1,501589,2,161073,5,5298,10,1412,-8,85,11,60,,,0,
2022-02-04 14:24:45,0.3,67391376,0.5,5451783,1,482515,2,143412,5,4945,10,353,-8,84,11,60,,,0,
2022-02-04 14:25:45,0.3,66256444,0.5,5381490,1,443306,2,146944,5,4592,10,706,-8,85,11,60,,,0,
2022-02-04 14:26:45,0.3,66139172,0.5,5356764,1,450370,2,146238,5,5298,10,1059,-8,84,11,60,,,0,
2022-02-04 14:27:45,0.3,64168488,0.5,5131755,1,452843,2,146238,5,3885,10,2119,-8,84,11,60,,,0,
2022-02-04 14:28:45,0.3,62561636,0.5,4853762,1,428823,2,122571,5,3532,10,1412,-8,84,11,60,,,0,
2022-02-04 14:29:45,0.3,61293532,0.5,4792299,1,406570,2,135287,5,4592,10,1059,-8,85,11,60,,,0,
2022-02-04 14:30:45,0.3,60022604,0.5,4560579,1,397386,2,123984,5,3885,10,706,-8,84,11,60,,,0,
2022-02-04 14:31:45,0.3,59074532,0.5,4421052,1,393147,2,137054,5,5298,10,706,-8,84,11,60,,,0,
2022-02-04 14:32:45,0.3,59459908,0.5,4429530,1,383963,2,127516,5,3885,10,353,-8,85,11,60,,,0,
2022-02-04 14:33:45,0.3,59052628,0.5,4419993,1,393500,2,133521,5,3885,10,0,-8,85,11,60,,,0,
2022-02-04 14:34:45,0.3,59288588,0.5,4369480,1,389614,2,136347,5,6004,10,706,-8,85,11,60,,,0,
2022-02-04 14:35:45,0.3,59611444,0.5,4404804,1,390321,2,139879,5,4945,10,1766,-8,84,11,60,,,0,
2022-02-04 14:36:45,0.3,60382548,0.5,4511833,1,401978,2,134228,5,3532,10,706,-8,84,11,60,,,0,
2022-02-04 14:37:45,0.3,60624864,0.5,4646061,1,406923,2,137407,5,5298,10,1412,-8,84,11,60,,,0,
2022-02-04 14:38:45,0.3,59903564,0.5,4758742,1,400211,2,118332,5,4945,10,706,-8,84,11,60,,,0,
2022-02-04 14:39:45,0.3,56205228,0.5,4490639,1,412221,2,125750,5,2119,10,1412,-8,84,11,60,,,0,
2022-02-04 14:40:45,0.3,60193568,0.5,4956552,1,429530,2,133521,5,2472,10,353,-8,84,11,60,,,0,
2022-02-04 14:41:45,0.3,59419992,0.5,4973154,1,443659,2,132108,5,4945,10,353,-8,85,11,60,,,0,
2022-02-04 14:42:45,0.3,56244788,0.5,4656658,1,399858,2,132462,5,3179,10,706,-8,86,11,60,,,0,
2022-02-04 14:43:45,0.3,57191448,0.5,4583892,1,396326,2,132462,5,5298,10,1412,-8,86,11,60,,,0,
2022-02-04 14:44:45,0.3,60862236,0.5,4613917,1,402331,2,146238,5,4592,10,706,-8,86,11,60,,,0,
2022-02-04 14:45:45,0.3,59479688,0.5,4264217,1,364535,2,128929,5,2825,10,706,-8,86,11,60,,,0,
2022-02-04 14:46:45,0.3,62326736,0.5,4428823,1,354998,2,133521,5,5298,10,1412,-8,86,11,60,,,0,
2022-02-04 14:47:45,0.3,64036028,0.5,4998940,1,412575,2,152596,5,6711,10,2825,-8,86,11,60,,,0,
2022-02-04 14:48:45,0.3,66829032,0.5,5087248,1,443659,2,142352,5,7771,10,1412,-8,88,11,60,,,0,
2022-02-04 14:49:45,0.3,63223948,0.5,4825856,1,401978,2,141999,5,5298,10,1059,-8,89,11,60,,,0,
2022-02-04 14:50:45,0.3,63529848,0.5,4785234,1,399858,2,135641,5,3532,10,1412,-8,88,11,60,,,0,
2022-02-04 14:51:45,0.3,64814552,0.5,4770752,1,385376,2,127163,5,6004,10,1059,-8,88,11,60,,,0,
2022-02-04 14:52:45,0.3,60902508,0.5,4492052,1,385022,2,137760,5,3885,10,1059,-8,88,11,60,,,0,
2022-02-04 14:53:45,0.3,56534440,0.5,4044507,1,341575,2,122218,5,5298,10,0,-8,89,11,60,,,0,
2022-02-04 14:54:45,0.3,56886256,0.5,3992935,1,330271,2,121865,5,4238,10,353,-8,89,11,60,,,0,
2022-02-04 14:55:45,0.3,58273752,0.5,3986930,1,331684,2,127870,5,6358,10,2119,-8,88,11,60,,,0,
2022-02-04 14:56:45,0.3,55924052,0.5,3852702,1,321087,2,128929,5,6004,10,1412,-8,88,11,60,,,0,
2022-02-04 14:57:45,0.3,55913456,0.5,3827622,1,319321,2,118685,5,3885,10,1766,-8,88,11,60,,,0,
2022-02-04 14:58:45,0.3,62273400,0.5,4253267,1,334864,2,122218,5,6711,10,353,-8,88,11,60,,,0,
2022-02-04 14:59:45,0.3,66624512,0.5,4473331,1,339456,2,160367,5,4945,10,2472,-8,88,11,60,,,0,
2022-02-04 15:00:45,0.3,67759800,0.5,4494878,1,344048,2,146944,5,5298,10,706,-8,89,11,60,,,0,
2022-02-04 15:01:45,0.3,69063224,0.5,4660897,1,335217,2,131755,5,9890,10,706,-8,89,11,60,,,0,
2022-02-04 15:02:45,0.3,68275520,0.5,4519251,1,346520,2,145178,5,4238,10,706,-8,89,11,60,,,0,
2022-02-04 15:03:45,0.3,67824088,0.5,4457082,1,351465,2,132108,5,3179,10,706,-8,90,11,60,,,0,
2022-02-04 15:04:45,0.3,66345812,0.5,4398445,1,344048,2,137407,5,7064,10,1412,-8,90,11,60,,,0,
2022-02-04 15:05:45,0.3,68445424,0.5,4663369,1,354645,2,143765,5,4945,10,1059,-8,89,11,60,,,0,
2022-02-04 15:06:45,0.3,69901800,0.5,4795125,1,379724,2,137407,5,4945,10,353,-8,89,11,60,,,0,
2022-02-04 15:07:45,0.3,68854816,0.5,4931826,1,368774,2,150476,5,5298,10,1412,-8,89,11,60,,,0,
2022-02-04 15:08:45,0.3,70772872,0.5,4951607,1,408336,2,131755,5,4238,10,706,-8,89,11,60,,,0,
2022-02-04 15:09:45,0.3,70530552,0.5,5184387,1,394560,2,148357,5,5651,10,1766,-8,89,11,60,,,0,
2022-02-04 15:10:45,0.3,71921584,0.5,5246556,1,418226,2,128929,5,6358,10,1059,-8,89,11,60,,,0,
2022-02-04 15:11:45,0.3,73664784,0.5,5314376,1,438714,2,151889,5,7417,10,706,-8,88,11,60,,,0,
2022-02-04 15:12:45,0.3,71854464,0.5,5282232,1,401978,2,143765,5,4238,10,1766,-8,88,11,60,,,0,
2022-02-04 15:13:45,0.3,70231008,0.5,5113034,1,401624,2,144825,5,5651,10,706,-8,88,11,60,,,0,
2022-02-05 12:55:32,0.3,66373716,0.5,3070293,1,240197,2,129989,5,7064,10,4945,-5,78,11,60,,,0,
2022-02-05 12:56:32,0.3,67439768,0.5,3268103,1,231720,2,103850,5,2472,10,1059,-5,76,11,60,,,0,
2022-02-05 12:57:32,0.3,67596608,0.5,3199576,1,242317,2,129989,5,2472,10,3179,-3,70,11,60,,,0,
2022-02-05 12:58:32,0.3,68563400,0.5,3292476,1,238784,2,139173,5,9184,10,3179,-2,63,11,60,,,0,
2022-02-05 12:59:32,0.3,70961496,0.5,4000353,1,839632,2,1060755,5,95725,10,20134,-5,72,11,60,,,0,
2022-02-05 13:00:32,0.3,70229248,0.5,3387495,1,244083,2,136347,5,3532,10,1412,-4,76,11,60,,,0,
2022-02-05 13:01:32,0.3,71868952,0.5,3599081,1,298834,2,180148,5,5651,10,353,-3,72,11,60,,,0,
2022-02-05 13:02:32,0.3,72029312,0.5,3653832,1,292829,2,139879,5,3885,10,706,-4,72,11,60,,,0,
2022-02-05 13:03:32,0.3,70792296,0.5,3565171,1,315436,2,220063,5,9537,10,3532,-3,70,11,60,,,0,
2022-02-05 13:04:32,0.3,68079120,0.5,3406570,1,291063,2,136347,5,6358,10,1412,-4,72,11,60,,,0,
2022-02-05 13:05:32,0.3,69004944,0.5,3398799,1,267749,2,124337,5,2119,10,1059,-3,70,11,60,,,0,
2022-02-05 13:06:32,0.3,63415752,0.5,3044860,1,258565,2,110208,5,7771,10,1412,-3,69,11,60,,,0,
2022-02-05 13:07:32,0.3,64977744,0.5,3104556,1,261391,2,115153,5,5298,10,1412,-3,69,11,60,,,0,
2022-02-05 13:08:32,0.3,65156128,0.5,3160367,1,256799,2,111974,5,3179,10,1059,-3,64,11,60,,,0,
2022-02-05 13:09:32,0.3,67705752,0.5,3339102,1,265277,2,108442,5,4945,10,706,-3,70,11,60,,,0,
2022-02-05 13:10:32,0.3,71348992,0.5,3585305,1,255033,2,123984,5,6004,10,706,-2,60,11,60,,,0,
2022-02-05 13:11:32,0.3,76138816,0.5,3882726,1,278346,2,118332,5,5298,10,1412,-1,60,11,60,,,0,
2022-02-05 13:12:32,0.3,71822672,0.5,3624161,1,269869,2,134934,5,3179,10,353,-2,60,11,60,,,0,
2022-02-05 13:13:32,0.3,68535496,0.5,3383610,1,260332,2,144825,5,7064,10,706,-1,61,11,60,,,0,
2022-02-05 13:14:32,0.3,67600848,0.5,3400918,1,288943,2,164959,5,5651,10,1412,-3,67,11,60,,,0,
2022-02-05 13:15:32,0.3,66529848,0.5,3330978,1,291063,2,160720,5,5298,10,1059,-3,67,11,60,,,0,
2022-02-05 13:16:32,0.3,67519248,0.5,3375485,1,263157,2,128576,5,4238,10,1412,-3,68,11,60,,,0,
2022-02-05 13:17:32,0.3,74410808,0.5,3818438,1,305898,2,146591,5,6711,10,2472,-1,61,11,60,,,0,
2022-02-05 13:18:32,0.3,75373720,0.5,3892264,1,311550,2,157541,5,2825,10,2472,-3,63,11,60,,,0,
2022-02-05 13:19:32,0.3,69256088,0.5,3526315,1,300953,2,154715,5,4945,10,1412,-5,75,11,60,,,0,
2022-02-05 13:20:32,0.3,73137408,0.5,3724832,1,302013,2,168138,5,7064,10,706,-3,70,11,60,,,0,
2022-02-05 13:21:32,0.3,71351464,0.5,3716707,1,324620,2,172024,5,5298,10,1412,-4,72,11,60,,,0,
2022-02-05 13:22:32,0.3,68884848,0.5,3646414,1,313670,2,150476,5,1766,10,706,-4,75,11,60,,,0,
2022-02-05 13:23:32,0.3,74040264,0.5,4034616,1,339809,2,162133,5,3885,10,353,-4,74,11,60,,,0,
2022-02-05 13:24:32,0.3,76748496,0.5,4240904,1,339456,2,177675,5,4592,10,353,-5,77,11,60,,,0,
2022-02-05 13:25:32,0.3,76172024,0.5,4228541,1,367008,2,194630,5,8124,10,1766,-4,75,11,60,,,0,
2022-02-05 13:26:32,0.3,72752384,0.5,4066407,1,368067,2,183327,5,3179,10,1059,-5,80,11,60,,,0,
2022-02-05 13:27:32,0.3,79099608,0.5,4587071,1,371953,2,200989,5,5298,10,1766,-5,76,11,60,,,0,
2022-02-05 13:28:32,0.3,80691976,0.5,4663723,1,384316,2,217237,5,9184,10,2119,-5,79,11,60,,,0,
2022-02-05 13:29:32,0.3,83182616,0.5,4889438,1,410102,2,251501,5,14482,10,2119,-4,77,11,60,,,0,
2022-02-05 13:30:32,0.3,72746024,0.5,4240551,1,347580,2,190038,5,3179,10,353,-4,77,11,60,,,0,
2022-02-05 13:31:32,0.3,77737192,0.5,4463087,1,352525,2,227128,5,6004,10,353,-5,77,11,60,,,0,
2022-02-05 13:32:32,0.3,75813136,0.5,4167431,1,378664,2,181561,5,4238,10,706,-4,79,11,60,,,0,
2022-02-05 13:33:32,0.3,80431648,0.5,4530201,1,380784,2,194630,5,2119,10,0,-4,77,11,60,,,0,
2022-02-05 13:34:32,0.3,80022248,0.5,4565171,1,390674,2,221123,5,6004,10,1059,-4,74,11,60,,,0,
2022-02-05 13:35:32,0.3,69377960,0.5,3842458,1,329565,2,174496,5,4945,10,706,-4,75,11,60,,,0,
2022-02-05 13:36:32,0.3,65689508,0.5,3529848,1,287530,2,156481,5,1766,10,353,-3,73,11,60,,,0,
2022-02-05 13:37:32,0.3,70154008,0.5,3993995,1,353938,2,232073,5,6358,10,1412,-5,77,11,60,,,0,
2022-02-05 13:38:32,0.3,71185088,0.5,4006004,1,334157,2,176262,5,3885,10,353,-4,76,11,60,,,0,
2022-02-05 13:39:32,0.3,69709992,0.5,3873896,1,335570,2,178735,5,4945,10,1059,-4,75,11,60,,,0,
2022-02-05 13:40:32,0.3,64402328,0.5,3538325,1,312610,2,174496,5,3885,10,353,-2,70,11,60,,,0,
2022-02-05 13:41:32,0.3,69296008,0.5,3915930,1,302719,2,141999,5,4945,10,706,-3,75,11,60,,,0,
2022-02-05 13:42:32,0.3,69665136,0.5,3935358,1,311550,2,169904,5,6004,10,706,-4,72,11,60,,,0,
2022-02-05 13:43:32,0.3,68302368,0.5,3871070,1,300247,2,156835,5,6358,10,353,-3,72,11,60,,,0,
2022-02-05 13:44:32,0.3,63439772,0.5,3516072,1,278346,2,190745,5,9537,10,2472,-3,69,11,60,,,0,
2022-02-05 13:45:32,0.3,67496992,0.5,3833274,1,351465,2,245496,5,12716,10,2472,-3,70,11,60,,,0,
2022-02-05 13:46:32,0.3,71393848,0.5,4134581,1,352525,2,204874,5,7771,10,3885,-2,64,11,60,,,0,
2022-02-05 13:47:32,0.3,67889792,0.5,3861533,1,317202,2,168491,5,6711,10,1412,-3,66,11,60,,,0,
2022-02-05 13:48:32,0.3,61846344,0.5,3419286,1,275167,2,145531,5,4238,10,1766,-3,72,11,60,,,0,
2022-02-05 13:49:32,0.3,69958320,0.5,3901801,1,326386,2,165665,5,4592,10,1059,-1,64,11,60,,,0,
2022-02-05 13:50:32,0.3,69160368,0.5,3908866,1,303073,2,170257,5,4238,10,353,-2,61,11,60,,,0,
2022-02-05 13:51:32,0.3,66445776,0.5,3685976,1,313670,2,152243,5,4238,10,1059,-4,71,11,60,,,0,
2022-02-05 13:52:32,0.3,74080184,0.5,4235959,1,331684,2,161427,5,3885,10,0,-3,74,11,60,,,0,
2022-02-05 13:53:32,0.3,66464500,0.5,3716001,1,284351,2,158954,5,6004,10,2472,-4,73,11,60,,,0,
2022-02-05 13:54:32,0.3,70305192,0.5,4139173,1,356057,2,237371,5,8477,10,706,-2,69,11,60,,,0,
2022-02-05 13:55:32,0.3,70283288,0.5,4069233,1,348993,2,190745,5,8477,10,1412,-3,68,11,60,,,0,
2022-02-05 13:56:32,0.3,66537972,0.5,3795831,1,293889,2,179795,5,8477,10,2472,-4,72,11,60,,,0,
2022-02-05 13:57:32,0.3,61433060,0.5,3485694,1,262804,2,157894,5,8830,10,706,-4,72,11,60,,,0,
2022-02-05 13:58:32,0.3,60866124,0.5,3399152,1,277287,2,147651,5,5651,10,2472,-4,75,11,60,,,0,
2022-02-05 13:59:32,0.3,70912752,0.5,4158954,1,330978,2,167432,5,9537,10,1766,-3,73,11,60,,,0,
2022-02-05 14:00:32,0.3,67469088,0.5,3824796,1,309078,2,151536,5,4238,10,1059,-4,75,11,60,,,0,
2022-02-05 14:01:32,0.3,74264568,0.5,4330625,1,306958,2,149770,5,5651,10,353,-5,78,11,60,,,0,
2022-02-05 14:02:32,0.3,72664072,0.5,4105263,1,292829,2,151889,5,4592,10,706,-3,72,11,60,,,0,
2022-02-05 14:03:32,0.3,66774284,0.5,3678558,1,297068,2,137407,5,3179,10,2119,-2,65,11,60,,,0,
2022-02-05 14:04:32,0.3,68867184,0.5,3908512,1,296714,2,153302,5,9184,10,353,-4,76,11,60,,,0,
2022-02-05 14:05:32,0.3,66279404,0.5,3687389,1,287884,2,132108,5,2825,10,1059,-3,73,11,60,,,0,
2022-02-05 14:06:32,0.3,73726240,0.5,4318262,1,323913,2,160367,5,3885,10,353,-4,72,11,60,,,0,
2022-02-05 14:07:32,0.3,74343696,0.5,4477923,1,324973,2,157541,5,6358,10,353,-4,78,11,60,,,0,
2022-02-05 14:08:32,0.3,67344400,0.5,3828682,1,347580,2,228187,5,9890,10,4592,-4,77,11,60,,,0,
2022-02-05 14:09:32,0.3,60459908,0.5,3393500,1,265983,2,152949,5,4592,10,1412,-4,76,11,60,,,0,
2022-02-05 14:10:32,0.3,57777816,0.5,3229954,1,274461,2,140233,5,4592,10,353,-4,74,11,60,,,0,
2022-02-05 14:11:32,0.3,59899680,0.5,3285411,1,262804,2,139879,5,2472,10,1412,-4,74,11,60,,,0,
2022-02-05 14:12:32,0.3,71233840,0.5,4075591,1,300247,2,145531,5,6358,10,353,-3,72,11,60,,,0,
2022-02-05 14:13:32,0.3,67966792,0.5,3852702,1,282585,2,145178,5,4238,10,706,-2,66,11,60,,,0,
2022-02-05 14:14:32,0.3,73155776,0.5,4340162,1,308724,2,166019,5,7771,10,353,-2,67,11,60,,,0,
2022-02-05 14:15:32,0.3,71133520,0.5,4068173,1,275521,2,149063,5,3532,10,353,-2,64,11,60,,,0,
2022-02-05 14:16:32,0.3,72464848,0.5,4184740,1,274814,2,139879,5,3885,10,1059,-2,63,11,60,,,0,
2022-02-05 14:17:32,0.3,76612504,0.5,4622395,1,325326,2,137407,5,5298,10,1766,-2,65,11,60,,,0,
2022-02-05 14:18:32,0.3,76292824,0.5,4593783,1,288590,2,144118,5,4238,10,1412,-3,63,11,60,,,0,
2022-02-05 14:19:32,0.3,75278696,0.5,4519604,1,323560,2,134228,5,3532,10,706,-2,65,11,60,,,0,
2022-02-05 14:20:32,0.3,75909920,0.5,4503002,1,318968,2,145178,5,7771,10,706,-3,65,11,60,,,0,
2022-02-05 14:21:32,0.3,78773224,0.5,4752031,1,316849,2,151536,5,4592,10,1059,-3,68,11,60,,,0,
2022-02-05 14:22:32,0.3,78723768,0.5,4724125,1,307311,2,135994,5,3179,10,706,-3,67,11,60,,,0,
2022-02-05 14:23:32,0.3,76498408,0.5,4695160,1,312963,2,139173,5,3885,10,1412,-4,72,11,60,,,0,
2022-02-05 14:24:32,0.3,75534088,0.5,4697986,1,320734,2,129636,5,4592,10,1412,-4,73,11,60,,,0,
2022-02-05 14:25:32,0.3,72520664,0.5,4345107,1,296008,2,124337,5,4945,10,1059,-3,69,11,60,,,0,
2022-02-05 14:26:32,0.3,77133520,0.5,4662663,1,294948,2,142352,5,6358,10,0,-2,65,11,60,,,0,
2022-02-05 14:27:32,0.3,76259624,0.5,4589191,1,296714,2,150123,5,3885,10,2119,-3,66,11,60,,,0,
2022-02-05 14:28:32,0.3,76555984,0.5,4652066,1,316495,2,160720,5,3532,10,0,-2,66,11,60,,,0,
2022-02-05 14:29:32,0.3,79747792,0.5,4797244,1,313670,2,156128,5,2825,10,1766,-3,66,11,60,,,0,
2022-02-05 14:30:32,0.3,76673968,0.5,4553514,1,291063,2,131402,5,3532,10,706,-3,67,11,60,,,0,
2022-02-05 14:31:32,0.3,75935000,0.5,4438361,1,273754,2,131755,5,7417,10,1412,-3,67,11,60,,,0,
2022-02-05 14:32:32,0.3,75286824,0.5,4540091,1,303073,2,138113,5,3532,10,4945,-3,67,11,60,,,0,
2022-02-05 14:33:32,0.3,78541152,0.5,4699752,1,315789,2,134581,5,3532,10,1766,-2,65,11,60,,,0,
2022-02-05 14:34:32,0.3,77619568,0.5,4659484,1,312610,2,143412,5,4945,10,2472,-3,65,11,60,,,0,
2022-02-07 12:13:16,0.3,23202754,0.5,1756269,1,109501,2,44507,5,2472,10,353,-7,69,11,60,,,0,
2022-02-07 12:14:16,0.3,23099610,0.5,1843518,1,115860,2,45920,5,1766,10,706,-7,70,11,60,,,0,
2022-02-07 12:15:16,0.3,22312610,0.5,1772871,1,118332,2,44507,5,2472,10,1059,-7,69,11,60,,,0,
2022-02-07 12:16:16,0.3,21188978,0.5,1682797,1,109855,2,43094,5,1059,10,1059,-7,70,11,60,,,0,
2022-02-07 12:17:16,0.3,20607912,0.5,1527022,1,91133,2,43800,5,2119,10,353,-7,71,11,60,,,0,
2022-02-07 12:18:16,0.3,16897208,0.5,1222182,1,89014,2,26845,5,2472,10,0,-7,71,11,60,,,0,
2022-02-07 12:19:16,0.3,19417520,0.5,1495937,1,87248,2,35676,5,706,10,706,-7,70,11,60,,,0,
2022-02-07 12:20:16,0.3,22261744,0.5,1700105,1,110561,2,34263,5,2119,10,706,-6,70,11,60,,,0,
2022-02-07 12:21:16,0.3,21516424,0.5,1609325,1,107735,2,31437,5,2825,10,353,-6,68,11,60,,,0,
2022-02-07 12:22:16,0.3,21534086,0.5,1581773,1,100671,2,37089,5,1059,10,353,-6,69,11,60,,,0,
2022-02-07 12:23:16,0.3,21336276,0.5,1552101,1,90074,2,35323,5,706,10,353,-6,69,11,60,,,0,
2022-02-07 12:24:16,0.3,21484986,0.5,1642882,1,97492,2,30731,5,1412,10,353,-6,69,11,60,,,0,
2022-02-07 12:25:16,0.3,21744966,0.5,1622748,1,106322,2,30024,5,1766,10,0,-6,70,11,60,,,0,
2022-02-07 12:26:16,0.3,22378310,0.5,1598728,1,110208,2,38502,5,1059,10,706,-7,71,11,60,,,0,
2022-02-07 12:27:16,0.3,21330624,0.5,1572235,1,86188,2,36029,5,3532,10,706,-7,73,11,60,,,0,
2022-02-07 12:28:16,0.3,20465560,0.5,1488519,1,99258,2,28965,5,2119,10,353,-7,73,11,60,,,0,
2022-02-07 12:29:16,0.3,21571528,0.5,1552454,1,102790,2,30731,5,1059,10,0,-7,73,11,60,,,0,
2022-02-07 12:30:16,0.3,22665136,0.5,1678205,1,100317,2,37089,5,2119,10,0,-7,74,11,60,,,0,
2022-02-07 12:31:16,0.3,21933944,0.5,1628753,1,101377,2,41328,5,2472,10,0,-7,73,11,60,,,0,
2022-02-07 12:32:16,0.3,21949840,0.5,1665136,1,109501,2,40974,5,3885,10,0,-6,71,11,60,,,0,
2022-02-07 12:33:16,0.3,21243022,0.5,1660897,1,110561,2,45213,5,1766,10,0,-6,70,11,60,,,0,
2022-02-07 12:34:16,0.3,20304486,0.5,1520310,1,97845,2,41681,5,2472,10,1059,-6,70,11,60,,,0,
2022-02-07 12:35:16,0.3,19080890,0.5,1405863,1,91133,2,37089,5,3532,10,0,-6,68,11,60,,,0,
2022-02-07 12:36:16,0.3,19786294,0.5,1459908,1,91840,2,29671,5,1059,10,0,-6,67,11,60,,,0,
2022-02-07 12:37:16,0.3,19915576,0.5,1459908,1,96432,2,38502,5,3532,10,0,-6,67,11,60,,,0,
2022-02-07 12:38:16,0.3,20333098,0.5,1439773,1,87601,2,36029,5,2825,10,353,-6,67,11,60,,,0,
2022-02-07 12:39:16,0.3,20522782,0.5,1429176,1,93959,2,32497,5,3179,10,0,-5,65,11,60,,,0,
2022-02-07 12:40:16,0.3,18405864,0.5,1305898,1,86895,2,31437,5,1766,10,353,-4,61,11,60,,,0,
2022-02-07 12:41:16,0.3,18332744,0.5,1329212,1,93959,2,35323,5,4238,10,1412,-4,61,11,60,,,0,
2022-02-07 12:42:16,0.3,19797950,0.5,1455669,1,96785,2,35323,5,2825,10,1412,-5,63,11,60,,,0,
2022-02-07 12:43:16,0.3,20294594,0.5,1523843,1,83009,2,38149,5,2472,10,0,-4,63,11,60,,,0,
2022-02-07 12:44:16,0.3,17659130,0.5,1296361,1,78417,2,26492,5,2472,10,353,-4,61,11,60,,,0,
2022-02-07 12:45:16,0.3,18744612,0.5,1330272,1,79477,2,23313,5,2119,10,0,-3,58,11,60,,,0,
2022-02-07 12:46:16,0.3,17294948,0.5,1184740,1,68527,2,22253,5,1412,10,353,-4,60,11,60,,,0,
2022-02-07 12:47:16,0.3,18918402,0.5,1375838,1,87248,2,38855,5,1412,10,706,-2,58,11,60,,,0,
2022-02-07 12:48:16,0.3,18184386,0.5,1299894,1,79477,2,27552,5,2119,10,353,-1,52,11,60,,,0,
2022-02-07 12:49:16,0.3,18406570,0.5,1368067,1,75944,2,25785,5,1412,10,706,-2,54,11,60,,,0,
2022-02-07 12:50:16,0.3,20570116,0.5,1556693,1,81596,2,36029,5,4592,10,706,-2,55,11,60,,,0,
2022-02-07 12:51:16,0.3,18672554,0.5,1410455,1,73825,2,18014,5,353,10,0,-3,58,11,60,,,0,
2022-02-07 12:52:16,0.3,18606498,0.5,1368421,1,78770,2,25432,5,2825,10,353,-3,59,11,60,,,0,
2022-02-07 12:53:16,0.3,18929000,0.5,1407983,1,67467,2,22960,5,1059,10,706,-2,56,11,60,,,0,
2022-02-07 12:54:16,0.3,21087248,0.5,1603320,1,85482,2,43094,5,2825,10,1412,-2,55,11,60,,,0,
2022-02-07 12:55:16,0.3,21223948,0.5,1627693,1,79477,2,46273,5,6004,10,353,0,52,11,60,,,0,
2022-02-07 12:56:16,0.3,19985516,0.5,1545743,1,80536,2,26492,5,1766,10,0,0,49,11,60,,,0,
2022-02-07 12:57:16,0.3,17253974,0.5,1209466,1,67820,2,15895,5,1059,10,0,-1,50,11,60,,,0,
2022-02-07 12:58:16,0.3,16546803,0.5,1243376,1,56870,2,16955,5,706,10,0,-1,51,11,60,,,0,
2022-02-07 12:59:16,0.3,17027198,0.5,1231720,1,59342,2,15188,5,706,10,0,-1,53,11,60,,,0,
2022-02-07 13:00:16,0.3,16346520,0.5,1198516,1,58989,2,15542,5,1059,10,0,-1,50,11,60,,,0,
2022-02-07 13:01:16,0.3,17517484,0.5,1241963,1,62168,2,21547,5,706,10,0,-1,51,11,60,,,0,
2022-02-07 13:02:16,0.3,17542210,0.5,1258212,1,66407,2,21193,5,0,10,0,0,50,11,60,,,0,
2022-02-07 13:03:16,0.3,17054398,0.5,1255033,1,66760,2,33910,5,2472,10,0,0,48,11,60,,,0,
2022-02-07 13:04:16,0.3,16947722,0.5,1251854,1,62168,2,32850,5,2825,10,353,-2,54,11,60,,,0,
2022-02-07 13:05:16,0.3,17998940,0.5,1308018,1,66407,2,18721,5,1412,10,0,-2,57,11,60,,,0,
2022-02-07 13:06:16,0.3,17588838,0.5,1281172,1,66054,2,18014,5,2119,10,0,-4,64,11,60,,,0,
2022-02-07 13:07:16,0.3,17434474,0.5,1291769,1,67114,2,20840,5,1412,10,353,-2,59,11,60,,,0,
2022-02-07 13:08:16,0.3,15944542,0.5,1136347,1,50512,2,21547,5,353,10,353,-2,54,11,60,,,0,
2022-02-07 13:09:16,0.3,16653832,0.5,1271282,1,54750,2,19427,5,2119,10,353,-3,56,11,60,,,0,
2022-02-07 13:10:16,0.3,13850582,0.5,992935,1,57930,2,13422,5,353,10,353,-3,57,11,60,,,0,
2022-02-07 13:11:16,0.3,15540091,0.5,1154362,1,60402,2,20840,5,1059,10,1766,-3,55,11,60,,,0,
2022-02-07 13:12:16,0.3,15572235,0.5,1186859,1,56870,2,17661,5,0,10,0,-3,58,11,60,,,0,
2022-02-07 13:13:16,0.3,16593076,0.5,1285411,1,56870,2,21900,5,1766,10,1766,-2,57,11,60,,,0,
2022-02-07 13:14:16,0.3,17889438,0.5,1315789,1,67114,2,27905,5,3885,10,2119,-1,50,11,60,,,0,
2022-02-07 13:15:16,0.3,16625220,0.5,1211586,1,52278,2,18014,5,706,10,353,-2,54,11,60,,,0,
2022-02-07 13:16:16,0.3,19158248,0.5,1374072,1,68880,2,23313,5,1412,10,706,-2,56,11,60,,,0,
2022-02-07 13:17:16,0.3,17679972,0.5,1297774,1,70646,2,19780,5,1412,10,353,-2,57,11,60,,,0,
2022-02-07 13:18:16,0.3,19342634,0.5,1475450,1,73472,2,30377,5,4238,10,1059,-1,54,11,60,,,0,
2022-02-07 13:19:16,0.3,16732603,0.5,1229954,1,64641,2,27198,5,3179,10,353,0,51,11,60,,,0,
2022-02-07 13:20:16,0.3,19815966,0.5,1517838,1,72412,2,25785,5,706,10,706,0,47,11,60,,,0,
2022-02-07 13:21:16,0.3,17009184,0.5,1295302,1,72765,2,24726,5,1766,10,706,2,43,11,60,,,0,
2022-02-07 13:22:16,0.3,17062168,0.5,1259272,1,72765,2,28611,5,3885,10,1412,3,39,11,60,,,0,
2022-02-07 13:23:16,0.3,18083008,0.5,1380430,1,77004,2,34616,5,2825,10,1059,3,43,11,60,,,0,
2022-02-07 13:24:16,0.3,18421758,0.5,1452490,1,72765,2,27905,5,2472,10,1059,3,39,11,60,,,0,
2022-02-07 13:25:16,0.3,17599434,0.5,1320381,1,71352,2,38149,5,5298,10,1412,6,36,11,60,,,0,
2022-02-07 13:26:16,0.3,18049098,0.5,1377958,1,78770,2,34616,5,5298,10,1766,6,33,11,60,,,0,
2022-02-07 13:27:16,0.3,17453902,0.5,1330978,1,73472,2,28611,5,1766,10,1412,4,37,11,60,,,0,
2022-02-07 13:28:16,0.3,18181914,0.5,1349699,1,66054,2,28258,5,706,10,706,2,44,11,60,,,0,
2022-02-07 13:29:16,0.3,18405156,0.5,1423172,1,66054,2,29318,5,2825,10,353,1,50,11,60,,,0,
2022-02-07 13:30:16,0.3,19658424,0.5,1480042,1,81596,2,27552,5,1766,10,353,0,52,11,60,,,0,
2022-02-07 13:31:16,0.3,18935358,0.5,1472271,1,70646,2,24373,5,2119,10,353,1,49,11,60,,,0,
2022-02-07 13:32:16,0.3,17525608,0.5,1336983,1,59342,2,20487,5,1059,10,0,1,48,11,60,,,0,
2022-02-07 13:33:16,0.3,19869656,0.5,1549982,1,68527,2,26139,5,1059,10,353,2,44,11,60,,,0,
2022-02-07 13:34:16,0.3,20398446,0.5,1555987,1,86895,2,31790,5,2825,10,1412,3,42,11,60,,,0,
2022-02-07 13:35:16,0.3,19792298,0.5,1506888,1,67467,2,40621,5,4945,10,1412,3,42,11,60,,,0,
2022-02-07 13:36:16,0.3,19669020,0.5,1536912,1,77004,2,43447,5,3885,10,1412,3,42,11,60,,,0,
2022-02-07 13:37:16,0.3,17528788,0.5,1378664,1,72059,2,29671,5,2119,10,706,3,43,11,60,,,0,
2022-02-07 13:38:16,0.3,20838572,0.5,1645708,1,72765,2,21900,5,2472,10,0,0,50,11,60,,,0,
2022-02-07 13:39:16,0.3,17417166,0.5,1315789,1,63228,2,21900,5,1059,10,706,-1,54,11,60,,,0,
2022-02-07 13:40:16,0.3,19565878,0.5,1478629,1,74885,2,23313,5,1766,10,706,-1,56,11,60,,,0,
2022-02-07 13:41:16,0.3,20551042,0.5,1503002,1,73472,2,25432,5,1059,10,0,-1,58,11,60,,,0,
2022-02-07 13:42:16,0.3,19035322,0.5,1407629,1,66407,2,27198,5,1766,10,0,-1,56,11,60,,,0,
2022-02-07 13:43:16,0.3,19434828,0.5,1437301,1,71352,2,31790,5,706,10,353,-2,56,11,60,,,0,
2022-02-07 13:44:16,0.3,18238784,0.5,1416107,1,74885,2,25785,5,1412,10,353,-2,56,11,60,,,0,
2022-02-07 13:45:16,0.3,17320380,0.5,1302013,1,68880,2,24726,5,1059,10,0,-2,58,11,60,,,0,
2022-02-07 13:46:16,0.3,16510773,0.5,1198869,1,58636,2,18368,5,353,10,353,-3,61,11,60,,,0,
2022-02-07 13:47:16,0.3,15831155,0.5,1128223,1,59342,2,18014,5,353,10,1059,-3,62,11,60,,,0,
2022-02-07 13:48:16,0.3,15856234,0.5,1197103,1,59696,2,16248,5,1766,10,0,-4,63,11,60,,,0,
2022-02-07 13:49:16,0.3,17598374,0.5,1285764,1,68173,2,19427,5,2119,10,0,-4,63,11,60,,,0,
2022-02-07 13:50:16,0.3,18786294,0.5,1395973,1,74885,2,16955,5,2119,10,0,-3,62,11,60,,,0,
2022-02-07 13:51:16,0.3,15238784,0.5,1097138,1,51571,2,15895,5,1059,10,0,-4,62,11,60,,,0,
2022-02-07 13:52:16,0.3,20628046,0.5,1587071,1,83716,2,30377,5,1766,10,353,-3,64,11,60,,,0,
2022-02-07 22:19:42,0.3,25452842,0.5,2980572,1,329212,2,193217,5,13776,10,1412,-14,88,11,60,,,0,
2022-02-07 22:20:42,0.3,18051572,0.5,2007064,1,222536,2,149063,5,7771,10,1766,-15,87,11,60,,,0,
2022-02-07 22:21:42,0.3,18673612,0.5,2025079,1,211939,2,129282,5,4592,10,1412,-15,89,11,60,,,0,
2022-02-07 22:22:42,0.3,16979158,0.5,1807841,1,186506,2,102790,5,4238,10,0,-15,89,11,60,,,0,
2022-02-07 22:23:42,0.3,16680324,0.5,1722712,1,182620,2,127870,5,5651,10,1412,-15,88,11,60,,,0,
2022-02-07 22:24:42,0.3,16517484,0.5,1677145,1,185800,2,130342,5,6358,10,2825,-15,89,11,60,,,0,
2022-02-07 22:25:42,0.3,15521723,0.5,1527728,1,154715,2,98904,5,2472,10,353,-15,89,11,60,,,0,
2022-02-07 22:26:42,0.3,14468385,0.5,1417520,1,133521,2,72059,5,2119,10,706,-15,89,11,60,,,0,
2022-02-07 22:27:42,0.3,16032850,0.5,1566584,1,157188,2,86188,5,1766,10,706,-15,90,11,60,,,0,
2022-02-07 22:28:42,0.3,15418226,0.5,1491699,1,140233,2,84422,5,3179,10,706,-14,91,11,60,,,0,
2022-02-07 22:29:42,0.3,15814906,0.5,1535853,1,119392,2,78064,5,1766,10,2119,-14,91,11,60,,,0,
2022-02-07 22:30:42,0.3,14713528,0.5,1389614,1,126103,2,87954,5,1412,10,1059,-14,91,11,60,,,0,
2022-02-07 22:31:42,0.3,14878134,0.5,1463793,1,123631,2,89014,5,1412,10,706,-14,90,11,60,,,0,
2022-02-07 22:32:42,0.3,15349346,0.5,1449664,1,138466,2,81949,5,3179,10,1059,-14,90,11,60,,,0,
2022-02-07 22:33:42,0.3,15338043,0.5,1484634,1,139526,2,99258,5,1059,10,353,-14,90,11,60,,,0,
2022-02-07 22:34:42,0.3,16737901,0.5,1596608,1,156481,2,114447,5,2119,10,353,-13,92,11,60,,,0,
2022-02-07 22:35:42,0.3,17775344,0.5,1772871,1,185446,2,189332,5,7771,10,1059,-13,92,11,60,,,0,
2022-02-07 22:36:42,0.3,16219710,0.5,1687389,1,221476,2,247262,5,7064,10,1766,-13,91,11,60,,,0,
2022-02-07 22:37:42,0.3,17815966,0.5,1710349,1,179088,2,128223,5,2119,10,0,-13,92,11,60,,,0,
2022-02-07 22:38:42,0.3,17480748,0.5,1661250,1,141646,2,106676,5,2119,10,353,-13,90,11,60,,,0,
2022-02-07 22:39:42,0.3,16403037,0.5,1564111,1,138466,2,98198,5,2825,10,1766,-13,90,11,60,,,0,
2022-02-07 22:40:42,0.3,15653479,0.5,1450017,1,110561,2,83362,5,1059,10,1412,-12,90,11,60,,,0,
2022-02-07 22:41:42,0.3,15951607,0.5,1487460,1,114800,2,74531,5,2472,10,3179,-12,90,11,60,,,0,
2022-02-07 22:42:42,0.3,15178382,0.5,1382197,1,109855,2,81243,5,5298,10,3885,-11,88,11,60,,,0,
2022-02-07 22:43:42,0.3,14312257,0.5,1313670,1,105616,2,65347,5,2472,10,2119,-11,86,11,60,,,0,
2022-02-07 22:44:42,0.3,14496291,0.5,1250441,1,104556,2,62875,5,2472,10,2825,-11,86,11,60,,,0,
2022-02-07 22:45:42,0.3,13920876,0.5,1282585,1,91840,2,62168,5,1412,10,1412,-11,84,11,60,,,0,
2022-02-07 22:46:42,0.3,13768633,0.5,1249735,1,128223,2,127163,5,7064,10,3885,-11,87,11,60,,,0,
2022-02-07 22:47:42,0.3,14121158,0.5,1262451,1,111268,2,72059,5,2825,10,0,-11,85,11,60,,,0,
2022-02-07 22:48:42,0.3,14445425,0.5,1308371,1,117273,2,109855,5,6358,10,1412,-12,84,11,60,,,0,
2022-02-07 22:49:42,0.3,13492405,0.5,1240551,1,108795,2,59696,5,1059,10,353,-11,87,11,60,,,0,
2022-02-07 22:50:42,0.3,13679618,0.5,1229600,1,107029,2,57930,5,1412,10,706,-11,86,11,60,,,0,
2022-02-07 22:51:42,0.3,13967502,0.5,1273048,1,103496,2,70293,5,706,10,353,-12,85,11,60,,,0,
2022-02-07 22:52:42,0.3,14187213,0.5,1288590,1,108089,2,61462,5,1412,10,0,-11,87,11,60,,,0,
2022-02-07 22:53:42,0.3,13447898,0.5,1242670,1,103496,2,66054,5,353,10,353,-11,86,11,60,,,0,
2022-02-07 22:54:42,0.3,13174143,0.5,1187213,1,106322,2,50158,5,2472,10,0,-10,85,11,60,,,0,
2022-02-07 22:55:42,0.3,12809961,0.5,1161780,1,106676,2,62522,5,1059,10,706,-11,84,11,60,,,0,
2022-02-07 22:56:42,0.3,12659131,0.5,1157188,1,93959,2,52631,5,1766,10,353,-11,84,11,60,,,0,
2022-02-07 22:57:42,0.3,13541504,0.5,1198163,1,109148,2,58636,5,706,10,0,-11,85,11,60,,,0,
2022-02-07 22:58:42,0.3,14037442,0.5,1284705,1,109855,2,68527,5,706,10,0,-11,85,11,60,,,0,
2022-02-07 22:59:42,0.3,13322147,0.5,1211586,1,90427,2,52984,5,706,10,0,-11,86,11,60,,,0,
2022-02-07 23:00:42,0.3,14086541,0.5,1260685,1,103143,2,67820,5,353,10,0,-10,85,11,60,,,0,
2022-02-07 23:01:42,0.3,14240904,0.5,1253973,1,101377,2,60755,5,1766,10,0,-10,85,11,60,,,0,
2022-02-07 23:02:42,0.3,14969622,0.5,1331331,1,108089,2,58636,5,353,10,353,-10,84,11,60,,,0,
2022-02-07 23:03:42,0.3,15742140,0.5,1450370,1,119039,2,74178,5,1412,10,0,-10,85,11,60,,,0,
2022-02-07 23:04:42,0.3,15711056,0.5,1428117,1,123984,2,61815,5,706,10,0,-10,84,11,60,,,0,
2022-02-07 23:05:42,0.3,17255740,0.5,1595902,1,128223,2,76651,5,2119,10,0,-9,84,11,60,,,0,
2022-02-07 23:06:42,0.3,17812786,0.5,1583892,1,118685,2,73119,5,1059,10,0,-9,83,11,60,,,0,
2022-02-07 23:07:42,0.3,16361709,0.5,1496291,1,117273,2,67467,5,1766,10,0,-10,82,11,60,,,0,
2022-02-07 23:08:42,0.3,17030378,0.5,1561639,1,125750,2,81243,5,1059,10,0,-10,84,11,60,,,0,
2022-02-07 23:09:42,0.3,16720946,0.5,1495584,1,122218,2,68527,5,706,10,0,-9,83,11,60,,,0,
2022-02-07 23:10:42,0.3,17682090,0.5,1618509,1,124337,2,78064,5,1766,10,2825,-10,82,11,60,,,0,
2022-02-07 23:11:42,0.3,18798658,0.5,1691275,1,143765,2,132462,5,10950,10,12363,-10,82,11,60,,,0,
2022-02-07 23:12:42,0.3,19645354,0.5,1748145,1,140939,2,92193,5,5298,10,5298,-10,83,11,60,,,0,
2022-02-07 23:13:42,0.3,19411868,0.5,1744966,1,133168,2,87954,5,4945,10,4592,-10,84,11,60,,,0,
2022-02-07 23:14:42,0.3,19132814,0.5,1757329,1,126457,2,70999,5,3179,10,1766,-10,84,11,60,,,0,
2022-02-07 23:15:42,0.3,19365594,0.5,1742140,1,134228,2,106676,5,7417,10,2472,-10,84,11,60,,,0,
2022-02-07 23:16:42,0.3,18433416,0.5,1676439,1,139526,2,70646,5,0,10,706,-10,84,11,60,,,0,
2022-02-07 23:17:42,0.3,18293888,0.5,1672553,1,138820,2,91840,5,3179,10,1059,-10,84,11,60,,,0,
2022-02-07 23:18:42,0.3,18533734,0.5,1663369,1,126810,2,77004,5,1412,10,353,-10,84,11,60,,,0,
2022-02-07 23:19:42,0.3,18681738,0.5,1726951,1,137760,2,68880,5,1766,10,0,-10,84,11,60,,,0,
2022-02-07 23:20:42,0.3,18730484,0.5,1712822,1,140586,2,76298,5,706,10,353,-10,83,11,60,,,0,
2022-02-07 23:21:42,0.3,23325326,0.5,2198516,1,178382,2,106676,5,1412,10,706,-11,83,11,60,,,0,
2022-02-07 23:22:42,0.3,32933592,0.5,3079830,1,267396,2,246909,5,11656,10,2119,-12,89,11,60,,,0,
2022-02-07 23:23:42,0.3,34448604,0.5,3519957,1,287884,2,205934,5,4945,10,353,-13,91,11,60,,,0,
2022-02-07 23:24:42,0.3,32076298,0.5,3680324,1,301660,2,212292,5,5298,10,1059,-14,93,11,60,,,0,
2022-02-07 23:25:42,0.3,32350758,0.5,3898622,1,300247,2,178382,5,4592,10,1059,-14,94,11,60,,,0,
2022-02-07 23:26:42,0.3,32926174,0.5,3938184,1,332038,2,189685,5,4238,10,1059,-14,94,11,60,,,0,
2022-02-07 23:27:42,0.3,28697280,0.5,3546803,1,276933,2,166372,5,2472,10,706,-13,91,11,60,,,0,
2022-02-07 23:28:42,0.3,27721652,0.5,3305192,1,273401,2,153655,5,4592,10,706,-13,87,11,60,,,0,
2022-02-07 23:29:42,0.3,32176968,0.5,3930413,1,298834,2,183680,5,4592,10,353,-13,87,11,60,,,0,
2022-02-07 23:30:42,0.3,29753444,0.5,3664429,1,311197,2,262451,5,10596,10,3179,-14,90,11,60,,,0,
2022-02-07 23:31:42,0.3,29008124,0.5,3538325,1,312257,2,150123,5,2825,10,353,-14,92,11,60,,,0,
2022-02-07 23:32:42,0.3,28193218,0.5,3396326,1,272341,2,159660,5,5298,10,1059,-14,93,11,60,,,0,
2022-02-07 23:33:42,0.3,25221476,0.5,2970328,1,252560,2,154009,5,6004,10,3532,-13,94,11,60,,,0,
2022-02-07 23:34:42,0.3,22279052,0.5,2695160,1,225008,2,166019,5,6711,10,1412,-14,88,11,60,,,0,
2022-02-07 23:35:42,0.3,24061108,0.5,2837513,1,231367,2,175909,5,8477,10,2472,-13,92,11,60,,,0,
2022-02-07 23:36:42,0.3,25876368,0.5,3113740,1,281879,2,216531,5,9184,10,3179,-13,90,11,60,,,0,
2022-02-07 23:37:42,0.3,28045920,0.5,3304486,1,276580,2,197103,5,8124,10,353,-13,91,11,60,,,0,
2022-02-07 23:38:42,0.3,24180500,0.5,2891557,1,223949,2,171317,5,5651,10,1412,-13,89,11,60,,,0,
2022-02-07 23:39:42,0.3,23217236,0.5,2563051,1,231720,2,161427,5,3532,10,1059,-12,89,11,60,,,0,
2022-02-07 23:40:42,0.3,23690922,0.5,2490286,1,200282,2,124337,5,2825,10,353,-12,89,11,60,,,0,
2022-02-07 23:41:42,0.3,28366654,0.5,3149063,1,245143,2,158954,5,1412,10,0,-13,91,11,60,,,0,
2022-02-07 23:42:42,0.3,29417872,0.5,3358530,1,262804,2,143412,5,2472,10,706,-13,93,11,60,,,0,
2022-02-07 23:43:42,0.3,30019426,0.5,3399858,1,264924,2,154715,5,2119,10,0,-13,93,11,60,,,0,
2022-02-07 23:44:42,0.3,23825856,0.5,2686683,1,214058,2,110561,5,1412,10,353,-13,91,11,60,,,0,
2022-02-07 23:45:42,0.3,26489226,0.5,3048746,1,259978,2,117626,5,1766,10,0,-14,93,11,60,,,0,
2022-02-07 23:46:42,0.3,25247968,0.5,2782762,1,212998,2,115153,5,1059,10,0,-14,94,11,60,,,0,
2022-02-07 23:47:42,0.3,23235606,0.5,2471211,1,184387,2,110208,5,1766,10,353,-14,92,11,60,,,0,
2022-02-07 23:48:42,0.3,21708230,0.5,2429177,1,197103,2,103143,5,0,10,0,-15,92,11,60,,,0,
2022-02-07 23:49:42,0.3,18827976,0.5,2033557,1,161073,2,84422,5,353,10,0,-15,92,11,60,,,0,
2022-02-07 23:50:42,0.3,20411162,0.5,2355704,1,201342,2,104909,5,706,10,0,-15,92,11,60,,,0,
2022-02-07 23:51:42,0.3,23585658,0.5,2708230,1,217944,2,104909,5,1059,10,353,-15,93,11,60,,,0,
2022-02-07 23:52:42,0.3,27571528,0.5,3288237,1,264924,2,138820,5,4592,10,706,-15,94,11,60,,,0,
2022-02-07 23:53:42,0.3,27058636,0.5,3031084,1,227481,2,129282,5,3179,10,0,-14,94,11,60,,,0,
2022-02-07 23:54:42,0.3,24746732,0.5,2767926,1,206640,2,122571,5,706,10,0,-14,92,11,60,,,0,
2022-02-07 23:55:42,0.3,21198868,0.5,2440833,1,194630,2,94666,5,1059,10,353,-15,89,11,60,,,0,
2022-02-07 23:56:42,0.3,21195690,0.5,2464146,1,189332,2,108442,5,1059,10,0,-15,88,11,60,,,0,
2022-02-07 23:57:42,0.3,22647120,0.5,2718474,1,215471,2,100671,5,353,10,0,-16,90,11,60,,,0,
2022-02-07 23:58:42,0.3,22096078,0.5,2518191,1,211586,2,108795,5,1059,10,706,-16,90,11,60,,,0,
2022-02-08 16:43:07,0.3,58742844,0.5,5745319,1,629812,2,643235,5,74178,10,20134,-1,60,11,60,,,0,
2022-02-08 16:44:07,0.3,57909924,0.5,5496644,1,405157,2,243730,5,19074,10,4592,-3,67,11,60,,,0,
2022-02-08 16:45:07,0.3,55444716,0.5,5410808,1,407276,2,254327,5,19427,10,2119,-4,69,11,60,,,0,
2022-02-08 16:46:07,0.3,51416460,0.5,5038855,1,592370,2,529494,5,44507,10,7417,-4,68,11,60,,,0,
2022-02-08 16:47:07,0.3,50515716,0.5,4752737,1,376192,2,212292,5,18368,10,3179,-4,70,11,60,,,0,
2022-02-08 16:48:07,0.3,59305896,0.5,5746026,1,478629,2,297068,5,16955,10,5651,-3,68,11,60,,,0,
2022-02-08 16:49:07,0.3,61966440,0.5,6199576,1,616743,2,470858,5,31790,10,4945,-4,72,11,60,,,0,
2022-02-08 16:50:07,0.3,56080536,0.5,5289297,1,460614,2,329212,5,23313,10,4592,-4,71,11,60,,,0,
2022-02-08 16:51:07,0.3,59487460,0.5,5761215,1,447545,2,264570,5,20487,10,3885,-4,71,11,60,,,0,
2022-02-08 16:52:07,0.3,60937828,0.5,5688096,1,424584,2,238784,5,24726,10,8124,-3,70,11,60,,,0,
2022-02-08 16:53:07,0.3,63004944,0.5,6175909,1,541151,2,503355,5,61462,10,22606,-4,70,11,60,,,0,
2022-02-08 16:54:07,0.3,58507592,0.5,5636877,1,490286,2,431296,5,62875,10,28965,-3,69,11,60,,,0,
2022-02-08 16:55:07,0.3,55296008,0.5,5082303,1,433062,2,358530,5,44860,10,15188,-3,67,11,60,,,0,
2022-02-08 16:56:07,0.3,57215116,0.5,5443306,1,511126,2,551395,5,74885,10,31790,-3,69,11,60,,,0,
2022-02-08 16:57:07,0.3,53563756,0.5,5002825,1,434122,2,378664,5,48392,10,14129,-4,69,11,60,,,0,
2022-02-08 16:58:07,0.3,49512184,0.5,4565171,1,360296,2,271988,5,25785,10,6358,-5,75,11,60,,,0,
2022-02-08 16:59:07,0.3,45305896,0.5,4032497,1,291416,2,126810,5,5298,10,706,-6,79,11,60,,,0,
2022-02-08 17:00:07,0.3,48213704,0.5,4332038,1,308724,2,118685,5,4945,10,1412,-6,80,11,60,,,0,
2022-02-08 17:01:07,0.3,56020484,0.5,5253973,1,377605,2,126810,5,9184,10,1412,-6,80,11,60,,,0,
2022-02-08 17:02:07,0.3,67972096,0.5,6658424,1,490992,2,241610,5,19427,10,3885,-6,79,11,60,,,0,
2022-02-08 17:03:07,0.3,61543976,0.5,5818085,1,432002,2,167078,5,6004,10,2472,-6,78,11,60,,,0,
2022-02-08 17:04:07,0.3,61997524,0.5,6084069,1,432002,2,213352,5,14129,10,3179,-5,76,11,60,,,0,
2022-02-08 17:05:07,0.3,65943836,0.5,6488873,1,533027,2,401624,5,30377,10,9537,-5,77,11,60,,,0,
2022-02-08 17:06:07,0.3,67398088,0.5,6788767,1,644648,2,545390,5,32144,10,9184,-6,77,11,60,,,0,
2022-02-08 17:07:07,0.3,66943128,0.5,6787001,1,652772,2,560932,5,38502,10,10243,-6,80,11,60,,,0,
2022-02-08 17:08:07,0.3,69398800,0.5,6833980,1,611444,2,489579,5,29318,10,11656,-6,80,11,60,,,0,
2022-02-08 17:09:07,0.3,66851992,0.5,6555280,1,545390,2,378311,5,22960,10,4238,-6,78,11,60,,,0,
2022-02-08 17:10:07,0.3,67470856,0.5,6480395,1,509007,2,319321,5,19074,10,6358,-6,77,11,60,,,0,
2022-02-08 17:11:07,0.3,62600492,0.5,5976686,1,464146,2,305898,5,17661,10,1766,-6,79,11,60,,,0,
2022-02-08 17:12:07,0.3,67875664,0.5,6683857,1,534440,2,406216,5,41328,10,12009,-6,79,11,60,,,0,
2022-02-08 17:13:07,0.3,61640056,0.5,5850936,1,463440,2,315789,5,21900,10,3532,-5,76,11,60,,,0,
2022-02-08 17:14:07,0.3,63141996,0.5,6061109,1,462734,2,280819,5,15542,10,2825,-5,77,11,60,,,0,
2022-02-08 17:15:07,0.3,64607204,0.5,6220063,1,475803,2,306252,5,20134,10,5298,-5,77,11,60,,,0,
2022-02-08 17:16:07,0.3,64346520,0.5,6278346,1,575415,2,511126,5,45566,10,16955,-5,77,11,60,,,0,
2022-02-08 17:17:07,0.3,62665488,0.5,6054397,1,456729,2,260332,5,15188,10,4592,-5,77,11,60,,,0,
2022-02-08 17:18:07,0.3,69289296,0.5,6910632,1,505828,2,309784,5,20487,10,5298,-5,76,11,60,,,0,
2022-02-08 17:19:07,0.3,67693040,0.5,6707523,1,488873,2,247262,5,12716,10,4238,-5,77,11,60,,,0,
2022-02-08 17:20:07,0.3,63357468,0.5,6054044,1,431296,2,258212,5,18721,10,3885,-5,76,11,60,,,0,
2022-02-08 17:21:07,0.3,66552100,0.5,6571882,1,488166,2,300600,5,23313,10,2119,-5,77,11,60,,,0,
2022-02-08 17:22:07,0.3,67549624,0.5,6789473,1,490639,2,305192,5,16601,10,3885,-5,76,11,60,,,0,
2022-02-08 17:23:07,0.3,59435180,0.5,5566937,1,413987,2,277287,5,16601,10,5651,-5,75,11,60,,,0,
2022-02-08 17:24:07,0.3,61366300,0.5,5949134,1,441893,2,288943,5,23666,10,5298,-5,75,11,60,,,0,
2022-02-08 17:25:07,0.3,61995760,0.5,5965736,1,451430,2,279759,5,20840,10,7417,-5,75,11,60,,,0,
2022-02-08 17:26:07,0.3,67464144,0.5,6379724,1,496997,2,389614,5,34616,10,12716,-5,74,11,60,,,0,
2022-02-08 17:27:07,0.3,66888376,0.5,6618156,1,649593,2,963263,5,116566,10,40268,-6,73,11,60,,,0,
2022-02-08 17:28:07,0.3,65241608,0.5,6306958,1,594842,2,732250,5,99258,10,22253,-6,75,11,60,,,0,
2022-02-08 17:29:07,0.3,62840692,0.5,6056517,1,521017,2,417873,5,33910,10,10950,-6,74,11,60,,,0,
2022-02-08 17:30:07,0.3,68773576,0.5,6808548,1,555634,2,503002,5,35676,10,9890,-6,75,11,60,,,0,
2022-02-08 17:31:07,0.3,68990104,0.5,6705757,1,464853,2,291416,5,17308,10,3885,-6,78,11,60,,,0,
2022-02-08 17:32:07,0.3,67917696,0.5,6729424,1,529494,2,359943,5,29318,10,8124,-6,78,11,60,,,0,
2022-02-08 17:33:07,0.3,67584952,0.5,6693041,1,516072,2,393853,5,24373,10,5651,-6,77,11,60,,,0,
2022-02-08 17:34:07,0.3,67189328,0.5,6985517,1,719180,2,1016248,5,125397,10,39915,-6,80,11,60,,,0,
2022-02-08 17:35:07,0.3,67095724,0.5,6716707,1,573648,2,534086,5,38502,10,10950,-6,81,11,60,,,0,
2022-02-08 17:36:07,0.3,67734368,0.5,6693394,1,483221,2,333451,5,19780,10,7417,-6,83,11,60,,,0,
2022-02-08 17:37:07,0.3,68588128,0.5,6731896,1,518544,2,404097,5,30377,10,8830,-6,81,11,60,,,0,
2022-02-08 17:38:07,0.3,67021544,0.5,6484634,1,515365,2,378664,5,28611,10,6358,-6,81,11,60,,,0,
2022-02-08 17:39:07,0.3,72100672,0.5,7081596,1,562345,2,411868,5,25432,10,7771,-6,81,11,60,,,0,
2022-02-08 17:40:07,0.3,70540088,0.5,6839632,1,513599,2,317202,5,14482,10,1412,-6,81,11,60,,,0,
2022-02-08 17:41:07,0.3,67954432,0.5,6652419,1,492405,2,403744,5,26492,10,5651,-6,79,11,60,,,0,
2022-02-08 17:42:07,0.3,69772160,0.5,6939597,1,546803,2,479689,5,31437,10,5651,-6,81,11,60,,,0,
2022-02-08 17:43:07,0.3,66709996,0.5,6529141,1,539032,2,457788,5,27905,10,3532,-6,80,11,60,,,0,
2022-02-08 17:44:07,0.3,65582476,0.5,6379018,1,516778,2,438714,5,32144,10,9890,-6,80,11,60,,,0,
2022-02-08 17:45:07,0.3,69251144,0.5,6805722,1,562345,2,567643,5,47686,10,11656,-6,78,11,60,,,0,
2022-02-08 17:46:07,0.3,70561992,0.5,6974920,1,576474,2,456375,5,31084,10,5298,-6,77,11,60,,,0,
2022-02-08 17:47:07,0.3,68350760,0.5,6831155,1,552101,2,406216,5,31084,10,5298,-6,77,11,60,,,0,
2022-02-08 17:48:07,0.3,69019072,0.5,6809254,1,533380,2,416813,5,27552,10,4238,-6,79,11,60,,,0,
2022-02-08 17:49:07,0.3,65320028,0.5,6150476,1,516778,2,448957,5,36736,10,3532,-6,79,11,60,,,0,
2022-02-08 17:50:07,0.3,69111264,0.5,6702225,1,523843,2,477569,5,28258,10,6358,-6,77,11,60,,,0,
2022-02-08 17:51:07,0.3,61977036,0.5,6199222,1,480748,2,359237,5,23666,10,6358,-7,81,11,60,,,0,
2022-02-08 17:52:07,0.3,77180496,0.5,8015542,1,602613,2,422112,5,18014,10,2119,-8,84,11,60,,,0,
2022-02-08 17:53:07,0.3,70097488,0.5,6774284,1,525256,2,403037,5,29318,10,4945,-7,82,11,60,,,0,
2022-02-08 17:54:07,0.3,64798304,0.5,6140233,1,485694,2,409749,5,27905,10,8124,-6,79,11,60,,,0,
2022-02-08 17:55:07,0.3,63734368,0.5,6290710,1,503708,2,378311,5,23666,10,3532,-7,81,11,60,,,0,
2022-02-08 17:56:07,0.3,67090072,0.5,6356764,1,474743,2,335217,5,18721,10,3532,-7,81,11,60,,,0,
2022-02-08 17:57:07,0.3,61738252,0.5,5882727,1,443659,2,332391,5,19427,10,4945,-7,79,11,60,,,0,
2022-02-08 17:58:07,0.3,73498408,0.5,7170611,1,566231,2,466972,5,32144,10,4945,-7,83,11,60,,,0,
2022-02-08 17:59:07,0.3,86454608,0.5,9189332,1,700105,2,532320,5,30377,10,4592,-8,85,11,60,,,0,
2022-02-08 18:00:07,0.3,72424584,0.5,7450724,1,526669,2,332038,5,8124,10,2472,-8,87,11,60,,,0,
2022-02-08 18:01:07,0.3,67347224,0.5,6501942,1,571176,2,579300,5,44860,10,11656,-7,81,11,60,,,0,
2022-02-08 18:02:07,0.3,63277284,0.5,6109855,1,523489,2,544683,5,38149,10,8477,-7,76,11,60,,,0,
2022-02-08 18:03:07,0.3,74851288,0.5,7982691,1,546096,2,227128,5,8477,10,353,-8,87,11,60,,,0,
2022-02-08 18:04:07,0.3,63484280,0.5,6517838,1,462734,2,208760,5,6358,10,706,-9,90,11,60,,,0,
2022-02-08 18:05:07,0.3,65636876,0.5,6844931,1,465559,2,233839,5,7771,10,2119,-9,90,11,60,,,0,
2022-02-08 18:06:07,0.3,68104904,0.5,6995408,1,521017,2,375838,5,25785,10,8830,-8,90,11,60,,,0,
2022-02-08 18:07:07,0.3,61356056,0.5,5951607,1,431649,2,374779,5,31437,10,8477,-8,87,11,60,,,0,
2022-02-08 18:08:07,0.3,63597312,0.5,6091487,1,425997,2,311550,5,24726,10,8830,-7,87,11,60,,,0,
2022-02-08 18:09:07,0.3,62832568,0.5,5765807,1,404450,2,291063,5,15542,10,4238,-7,83,11,60,,,0,
2022-02-08 18:10:07,0.3,59324620,0.5,5337689,1,385729,2,260332,5,14482,10,4592,-7,84,11,60,,,0,
2022-02-08 18:11:07,0.3,64682444,0.5,6010243,1,416813,2,304486,5,18014,10,5298,-7,82,11,60,,,0,
2022-02-08 18:12:07,0.3,62944892,0.5,5757682,1,428823,2,304486,5,17308,10,2472,-7,82,11,60,,,0,
2022-02-08 18:13:07,0.3,60971032,0.5,5601907,1,400918,2,287530,5,15188,10,3885,-7,84,11,60,,,0,
2022-02-08 18:14:07,0.3,64042032,0.5,6070646,1,469092,2,428470,5,30024,10,8477,-7,82,11,60,,,0,
2022-02-08 18:15:07,0.3,68658424,0.5,6823383,1,478629,2,456022,5,22960,10,4945,-7,83,11,60,,,0,
2022-02-08 18:16:07,0.3,68314728,0.5,6681384,1,467326,2,297421,5,14482,10,2825,-7,83,11,60,,,0,
2022-02-08 18:17:07,0.3,68644296,0.5,7087248,1,774284,2,1137407,5,113034,10,30731,-7,82,11,60,,,0,
2022-02-08 18:18:07,0.3,80671136,0.5,8732250,1,612504,2,406216,5,19427,10,2825,-8,84,11,60,,,0,
2022-02-08 18:19:07,0.3,74901448,0.5,7786647,1,600141,2,396326,5,17661,10,6711,-8,85,11,60,,,0,
2022-02-08 18:20:07,0.3,72409744,0.5,7699046,1,582479,2,317202,5,16955,10,2119,-8,87,11,60,,,0,
2022-02-08 18:21:07,0.3,72714584,0.5,7542564,1,548922,2,296008,5,14129,10,3885,-8,87,11,60,,,0,
2022-02-08 18:22:07,0.3,77562696,0.5,8295302,1,554221,2,312610,5,12363,10,2472,-8,87,11,60,,,0,
2022-02-09 11:48:30,0.3,85841752,0.5,8539385,1,456375,2,192511,5,13069,10,2825,-2,75,11,60,,,0,
2022-02-09 11:49:30,0.3,75357112,0.5,6957612,1,366301,2,188979,5,14129,10,3179,-2,78,11,60,,,0,
2022-02-09 11:50:30,0.3,77359944,0.5,7208406,1,345107,2,120805,5,5651,10,1059,-2,78,11,60,,,0,
2022-02-09 11:51:30,0.3,84432704,0.5,8649947,1,490992,2,251148,5,24019,10,4592,-3,81,11,60,,,0,
2022-02-09 11:52:30,0.3,84937472,0.5,8542211,1,417520,2,150476,5,7064,10,2825,-3,83,11,60,,,0,
2022-02-09 11:53:30,0.3,82292824,0.5,8209466,1,396326,2,134228,5,4238,10,2119,-3,83,11,60,,,0,
2022-02-09 11:54:30,0.3,95034264,0.5,10465913,1,546450,2,189332,5,10243,10,1059,-3,83,11,60,,,0,
2022-02-09 11:55:30,0.3,99999999,0.5,15572942,1,862945,2,187919,5,8830,10,1059,-2,82,11,60,,,0,
2022-02-09 11:56:30,0.3,99999999,0.5,12940657,1,668668,2,183327,5,8830,10,353,-2,81,11,60,,,0,
2022-02-09 11:57:30,0.3,98043088,0.5,11332038,1,593076,2,163193,5,4945,10,0,-2,82,11,60,,,0,
2022-02-09 11:58:30,0.3,99999999,0.5,12436948,1,695513,2,229600,5,10243,10,2472,-2,83,11,60,,,0,
2022-02-09 11:59:30,0.3,99999999,0.5,14878134,1,786294,2,186859,5,8124,10,353,-2,83,11,60,,,0,
2022-02-09 12:00:30,0.3,99999999,0.5,13618509,1,726951,2,206287,5,6358,10,2119,-2,80,11,60,,,0,
2022-02-09 12:01:30,0.3,91073824,0.5,9920169,1,541858,2,148357,5,6711,10,1412,-3,85,11,60,,,0,
2022-02-09 12:02:30,0.3,91750968,0.5,10231367,1,605793,2,183327,5,12716,10,3885,-3,83,11,60,,,0,
2022-02-09 12:03:30,0.3,91419280,0.5,10022960,1,569410,2,233133,5,14835,10,3885,-3,82,11,60,,,0,
2022-02-09 12:04:30,0.3,94740368,0.5,10700812,1,703285,2,425997,5,36382,10,5298,-3,85,11,60,,,0,
2022-02-09 12:05:30,0.3,99999999,0.5,13718827,1,730483,2,196043,5,7771,10,353,-3,88,11,60,,,0,
2022-02-09 12:06:30,0.3,99999999,0.5,12098551,1,691981,2,178382,5,5298,10,353,-3,89,11,60,,,0,
2022-02-09 12:07:30,0.3,99999999,0.5,13319321,1,729071,2,180854,5,8124,10,0,-4,90,11,60,,,0,
2022-02-09 12:08:30,0.3,99999999,0.5,11368067,1,620275,2,173083,5,5298,10,706,-3,90,11,60,,,0,
2022-02-09 12:09:30,0.3,99999999,0.5,12251501,1,744613,2,271635,5,14835,10,1766,-4,90,11,60,,,0,
2022-02-09 12:10:30,0.3,99999999,0.5,13113740,1,755563,2,180148,5,2825,10,353,-4,90,11,60,,,0,
2022-02-09 12:11:30,0.3,99999999,0.5,13635111,1,759448,2,168844,5,4945,10,353,-4,90,11,60,,,0,
2022-02-09 12:12:30,0.3,99999999,0.5,13477569,1,749911,2,182267,5,4238,10,1059,-4,91,11,60,,,0,
2022-02-09 12:13:30,0.3,98340512,0.5,10829742,1,587071,2,160014,5,4592,10,1412,-4,90,11,60,,,0,
2022-02-09 12:14:30,0.3,99999999,0.5,11063581,1,636170,2,178028,5,3179,10,706,-4,91,11,60,,,0,
2022-02-09 12:15:30,0.3,99999999,0.5,14959025,1,848463,2,197103,5,4592,10,353,-4,90,11,60,,,0,
2022-02-10 16:02:13,0.3,353,0.5,0,1,0,2,0,5,0,10,0,,,10,60,,,0,
2022-02-10 16:14:32,0.3,99999999,0.5,19361002,1,1067820,2,393853,5,35323,10,7417,2,64,11,60,,,0,
2022-02-10 16:15:32,0.3,99999999,0.5,30464146,1,2518544,2,496997,5,40621,10,12009,2,61,11,60,,,0,
2022-02-10 16:16:32,0.3,99999999,0.5,20520310,1,1278346,2,451077,5,31084,10,7417,2,64,11,60,,,0,
2022-02-10 16:17:32,0.3,99999999,0.5,28749204,1,2319321,2,500529,5,38149,10,9537,1,68,11,60,,,0,
2022-02-10 16:18:32,0.3,99999999,0.5,22099258,1,1329918,2,350406,5,23313,10,4238,-1,78,11,60,,,0,
2022-02-10 16:19:32,0.3,99999999,0.5,18839632,1,1058989,2,307311,5,14129,10,2119,-3,87,11,60,,,0,
2022-02-10 16:20:32,0.3,99999999,0.5,22383962,1,1538325,2,433768,5,38502,10,5651,-3,86,11,60,,,0,
2022-02-15 13:47:37,0.3,38999644,0.5,2257506,1,120452,2,65347,5,2472,10,706,0,90,11,60,,,0,
2022-02-15 13:48:37,0.3,38423876,0.5,2344754,1,118685,2,56163,5,2119,10,0,0,91,11,60,,,0,
2022-02-15 13:49:37,0.3,37497704,0.5,2259625,1,116919,2,52984,5,1059,10,0,0,94,11,60,,,0,
2022-02-15 13:50:37,0.3,37259976,0.5,2266337,1,116213,2,49099,5,0,10,0,-1,96,11,60,,,0,
2022-02-15 13:51:37,0.3,42870716,0.5,2552101,1,144118,2,57576,5,2119,10,353,0,96,11,60,,,0,
2022-02-15 13:52:37,0.3,43936064,0.5,2471211,1,132462,2,52278,5,2472,10,0,0,95,11,60,,,0,
2022-02-15 13:53:37,0.3,42120452,0.5,2400918,1,127870,2,68880,5,2472,10,706,0,94,11,60,,,0,
2022-02-15 13:54:37,0.3,40901092,0.5,2293182,1,126810,2,54750,5,353,10,0,0,94,11,60,,,0,
2022-02-15 13:55:37,0.3,39874600,0.5,2275167,1,137760,2,42034,5,706,10,0,0,96,11,60,,,0,
2022-02-15 13:56:37,0.3,39138112,0.5,2267043,1,135994,2,54750,5,1059,10,706,0,94,11,60,,,0,
2022-02-15 13:57:37,0.3,39064640,0.5,2348993,1,117273,2,59342,5,1412,10,353,-1,96,11,60,,,0,
2022-02-15 13:58:37,0.3,38328152,0.5,2188272,1,143765,2,59696,5,1412,10,353,0,96,11,60,,,0,
2022-02-15 13:59:37,0.3,38088660,0.5,2295302,1,135994,2,51571,5,1766,10,0,-1,96,11,60,,,0,
2022-02-15 14:00:37,0.3,39102084,0.5,2322500,1,132108,2,60402,5,2825,10,1766,-1,97,11,60,,,0,
2022-02-15 14:01:37,0.3,38239844,0.5,2275874,1,130695,2,49805,5,2825,10,353,-1,97,11,60,,,0,
2022-02-15 14:02:37,0.3,41525960,0.5,2475450,1,142352,2,61815,5,4238,10,706,-1,96,11,60,,,0,
2022-02-15 14:03:37,0.3,38910632,0.5,2256093,1,131755,2,73472,5,3532,10,353,-1,96,11,60,,,0,
2022-02-15 14:04:37,0.3,40299892,0.5,2323913,1,145884,2,66407,5,2472,10,706,-1,96,11,60,,,0,
2022-02-15 14:05:37,0.3,40915224,0.5,2365595,1,129636,2,62168,5,2119,10,353,-1,96,11,60,,,0,
2022-02-15 14:06:37,0.3,42415400,0.5,2479335,1,144825,2,63228,5,2472,10,0,-1,96,11,60,,,0,
2022-02-15 14:07:37,0.3,41614624,0.5,2335217,1,134934,2,56870,5,1412,10,353,-1,96,11,60,,,0,
2022-02-15 14:08:37,0.3,42625924,0.5,2506888,1,144825,2,70293,5,2472,10,353,0,97,11,60,,,0,
2022-02-15 14:09:37,0.3,41181912,0.5,2378664,1,139879,2,70293,5,2472,10,706,-1,97,11,60,,,0,
2022-02-15 14:10:37,0.3,44014480,0.5,2550688,1,153302,2,82303,5,2472,10,1059,-1,97,11,60,,,0,
2022-02-15 14:11:37,0.3,44149416,0.5,2519251,1,156128,2,66760,5,1412,10,353,-1,97,11,60,,,0,
2022-02-15 14:12:37,0.3,44431296,0.5,2537972,1,143412,2,62875,5,706,10,0,-1,98,11,60,,,0,
2022-02-15 14:13:37,0.3,46832920,0.5,2737901,1,153655,2,54397,5,1059,10,0,-1,98,11,60,,,0,
2022-02-15 14:14:37,0.3,48741432,0.5,2937124,1,220770,2,86188,5,2825,10,0,-1,98,11,60,,,0,
2022-02-15 14:15:37,0.3,46882372,0.5,2677499,1,148357,2,58283,5,1412,10,0,-1,99,11,60,,,0,
2022-02-15 14:16:37,0.3,47270928,0.5,2651359,1,149770,2,57930,5,1412,10,706,-1,99,11,60,,,0,
2022-02-15 14:17:37,0.3,45193216,0.5,2481455,1,140586,2,60049,5,2119,10,706,-1,99,11,60,,,0,
2022-02-15 14:18:37,0.3,43388552,0.5,2395619,1,158247,2,109501,5,4238,10,353,-1,97,11,60,,,0,
2022-02-15 14:19:37,0.3,43182268,0.5,2366654,1,132462,2,65701,5,2119,10,353,-1,97,11,60,,,0,
2022-02-15 14:20:37,0.3,42316496,0.5,2288943,1,142705,2,57930,5,1412,10,353,-1,97,11,60,,,0,
2022-02-15 14:21:37,0.3,44241964,0.5,2332038,1,143765,2,61815,5,2119,10,706,-1,97,11,60,,,0,
2022-02-15 14:22:37,0.3,45044504,0.5,2476510,1,146591,2,58636,5,1412,10,0,-1,99,11,60,,,0,
2022-02-15 14:23:37,0.3,45904624,0.5,2511126,1,128576,2,55457,5,353,10,0,-1,99,11,60,,,0,
2022-02-15 14:24:37,0.3,46586012,0.5,2535146,1,138113,2,60755,5,353,10,0,-1,99,11,60,,,0,
2022-02-15 14:25:37,0.3,44434476,0.5,2303779,1,120098,2,47686,5,353,10,0,-1,100,11,60,,,0,
2022-02-15 14:26:37,0.3,45077708,0.5,2340515,1,137407,2,38502,5,706,10,0,-1,100,11,60,,,0,
2022-02-15 14:27:37,0.3,46749556,0.5,2524549,1,146944,2,57576,5,1059,10,706,-1,100,11,60,,,0,
2022-02-15 14:28:37,0.3,49443304,0.5,2673260,1,142352,2,49452,5,353,10,0,-1,100,11,60,,,0,
2022-02-15 14:29:37,0.3,48992932,0.5,2567643,1,149417,2,53691,5,0,10,0,-1,99,11,60,,,0,
2022-02-15 14:30:37,0.3,47055104,0.5,2457082,1,145884,2,49452,5,1412,10,0,-1,99,11,60,,,0,
2022-02-15 14:31:37,0.3,49114800,0.5,2595549,1,149770,2,39915,5,353,10,0,-1,99,11,60,,,0,
2022-02-15 14:32:37,0.3,46421052,0.5,2344754,1,132815,2,52984,5,1766,10,0,-1,99,11,60,,,0,
2022-02-15 14:33:37,0.3,47536912,0.5,2481455,1,141999,2,59342,5,1412,10,353,-1,100,11,60,,,0,
2022-02-15 14:34:37,0.3,52647120,0.5,2843871,1,160367,2,56870,5,706,10,0,-1,100,11,60,,,0,
2022-02-15 14:35:37,0.3,57642176,0.5,3229247,1,184740,2,53338,5,706,10,706,-1,100,11,60,,,0,
2022-02-15 14:36:37,0.3,54660896,0.5,3028965,1,186506,2,70646,5,1059,10,0,-1,100,11,60,,,0,
2022-02-15 14:37:37,0.3,59426704,0.5,3505475,1,220416,2,74885,5,353,10,353,-1,100,11,60,,,0,
2022-02-15 14:38:37,0.3,61854112,0.5,3754150,1,211232,2,67467,5,706,10,0,-1,100,11,60,,,0,
2022-02-15 14:39:37,0.3,60363472,0.5,3583892,1,218297,2,75944,5,353,10,0,-1,100,11,60,,,0,
2022-02-15 14:40:37,0.3,61439420,0.5,3602260,1,232073,2,64641,5,353,10,0,-1,100,11,60,,,0,
2022-02-15 14:41:37,0.3,65032144,0.5,3904274,1,202401,2,74531,5,1412,10,0,-1,100,11,60,,,0,
2022-02-15 14:42:37,0.3,58604732,0.5,3200989,1,190392,2,64288,5,1059,10,0,-1,100,11,60,,,0,
2022-02-15 14:43:37,0.3,61864004,0.5,3548922,1,212292,2,62522,5,0,10,0,-1,100,11,60,,,0,
2022-02-15 14:44:37,0.3,59781700,0.5,3211232,1,215118,2,122571,5,4238,10,2119,-1,100,11,60,,,0,
2022-02-15 14:45:37,0.3,76115152,0.5,4746026,1,274461,2,85835,5,1059,10,0,-1,100,11,60,,,0,
2022-02-15 14:46:37,0.3,66682444,0.5,3898269,1,212998,2,54750,5,1059,10,0,-2,100,11,60,,,0,
2022-02-15 14:47:37,0.3,70586360,0.5,4172024,1,237018,2,63581,5,0,10,0,-1,100,11,60,,,0,
2022-02-15 14:48:37,0.3,64732600,0.5,3709643,1,207347,2,63581,5,1412,10,706,-2,100,11,60,,,0,
2022-02-15 14:49:37,0.3,69474744,0.5,3985517,1,221829,2,59696,5,353,10,0,-2,100,11,60,,,0,
2022-02-15 14:50:37,0.3,67643232,0.5,3864005,1,220416,2,67467,5,706,10,706,-2,100,11,60,,,0,
2022-02-15 14:51:37,0.3,62613564,0.5,3249381,1,204874,2,69939,5,0,10,0,-2,100,11,60,,,0,
2022-02-15 14:52:37,0.3,61862236,0.5,3352878,1,196750,2,61462,5,1412,10,706,-2,100,11,60,,,0,
2022-02-15 14:53:37,0.3,66787704,0.5,3678558,1,218297,2,69233,5,0,10,0,-2,100,11,60,,,0,
2022-02-15 14:54:37,0.3,64077004,0.5,3429176,1,214411,2,80890,5,706,10,0,-2,100,11,60,,,0,
2022-02-15 14:55:37,0.3,67521720,0.5,3742140,1,196750,2,68173,5,706,10,0,-2,100,11,60,,,0,
2022-02-15 14:56:37,0.3,61937828,0.5,3263157,1,186506,2,66407,5,2119,10,353,-2,100,11,60,,,0,
2022-02-15 14:57:37,0.3,60293532,0.5,3074178,1,183327,2,63581,5,1059,10,0,-2,100,11,60,,,0,
2022-02-15 14:58:37,0.3,65836100,0.5,3591310,1,208053,2,69939,5,1059,10,0,-2,100,11,60,,,0,
2022-02-15 14:59:37,0.3,65393144,0.5,3711409,1,207700,2,65347,5,706,10,0,-2,100,11,60,,,0,
2022-02-15 15:00:37,0.3,60453196,0.5,3133874,1,189332,2,66760,5,706,10,0,-2,100,11,60,,,0,
2022-02-15 15:01:37,0.3,59744260,0.5,3092900,1,184387,2,66407,5,706,10,0,-2,100,11,60,,,0,
2022-02-15 15:02:37,0.3,61379724,0.5,3269162,1,199222,2,89720,5,1412,10,706,-2,100,11,60,,,0,
2022-02-15 15:03:37,0.3,58931116,0.5,3048746,1,188625,2,64994,5,706,10,0,-2,100,11,60,,,0,
2022-02-15 15:04:37,0.3,58424936,0.5,2952666,1,173436,2,70293,5,1412,10,0,-2,100,11,60,,,0,
2022-02-15 15:05:37,0.3,61258212,0.5,3289650,1,198163,2,68173,5,706,10,0,-2,100,11,60,,,0,
2022-02-15 15:06:37,0.3,56640760,0.5,2941010,1,174496,2,64288,5,1059,10,0,-2,100,11,60,,,0,
2022-02-15 15:07:37,0.3,56606144,0.5,3046626,1,196043,2,70646,5,353,10,0,-2,100,11,60,,,0,
2022-02-15 15:08:37,0.3,58162132,0.5,3296008,1,199929,2,64288,5,1059,10,0,-2,100,11,60,,,0,
2022-02-15 15:09:37,0.3,55783820,0.5,3218650,1,199222,2,79477,5,1766,10,0,-2,100,11,60,,,0,
2022-02-15 15:10:37,0.3,58518544,0.5,3403037,1,189685,2,79123,5,706,10,706,-2,100,11,60,,,0,
2022-02-15 15:11:37,0.3,57853760,0.5,3560226,1,206993,2,66760,5,0,10,0,-2,100,11,60,,,0,
2022-02-15 15:12:37,0.3,56223240,0.5,3401624,1,217590,2,75944,5,1766,10,0,-2,100,11,60,,,0,
2022-02-15 15:13:37,0.3,61807840,0.5,3994348,1,257506,2,95019,5,1766,10,0,-2,100,11,60,,,0,
2022-02-15 15:14:37,0.3,56629104,0.5,3328152,1,206640,2,75591,5,1412,10,0,-2,100,11,60,,,0,
2022-02-15 15:15:37,0.3,56246200,0.5,3188272,1,204874,2,80183,5,1059,10,0,-2,100,11,60,,,0,
2022-02-15 15:16:37,0.3,57109148,0.5,3329565,1,214058,2,78064,5,353,10,0,-2,100,11,60,,,0,
2022-02-15 15:17:37,0.3,58751324,0.5,3393853,1,216884,2,80890,5,706,10,353,-2,100,11,60,,,0,
2022-02-15 15:18:37,0.3,57094664,0.5,3322147,1,199576,2,73119,5,1059,10,353,-2,100,11,60,,,0,
2022-02-15 15:19:37,0.3,56891204,0.5,3366301,1,199576,2,69586,5,706,10,0,-2,100,11,60,,,0,
2022-02-15 15:20:37,0.3,58545740,0.5,3608972,1,235959,2,89367,5,2119,10,353,-2,100,11,60,,,0,
2022-02-15 15:21:37,0.3,62607556,0.5,4271988,1,273754,2,86541,5,1059,10,0,-2,100,11,60,,,0,
2022-02-15 15:22:37,0.3,61986220,0.5,4151183,1,254327,2,79830,5,706,10,0,-2,100,11,60,,,0,
2022-02-15 15:23:37,0.3,61141644,0.5,3934298,1,236312,2,77357,5,0,10,353,-2,100,11,60,,,0,
2022-02-15 15:24:37,0.3,60071704,0.5,3707877,1,231367,2,80536,5,1059,10,353,-2,100,11,60,,,0,
2022-02-15 15:25:37,0.3,62055104,0.5,3703285,1,232073,2,83716,5,1766,10,706,-2,100,11,60,,,0,
2022-02-15 15:26:37,0.3,61738608,0.5,3691981,1,220416,2,76298,5,2472,10,353,-2,100,11,60,,,0,
2022-02-16 12:08:40,0.3,15479335,0.5,620628,1,59696,2,61109,5,6004,10,1412,2,59,11,60,,,0,
2022-02-16 12:09:40,0.3,16262098,0.5,685623,1,66760,2,58283,5,2119,10,353,2,60,11,60,,,0,
2022-02-16 12:10:40,0.3,16512539,0.5,720946,1,83362,2,50865,5,3885,10,706,2,63,11,60,,,0,
2022-02-16 12:11:40,0.3,16877428,0.5,720593,1,63935,2,34969,5,2825,10,706,2,60,11,60,,,0,
2022-02-16 12:12:40,0.3,15916637,0.5,656305,1,58989,2,32144,5,1766,10,1412,2,60,11,60,,,0,
2022-02-16 12:13:40,0.3,15405863,0.5,681384,1,66054,2,41328,5,1059,10,353,2,59,11,60,,,0,
2022-02-16 12:14:40,0.3,15780289,0.5,676439,1,68880,2,37089,5,1766,10,353,1,64,11,60,,,0,
2022-02-16 12:15:40,0.3,15736488,0.5,696220,1,67114,2,35323,5,1412,10,1059,1,62,11,60,,,0,
2022-02-16 12:16:40,0.3,16708583,0.5,713882,1,58283,2,44860,5,2119,10,2119,1,62,11,60,,,0,
2022-02-16 12:17:40,0.3,16080183,0.5,698693,1,58636,2,38855,5,3179,10,2119,1,62,11,60,,,0,
2022-02-16 12:18:40,0.3,16589191,0.5,685976,1,67820,2,50158,5,1412,10,1059,1,63,11,60,,,0,
2022-02-16 12:19:40,0.3,16477922,0.5,685270,1,65701,2,41328,5,4238,10,353,1,62,11,60,,,0,
2022-02-16 12:20:40,0.3,16618862,0.5,710349,1,63935,2,40974,5,3885,10,1059,2,62,11,60,,,0,
2022-02-16 12:21:40,0.3,14880607,0.5,628753,1,48392,2,41681,5,3885,10,706,2,58,11,60,,,0,
2022-02-16 12:22:40,0.3,15275874,0.5,643588,1,64288,2,42387,5,4238,10,2472,2,59,11,60,,,0,
2022-02-16 12:23:40,0.3,16663369,0.5,694454,1,68880,2,44507,5,3532,10,1059,3,57,11,60,,,0,
2022-02-16 12:24:40,0.3,15465913,0.5,628753,1,52631,2,43094,5,4238,10,1059,3,56,11,60,,,0,
2022-02-16 12:25:40,0.3,15827975,0.5,655245,1,54750,2,42741,5,4592,10,2119,4,54,11,60,,,0,
2022-02-16 12:26:40,0.3,16460967,0.5,691628,1,63228,2,46626,5,3532,10,1412,3,54,11,60,,,0,
2022-02-16 12:27:40,0.3,15263864,0.5,631932,1,60402,2,39561,5,1412,10,1766,4,53,11,60,,,0,
2022-02-16 12:28:40,0.3,16353585,0.5,692688,1,62522,2,44507,5,3885,10,3179,5,51,11,60,,,0,
2022-02-16 12:29:40,0.3,15860826,0.5,658424,1,60755,2,45566,5,1412,10,1412,4,52,11,60,,,0,
2022-02-16 12:30:40,0.3,16363829,0.5,696926,1,65701,2,51925,5,4592,10,1412,3,53,11,60,,,0,
2022-02-16 12:31:40,0.3,16362062,0.5,659484,1,69233,2,49805,5,3885,10,1412,4,55,11,60,,,0,
2022-02-16 12:32:40,0.3,16765100,0.5,682797,1,75591,2,47333,5,3179,10,706,3,55,11,60,,,0,
2022-02-16 12:33:40,0.3,15985517,0.5,696926,1,67467,2,41328,5,1412,10,353,3,54,11,60,,,0,
2022-02-16 12:34:40,0.3,16481102,0.5,684917,1,60755,2,45566,5,4238,10,1059,2,56,11,60,,,0,
2022-02-16 12:35:40,0.3,15961850,0.5,685270,1,59342,2,39208,5,4592,10,1766,4,54,11,60,,,0,
2022-02-16 12:36:40,0.3,15921582,0.5,695867,1,76651,2,81596,5,7771,10,2472,5,51,11,60,,,0,
2022-02-16 12:37:40,0.3,16777816,0.5,698339,1,80183,2,78770,5,7771,10,1059,4,51,11,60,,,0,
2022-02-16 12:38:40,0.3,15549629,0.5,641469,1,69939,2,66760,5,8830,10,1766,3,54,11,60,,,0,
2022-02-16 12:39:40,0.3,15497704,0.5,686329,1,68880,2,57576,5,6358,10,706,3,55,11,60,,,0,
2022-02-16 12:40:40,0.3,16872130,0.5,678558,1,74178,2,44860,5,3885,10,1059,4,55,11,60,,,0,
2022-02-16 12:41:40,0.3,15893677,0.5,645355,1,58636,2,57930,5,3885,10,1766,3,53,11,60,,,0,
2022-02-16 12:42:40,0.3,16045920,0.5,688802,1,61462,2,55457,5,5651,10,1059,3,54,11,60,,,0,
2022-02-16 12:43:40,0.3,15963617,0.5,683857,1,68880,2,54750,5,2825,10,1412,3,54,11,60,,,0,
2022-02-16 12:44:40,0.3,16636877,0.5,688449,1,61462,2,53691,5,3532,10,353,3,56,11,60,,,0,
2022-02-16 12:45:40,0.3,16126103,0.5,668315,1,66760,2,53338,5,5651,10,1766,2,56,11,60,,,0,
2022-02-16 12:46:40,0.3,17194630,0.5,716001,1,63228,2,51925,5,3885,10,353,2,57,11,60,,,0,
2022-02-16 12:47:40,0.3,15806075,0.5,653479,1,69233,2,56163,5,4945,10,706,3,55,11,60,,,0,
2022-02-16 12:48:40,0.3,15450370,0.5,658777,1,62522,2,47686,5,5651,10,1412,4,54,11,60,,,0,
2022-02-16 12:49:40,0.3,16867890,0.5,708936,1,74885,2,45213,5,3179,10,353,3,54,11,60,,,0,
2022-02-16 12:50:40,0.3,17537618,0.5,747439,1,74531,2,50865,5,5651,10,1059,2,56,11,60,,,0,
2022-02-16 12:51:40,0.3,17587072,0.5,735429,1,81596,2,49805,5,1766,10,1412,2,58,11,60,,,0,
2022-02-16 12:52:40,0.3,17819498,0.5,775697,1,75591,2,58989,5,4945,10,1412,2,58,11,60,,,0,
2022-02-16 12:53:40,0.3,17888024,0.5,734369,1,69233,2,51571,5,4592,10,2472,3,57,11,60,,,0,
2022-02-16 12:54:40,0.3,18564464,0.5,819498,1,83362,2,61815,5,4945,10,1059,2,58,11,60,,,0,
2022-02-16 12:55:40,0.3,18436948,0.5,759095,1,80536,2,56517,5,5651,10,706,2,59,11,60,,,0,
2022-02-16 12:56:40,0.3,18759096,0.5,770399,1,77004,2,50158,5,2472,10,1059,3,59,11,60,,,0,
2022-02-16 12:57:40,0.3,19024372,0.5,744259,1,87954,2,52984,5,4592,10,706,2,59,11,60,,,0,
2022-02-16 12:58:40,0.3,19242670,0.5,780642,1,78770,2,45213,5,5651,10,2472,2,59,11,60,,,0,
2022-02-16 12:59:40,0.3,19138466,0.5,760155,1,68527,2,46979,5,1766,10,706,1,59,11,60,,,0,
2022-02-16 13:00:40,0.3,18783468,0.5,752384,1,71706,2,54397,5,2119,10,706,2,59,11,60,,,0,
2022-02-16 13:01:40,0.3,18763334,0.5,765453,1,80183,2,49805,5,2472,10,353,2,59,11,60,,,0,
2022-02-16 13:02:40,0.3,18456022,0.5,757329,1,75944,2,51218,5,2825,10,2825,2,59,11,60,,,0,
2022-02-16 13:03:40,0.3,19250440,0.5,779936,1,73119,2,49452,5,5298,10,353,2,58,11,60,,,0,
2022-02-16 13:04:40,0.3,18974214,0.5,785234,1,77004,2,43447,5,5298,10,706,2,59,11,60,,,0,
2022-02-16 13:05:40,0.3,18993642,0.5,738608,1,66760,2,51218,5,5298,10,706,2,58,11,60,,,0,
2022-02-16 13:06:40,0.3,18952314,0.5,775697,1,69939,2,50158,5,3179,10,1412,2,58,11,60,,,0,
2022-02-16 13:07:40,0.3,22451784,0.5,973154,1,84422,2,42034,5,3179,10,1059,2,60,11,60,,,0,
2022-02-16 13:08:40,0.3,25301306,0.5,1164959,1,87601,2,42741,5,4945,10,1059,3,58,11,60,,,0,
2022-02-16 13:09:40,0.3,24690568,0.5,1157188,1,91840,2,56517,5,6004,10,1059,2,59,11,60,,,0,
2022-02-16 13:10:40,0.3,22609324,0.5,1018721,1,94666,2,47333,5,3179,10,1059,2,59,11,60,,,0,
2022-02-16 13:11:40,0.3,21465912,0.5,896856,1,80183,2,50512,5,4945,10,1059,2,60,11,60,,,0,
2022-02-16 13:12:40,0.3,21396678,0.5,879194,1,68173,2,48392,5,3885,10,706,1,60,11,60,,,0,
2022-02-16 13:13:40,0.3,21150476,0.5,836453,1,62875,2,55457,5,4238,10,1059,1,61,11,60,,,0,
2022-02-16 13:14:40,0.3,20548922,0.5,817732,1,67467,2,46273,5,2472,10,1059,1,61,11,60,,,0,
2022-02-16 13:15:40,0.3,19851996,0.5,773931,1,64288,2,52631,5,4238,10,706,1,62,11,60,,,0,
2022-02-16 13:16:40,0.3,20279052,0.5,797244,1,68173,2,50865,5,1412,10,353,2,60,11,60,,,0,
2022-02-16 13:17:40,0.3,21299540,0.5,849169,1,79477,2,78064,5,8477,10,1766,2,60,11,60,,,0,
2022-02-16 13:18:40,0.3,20850936,0.5,846344,1,70999,2,54750,5,4238,10,1059,2,60,11,60,,,0,
2022-02-16 13:19:40,0.3,20695160,0.5,808548,1,68173,2,58283,5,3885,10,1059,3,59,11,60,,,0,
2022-02-16 13:20:40,0.3,20832568,0.5,797951,1,61109,2,45920,5,2472,10,353,2,59,11,60,,,0,
2022-02-16 13:21:40,0.3,21461674,0.5,851642,1,73472,2,50865,5,2119,10,1059,1,59,11,60,,,0,
2022-02-16 13:22:40,0.3,21362768,0.5,839985,1,61815,2,44154,5,1412,10,1766,2,61,11,60,,,0,
2022-02-16 13:23:40,0.3,20756976,0.5,843871,1,83009,2,63935,5,7417,10,1766,1,61,11,60,,,0,
2022-02-16 13:24:40,0.3,19854114,0.5,833274,1,83009,2,82303,5,7417,10,1059,2,62,11,60,,,0,
2022-02-16 13:25:40,0.3,19512186,0.5,765453,1,69939,2,60049,5,2825,10,353,1,60,11,60,,,0,
2022-02-16 13:26:40,0.3,18518898,0.5,722712,1,72059,2,46979,5,3532,10,706,2,60,11,60,,,0,
2022-02-16 13:27:40,0.3,18432708,0.5,716354,1,58636,2,50158,5,2119,10,706,2,59,11,60,,,0,
2022-02-16 13:28:40,0.3,17927940,0.5,681737,1,63581,2,42741,5,2472,10,1412,2,57,11,60,,,0,
2022-02-16 13:29:40,0.3,17098904,0.5,651006,1,66054,2,45566,5,3179,10,1412,2,58,11,60,,,0,
2022-02-16 13:30:40,0.3,16290356,0.5,618862,1,57576,2,63228,5,6711,10,1059,3,55,11,60,,,0,
2022-02-16 13:31:40,0.3,16971388,0.5,640409,1,69233,2,63581,5,6358,10,1059,3,56,11,60,,,0,
2022-02-16 13:32:40,0.3,16959732,0.5,667961,1,61815,2,49452,5,4238,10,706,3,57,11,60,,,0,
2022-02-16 13:33:40,0.3,16200282,0.5,639703,1,74531,2,74178,5,4238,10,2472,3,55,11,60,,,0,
2022-02-16 13:34:40,0.3,15664782,0.5,617096,1,62168,2,43800,5,2825,10,353,2,58,11,60,,,0,
2022-02-16 13:35:40,0.3,14978452,0.5,629106,1,60755,2,40268,5,1766,10,353,3,57,11,60,,,0,
2022-02-16 13:36:40,0.3,15065701,0.5,610385,1,63228,2,44154,5,4238,10,1766,2,57,11,60,,,0,
2022-02-16 13:37:40,0.3,14132462,0.5,576827,1,68527,2,48039,5,2825,10,1059,2,57,11,60,,,0,
2022-02-16 13:38:40,0.3,13157188,0.5,524902,1,62168,2,48039,5,4945,10,1412,2,58,11,60,,,0,
2022-02-16 13:39:40,0.3,13124337,0.5,541504,1,60755,2,48746,5,1766,10,353,1,62,11,60,,,0,
2022-02-16 13:40:40,0.3,13804662,0.5,576474,1,64641,2,49099,5,4238,10,2825,2,58,11,60,,,0,
2022-02-16 13:41:40,0.3,13666548,0.5,600847,1,84775,2,77711,5,4238,10,1766,2,57,11,60,,,0,
2022-02-16 13:42:40,0.3,13205227,0.5,634758,1,70293,2,80536,5,5298,10,1766,1,60,11,60,,,0,
2022-02-16 13:43:40,0.3,13194630,0.5,586718,1,93606,2,101377,5,8830,10,2472,2,59,11,60,,,0,
2022-02-16 13:44:40,0.3,13137054,0.5,619569,1,91840,2,89720,5,8477,10,706,4,51,11,60,,,0,
2022-02-16 13:45:40,0.3,12772518,0.5,622394,1,84069,2,74885,5,10596,10,1059,4,52,11,60,,,0,
2022-02-16 13:46:40,0.3,13741787,0.5,602967,1,58989,2,50158,5,2119,10,353,1,62,11,60,,,0,
2022-02-16 13:47:40,0.3,13769339,0.5,617802,1,68527,2,63935,5,4945,10,353,2,59,11,60,,,0,
2022-02-16 20:28:46,0.3,37782408,0.5,2349346,1,118332,2,47686,5,1412,10,353,-6,100,11,60,,,0,
2022-02-16 20:29:46,0.3,42489224,0.5,2858000,1,133168,2,46979,5,1766,10,0,-6,100,11,60,,,0,
2022-02-16 20:30:46,0.3,42520664,0.5,2888378,1,153655,2,61109,5,2825,10,1059,-6,100,11,60,,,0,
2022-02-16 20:31:46,0.3,44197104,0.5,3042387,1,160014,2,62168,5,4238,10,706,-6,100,11,60,,,0,
2022-02-16 20:32:46,0.3,45209112,0.5,3210879,1,156835,2,63581,5,2119,10,353,-6,100,11,60,,,0,
2022-02-16 20:33:46,0.3,45813140,0.5,3073825,1,171670,2,66760,5,2825,10,1059,-6,100,11,60,,,0,
2022-02-16 20:34:46,0.3,49691272,0.5,3642882,1,204521,2,56517,5,1766,10,0,-6,100,11,60,,,0,
2022-02-16 20:35:46,0.3,51507592,0.5,3861533,1,191805,2,63935,5,2825,10,706,-6,100,11,60,,,0,
2022-02-16 20:36:46,0.3,54475448,0.5,4277993,1,227481,2,55457,5,706,10,0,-7,100,11,60,,,0,
2022-02-16 20:37:46,0.3,55590956,0.5,4477923,1,219003,2,74885,5,5298,10,353,-7,100,11,60,,,0,
2022-02-16 20:38:46,0.3,55820204,0.5,4394560,1,226068,2,64288,5,1412,10,353,-7,100,11,60,,,0,
2022-02-16 20:39:46,0.3,57836804,0.5,4656305,1,234546,2,78417,5,4238,10,0,-7,100,11,60,,,0,
2022-02-16 20:40:46,0.3,61044860,0.5,5142705,1,250794,2,62522,5,706,10,706,-6,100,11,60,,,0,
2022-02-16 20:41:46,0.3,65923700,0.5,5807135,1,288943,2,83716,5,1059,10,353,-7,100,11,60,,,0,
2022-02-16 20:42:46,0.3,66864708,0.5,5888731,1,278700,2,85128,5,1412,10,0,-7,100,11,60,,,0,
2022-02-16 20:43:46,0.3,69579648,0.5,6399858,1,315436,2,77004,5,1766,10,353,-7,100,11,60,,,0,
2022-02-16 20:44:46,0.3,67291416,0.5,6087248,1,293535,2,74178,5,4592,10,0,-7,100,11,60,,,0,
2022-02-16 20:45:46,0.3,70097136,0.5,6475450,1,347580,2,134934,5,9537,10,2119,-7,100,11,60,,,0,
2022-02-16 20:46:46,0.3,69138816,0.5,6434475,1,316142,2,90427,5,1059,10,0,-7,100,11,60,,,0,
2022-02-16 20:47:46,0.3,73619568,0.5,7338043,1,364182,2,98904,5,2472,10,353,-7,100,11,60,,,0,
2022-02-16 20:48:46,0.3,64277992,0.5,5690568,1,293889,2,75238,5,353,10,0,-7,100,11,60,,,0,
2022-02-16 20:49:46,0.3,72455312,0.5,7066760,1,352878,2,87248,5,1412,10,353,-7,100,11,60,,,0,
2022-02-16 20:50:46,0.3,69489576,0.5,6401624,1,326739,2,75591,5,3179,10,2119,-7,100,11,60,,,0,
2022-02-16 20:51:46,0.3,72412928,0.5,6976333,1,336276,2,88661,5,353,10,0,-7,100,11,60,,,0,
2022-02-16 20:52:46,0.3,74587424,0.5,7316142,1,354291,2,101377,5,706,10,0,-7,100,11,60,,,0,
2022-02-16 20:53:46,0.3,80989048,0.5,8741787,1,464500,2,111621,5,1412,10,706,-8,100,11,60,,,0,
2022-02-16 20:54:46,0.3,78027200,0.5,8063934,1,424584,2,99258,5,1059,10,0,-8,100,11,60,,,0,
2022-02-16 20:55:46,0.3,78728712,0.5,8355351,1,422112,2,105969,5,2472,10,0,-8,100,11,60,,,0,
2022-02-16 20:56:46,0.3,89496640,0.5,10425998,1,505828,2,117273,5,1412,10,0,-8,100,11,60,,,0,
2022-02-16 20:57:46,0.3,92168488,0.5,10906746,1,560579,2,136347,5,353,10,0,-7,100,11,60,,,0,
2022-02-16 20:58:46,0.3,93600488,0.5,11229954,1,577181,2,139879,5,1766,10,0,-7,100,11,60,,,0,
2022-02-16 20:59:46,0.3,99214760,0.5,12510420,1,656305,2,148357,5,2825,10,353,-7,100,11,60,,,0,
2022-02-16 21:00:46,0.3,99999999,0.5,12302366,1,661603,2,165665,5,2472,10,353,-7,100,11,60,,,0,
2022-02-16 21:01:46,0.3,99999999,0.5,14244789,1,761921,2,173083,5,1059,10,0,-7,100,11,60,,,0,
2022-02-16 21:02:46,0.3,96650296,0.5,11249028,1,592723,2,158247,5,4592,10,706,-7,100,11,60,,,0,
2022-02-16 21:03:46,0.3,99999999,0.5,13036382,1,731543,2,162839,5,1766,10,353,-7,100,11,60,,,0,
2022-02-16 21:04:46,0.3,95599432,0.5,10874956,1,564111,2,147651,5,706,10,706,-7,100,11,60,,,0,
2022-02-16 21:05:46,0.3,99999999,0.5,14288943,1,739314,2,202401,5,3885,10,706,-7,100,11,60,,,0,
2022-02-16 21:06:46,0.3,99999999,0.5,14772165,1,789826,2,178735,5,1766,10,0,-7,100,11,60,,,0,
2022-02-16 21:07:46,0.3,99999999,0.5,12921229,1,639703,2,167432,5,1766,10,0,-8,100,11,60,,,0,
2022-02-16 21:08:46,0.3,99999999,0.5,13553514,1,710702,2,174143,5,1059,10,0,-8,100,11,60,,,0,
2022-02-16 21:09:46,0.3,99999999,0.5,13293182,1,674320,2,161780,5,706,10,0,-8,100,11,60,,,0,
2022-02-16 21:10:46,0.3,99999999,0.5,11140939,1,549275,2,146944,5,1412,10,353,-7,100,11,60,,,0,
2022-02-16 21:11:46,0.3,99999999,0.5,11790180,1,599788,2,169198,5,3885,10,0,-8,100,11,60,,,0,
2022-02-16 21:12:46,0.3,98748144,0.5,10267750,1,486400,2,143412,5,1412,10,0,-8,100,11,60,,,0,
2022-02-16 21:13:46,0.3,99999999,0.5,11228894,1,564111,2,146238,5,1766,10,0,-7,100,11,60,,,0,
2022-02-16 21:14:46,0.3,85821264,0.5,7832214,1,370187,2,105263,5,1059,10,0,-8,100,11,60,,,0,
2022-02-16 21:15:46,0.3,86236312,0.5,7547862,1,360649,2,110561,5,2119,10,353,-8,100,11,60,,,0,
2022-02-16 21:16:46,0.3,92442600,0.5,8590604,1,419286,2,124690,5,1766,10,0,-7,100,11,60,,,0,
2022-02-16 21:17:46,0.3,88171312,0.5,7973154,1,403744,2,105969,5,2472,10,0,-8,100,11,60,,,0,
2022-02-16 21:18:46,0.3,68392088,0.5,4987283,1,237725,2,84069,5,1412,10,1059,-8,100,11,60,,,0,
2022-02-16 21:19:46,0.3,67708936,0.5,4773225,1,233486,2,117626,5,6004,10,1059,-8,100,11,60,,,0,
2022-02-16 21:20:46,0.3,87627688,0.5,8161780,1,408689,2,111268,5,706,10,1412,-8,100,11,60,,,0,
2022-02-16 21:21:46,0.3,77356408,0.5,6274108,1,318968,2,123277,5,4945,10,1412,-8,100,11,60,,,0,
2022-02-16 21:22:46,0.3,72342984,0.5,5257153,1,251501,2,119039,5,4945,10,1059,-8,100,11,60,,,0,
2022-02-16 21:23:46,0.3,85580360,0.5,7718827,1,378664,2,116213,5,353,10,0,-8,100,11,60,,,0,
2022-02-16 21:24:46,0.3,59564464,0.5,3696220,1,185446,2,90427,5,2825,10,706,-8,100,11,60,,,0,
2022-02-16 21:25:46,0.3,57217236,0.5,3427410,1,190038,2,104203,5,6358,10,2119,-8,100,11,60,,,0,
2022-02-16 21:26:46,0.3,57758740,0.5,3632638,1,196043,2,85482,5,1412,10,353,-8,100,11,60,,,0,
2022-02-16 21:27:46,0.3,57447188,0.5,3552454,1,180854,2,78064,5,1766,10,706,-8,100,11,60,,,0,
2022-02-16 21:28:46,0.3,56425644,0.5,3443659,1,175556,2,78417,5,2472,10,353,-8,100,11,60,,,0,
2022-02-16 21:29:46,0.3,54451076,0.5,3216178,1,171317,2,72412,5,353,10,0,-8,100,11,60,,,0,
2022-02-16 21:30:46,0.3,46984808,0.5,2374072,1,127163,2,59342,5,1059,10,0,-8,100,11,60,,,0,
2022-02-16 21:31:46,0.3,54050512,0.5,3089367,1,161427,2,65701,5,353,10,706,-8,100,11,60,,,0,
2022-02-16 21:32:46,0.3,57555984,0.5,3402684,1,177675,2,78417,5,1412,10,1059,-8,100,11,60,,,0,
2022-02-16 21:33:46,0.3,60519956,0.5,3548922,1,192864,2,70293,5,1059,10,0,-7,100,11,60,,,0,
2022-02-16 21:34:46,0.3,54164956,0.5,3159660,1,160014,2,85835,5,6358,10,0,-7,100,11,60,,,0,
2022-02-16 21:35:46,0.3,52941360,0.5,3451430,1,229600,2,180148,5,13422,10,2119,-7,100,11,60,,,0,
2022-02-16 21:36:46,0.3,51170964,0.5,2997880,1,170611,2,81949,5,2472,10,0,-7,100,11,60,,,0,
2022-02-16 21:37:46,0.3,59056868,0.5,3718474,1,198163,2,73119,5,1059,10,353,-7,100,11,60,,,0,
2022-02-16 21:38:46,0.3,56539384,0.5,3174143,1,168844,2,62168,5,1766,10,353,-7,100,11,60,,,0,
2022-02-16 21:39:46,0.3,63107028,0.5,3885552,1,204168,2,82303,5,2472,10,706,-7,100,11,60,,,0,
2022-02-16 21:40:46,0.3,53329564,0.5,2939597,1,158954,2,68527,5,4238,10,0,-7,100,11,60,,,0,
2022-02-16 21:41:46,0.3,54359588,0.5,3005651,1,174496,2,92193,5,4238,10,706,-7,100,11,60,,,0,
2022-02-16 21:42:46,0.3,62012716,0.5,4065347,1,212645,2,83362,5,706,10,353,-6,100,11,60,,,0,
2022-02-16 21:43:46,0.3,63005296,0.5,4252914,1,222536,2,98198,5,1412,10,353,-6,100,11,60,,,0,
2022-02-16 21:44:46,0.3,59820556,0.5,3447191,1,186506,2,79830,5,0,10,0,-6,100,11,60,,,0,
2022-02-16 21:45:46,0.3,53473328,0.5,3081596,1,169904,2,79830,5,1766,10,353,-6,100,11,60,,,0,
2022-02-16 21:46:46,0.3,49753796,0.5,2522430,1,138820,2,71352,5,1412,10,706,-6,100,11,60,,,0,
2022-02-16 21:47:46,0.3,52410808,0.5,3041328,1,176262,2,70999,5,706,10,0,-6,100,11,60,,,0,
2022-02-16 21:48:46,0.3,53527728,0.5,3227128,1,183680,2,73825,5,1766,10,0,-6,100,11,60,,,0,
2022-02-16 21:49:46,0.3,52184740,0.5,2975627,1,171670,2,70293,5,1059,10,0,-6,100,11,60,,,0,
2022-02-16 21:50:46,0.3,47646768,0.5,2539385,1,152596,2,74885,5,4592,10,1059,-6,100,11,60,,,0,
2022-02-16 21:51:46,0.3,43638288,0.5,2054750,1,126457,2,62875,5,2825,10,353,-6,100,11,60,,,0,
2022-02-16 21:52:46,0.3,42219004,0.5,2055457,1,135287,2,68173,5,3179,10,2119,-6,100,11,60,,,0,
2022-02-16 21:53:46,0.3,47663368,0.5,2442246,1,143765,2,73119,5,4238,10,1059,-6,100,11,60,,,0,
2022-02-16 21:54:46,0.3,44244436,0.5,1931472,1,123631,2,74531,5,4238,10,1059,-6,100,11,60,,,0,
2022-02-16 21:55:46,0.3,43661956,0.5,1879901,1,122218,2,68173,5,3179,10,706,-6,100,11,60,,,0,
2022-02-16 21:56:46,0.3,47961848,0.5,2669021,1,152949,2,69233,5,2472,10,1766,-6,100,11,60,,,0,
2022-02-16 21:57:46,0.3,50810664,0.5,3007771,1,175909,2,85482,5,3885,10,1059,-5,100,11,60,,,0,
2022-02-16 21:58:46,0.3,50704344,0.5,2673260,1,155775,2,78770,5,2825,10,2119,-5,100,11,60,,,0,
2022-02-16 21:59:46,0.3,48357824,0.5,2471564,1,161427,2,69233,5,4592,10,353,-5,100,11,60,,,0,
2022-02-16 22:00:46,0.3,44009536,0.5,1974567,1,134934,2,62168,5,1766,10,1059,-5,100,11,60,,,0,
2022-02-16 22:01:46,0.3,61717412,0.5,5039562,1,297068,2,99258,5,9890,10,2825,-5,100,11,60,,,0,
2022-02-16 22:02:46,0.3,62607204,0.5,6718474,1,494171,2,201695,5,35323,10,16601,-5,100,11,60,,,0,
2022-02-16 22:03:46,0.3,58468736,0.5,5059343,1,362416,2,148710,5,25785,10,7771,-5,100,11,60,,,0,
2022-02-16 22:04:46,0.3,55861532,0.5,4060049,1,244436,2,84422,5,3179,10,706,-5,100,11,60,,,0,
2022-02-16 22:05:46,0.3,63632284,0.5,5503355,1,318968,2,110208,5,4592,10,353,-5,100,11,60,,,0,
2022-02-16 22:06:46,0.3,60022252,0.5,4495584,1,244436,2,94312,5,5298,10,2119,-5,100,11,60,,,0,
2022-02-16 22:07:46,0.3,62037440,0.5,4907453,1,292476,2,108089,5,10243,10,2825,-5,100,11,60,,,0,
2022-02-17 14:45:03,0.3,0,0.5,0,1,0,2,0,5,0,10,0,,,10,60,,,0,
2022-02-17 14:53:06,0.3,10397033,0.5,451783,1,66760,2,49805,5,4592,10,706,-3,85,11,60,,,0,
2022-02-17 14:54:06,0.3,10327446,0.5,434122,1,71706,2,45920,5,4945,10,706,-4,85,11,60,,,0,
2022-02-17 14:55:06,0.3,11030378,0.5,619215,1,169198,2,208760,5,14482,10,2825,-3,86,11,60,,,0,
2022-02-17 14:56:06,0.3,11812433,0.5,1052984,1,470505,2,647827,5,51218,10,5298,-4,87,11,60,,,0,
2022-02-17 14:57:06,0.3,11426351,0.5,1029671,1,503002,2,710349,5,47333,10,8477,-4,87,11,60,,,0,
2022-02-17 14:58:06,0.3,10318968,0.5,671494,1,251854,2,323560,5,28965,10,5651,-3,85,11,60,,,0,
2022-02-17 14:59:06,0.3,10144472,0.5,541858,1,187566,2,286117,5,22960,10,3885,-3,86,11,60,,,0,
2022-02-17 15:00:06,0.3,10662663,0.5,496997,1,110208,2,117979,5,13422,10,4238,-3,86,11,60,,,0,
2022-02-17 15:01:06,0.3,10672200,0.5,426704,1,80183,2,54044,5,4592,10,3532,-3,86,11,60,,,0,
2022-02-17 15:02:06,0.3,11598375,0.5,464146,1,84775,2,72765,5,6004,10,353,-4,88,11,60,,,0,
2022-02-17 15:03:06,0.3,11300247,0.5,454256,1,73472,2,45920,5,1412,10,0,-3,87,11,60,,,0,
2022-02-17 15:04:06,0.3,11884140,0.5,488166,1,89014,2,93606,5,3532,10,1059,-4,87,11,60,,,0,
2022-02-17 15:05:06,0.3,11363122,0.5,468032,1,118685,2,136700,5,8477,10,1059,-4,87,11,60,,,0,
2022-02-17 15:06:06,0.3,11007418,0.5,496644,1,130695,2,154715,5,14835,10,1412,-4,87,11,60,,,0,
2022-02-17 15:07:06,0.3,11698339,0.5,505121,1,95019,2,90074,5,3885,10,353,-4,87,11,60,,,0,
2022-02-17 15:08:06,0.3,11995054,0.5,662663,1,253267,2,473684,5,50865,10,9184,-4,87,11,60,,,0,
2022-02-17 15:09:06,0.3,11306252,0.5,530201,1,147297,2,233839,5,20134,10,1412,-4,87,11,60,,,0,
2022-02-17 15:10:06,0.3,11893324,0.5,446838,1,73825,2,67467,5,2119,10,0,-4,88,11,60,,,0,
2022-02-17 15:11:06,0.3,12676439,0.5,454609,1,95019,2,95372,5,6004,10,706,-4,87,11,60,,,0,
2022-02-17 15:12:06,0.3,12847757,0.5,521017,1,108795,2,105263,5,5651,10,353,-4,87,11,60,,,0,
2022-02-17 15:13:06,0.3,12179442,0.5,490286,1,104909,2,113034,5,6711,10,353,-4,87,11,60,,,0,
2022-02-17 15:14:06,0.3,11867891,0.5,447545,1,70646,2,55457,5,2472,10,1059,-4,86,11,60,,,0,
2022-02-17 15:15:06,0.3,11983044,0.5,463793,1,80890,2,66054,5,3532,10,353,-4,86,11,60,,,0,
2022-02-17 15:16:06,0.3,12069233,0.5,538325,1,110561,2,112681,5,5651,10,1412,-3,87,11,60,,,0,
2022-02-17 15:17:06,0.3,11783115,0.5,571176,1,130342,2,128929,5,4238,10,1412,-3,86,11,60,,,0,
2022-02-17 15:18:06,0.3,10426351,0.5,443659,1,87601,2,72059,5,4592,10,706,-4,86,11,60,,,0,
2022-02-17 15:19:06,0.3,10815613,0.5,444012,1,67114,2,38855,5,353,10,353,-3,87,11,60,,,0,
2022-02-17 15:20:06,0.3,10364888,0.5,478276,1,83362,2,73119,5,4945,10,1412,-3,85,11,60,,,0,
2022-02-17 15:21:06,0.3,9626280,0.5,480748,1,131402,2,158601,5,11303,10,2119,-3,85,11,60,,,0,
2022-02-17 15:22:06,0.3,9392441,0.5,409395,1,70999,2,57223,5,1059,10,353,-3,82,11,60,,,0,
2022-02-17 15:23:06,0.3,10572589,0.5,470858,1,71706,2,45566,5,1766,10,353,-3,83,11,60,,,0,
2022-02-17 15:24:06,0.3,9588131,0.5,419639,1,72059,2,73825,5,6004,10,1059,-3,82,11,60,,,0,
2022-02-17 15:25:06,0.3,9861179,0.5,467679,1,80536,2,70646,5,6004,10,2472,-3,83,11,60,,,0,
2022-02-17 15:26:06,0.3,9658071,0.5,451430,1,74178,2,61815,5,3179,10,353,-3,83,11,60,,,0,
2022-02-17 15:27:06,0.3,9202402,0.5,518544,1,163193,2,316142,5,40974,10,9184,-3,84,11,60,,,0,
2022-02-17 15:28:06,0.3,9334510,0.5,426704,1,72765,2,46979,5,4238,10,353,-3,84,11,60,,,0,
2022-02-17 15:29:06,0.3,8948075,0.5,409395,1,84069,2,96785,5,12716,10,3532,-3,84,11,60,,,0,
2022-02-17 15:30:06,0.3,9168845,0.5,441893,1,84069,2,101377,5,7064,10,1059,-3,83,11,60,,,0,
2022-02-17 15:31:06,0.3,9160014,0.5,424584,1,90427,2,99611,5,12716,10,706,-3,84,11,60,,,0,
2022-02-17 15:32:06,0.3,9298481,0.5,413281,1,63581,2,57223,5,2472,10,706,-3,83,11,60,,,0,
2022-02-17 15:33:06,0.3,8827622,0.5,418933,1,66407,2,62875,5,4945,10,353,-3,83,11,60,,,0,
2022-02-17 15:34:06,0.3,9142352,0.5,423878,1,81596,2,74178,5,7064,10,0,-3,81,11,60,,,0,
2022-02-17 15:35:06,0.3,9062169,0.5,387142,1,68527,2,59696,5,5651,10,706,-3,82,11,60,,,0,
2022-02-17 15:36:06,0.3,8862239,0.5,427764,1,91133,2,103496,5,11303,10,2119,-3,82,11,60,,,0,
2022-02-17 15:37:06,0.3,9451784,0.5,439420,1,105969,2,143765,5,13422,10,2825,-3,84,11,60,,,0,
2022-02-17 15:38:06,0.3,9415047,0.5,473330,1,129636,2,197456,5,29671,10,7064,-3,81,11,60,,,0,
2022-02-17 15:39:06,0.3,9012010,0.5,425291,1,70999,2,65701,5,3885,10,1412,-3,81,11,60,,,0,
2022-02-17 15:40:06,0.3,9322147,0.5,442599,1,70293,2,54750,5,706,10,1059,-3,84,11,60,,,0,
2022-02-17 15:41:06,0.3,9771812,0.5,447898,1,83362,2,74885,5,4945,10,3532,-3,84,11,60,,,0,
2022-02-17 15:42:06,0.3,9867184,0.5,516072,1,134934,2,214765,5,23666,10,4238,-3,84,11,60,,,0,
2022-02-17 15:43:06,0.3,9329565,0.5,420346,1,75238,2,48392,5,1412,10,1059,-3,85,11,60,,,0,
2022-02-17 15:44:06,0.3,10368067,0.5,502649,1,128223,2,173083,5,16601,10,4238,-3,86,11,60,,,0,
2022-02-17 15:45:06,0.3,9707524,0.5,525256,1,124690,2,153302,5,8830,10,706,-3,85,11,60,,,0,
2022-02-17 15:46:06,0.3,10052631,0.5,459201,1,79830,2,73825,5,2119,10,353,-3,85,11,60,,,0,
2022-02-17 15:47:06,0.3,9790886,0.5,459201,1,69939,2,51571,5,1059,10,0,-3,85,11,60,,,0,
2022-02-17 15:48:06,0.3,9672907,0.5,507594,1,129282,2,175203,5,13069,10,2825,-3,86,11,60,,,0,
2022-02-17 15:49:06,0.3,10139880,0.5,679618,1,188625,2,289650,5,27198,10,4945,-3,86,11,60,,,0,
2022-02-17 15:50:06,0.3,9329565,0.5,476863,1,91133,2,109855,5,7771,10,1059,-3,85,11,60,,,0,
2022-02-17 15:51:06,0.3,8426704,0.5,412221,1,87248,2,83362,5,4238,10,0,-3,85,11,60,,,0,
2022-02-17 15:52:06,0.3,9218297,0.5,495231,1,109501,2,136347,5,15188,10,1766,-3,82,11,60,,,0,
2022-02-17 15:53:06,0.3,8262451,0.5,420699,1,86541,2,79477,5,7417,10,1412,-3,82,11,60,,,0,
2022-02-17 15:54:06,0.3,8818792,0.5,500176,1,127163,2,251148,5,31437,10,13422,-3,81,11,60,,,0,
2022-02-17 15:55:06,0.3,8685623,0.5,472624,1,161427,2,318615,5,43094,10,10596,-2,81,11,60,,,0,
2022-02-17 15:56:06,0.3,8399858,0.5,413987,1,73825,2,90427,5,6711,10,2825,-3,80,11,60,,,0,
2022-02-17 15:57:06,0.3,7800423,0.5,436241,1,128929,2,224302,5,32850,10,12363,-2,80,11,60,,,0,
2022-02-17 15:58:06,0.3,8342635,0.5,413634,1,62168,2,52984,5,3532,10,1059,-2,76,11,60,,,0,
2022-02-17 15:59:06,0.3,8477569,0.5,410808,1,82656,2,51571,5,3532,10,353,-2,80,11,60,,,0,
2022-02-17 16:00:06,0.3,8577887,0.5,427410,1,88661,2,87601,5,3532,10,2825,-2,77,11,60,,,0,
2022-02-17 16:01:06,0.3,8132462,0.5,406923,1,85835,2,71352,5,5651,10,1059,-2,79,11,60,,,0,
2022-02-17 16:02:06,0.3,8457082,0.5,429883,1,81596,2,54397,5,3179,10,706,-3,81,11,60,,,0,
2022-02-17 16:03:06,0.3,8468032,0.5,433415,1,83009,2,62168,5,4238,10,2825,-3,81,11,60,,,0,
2022-02-17 16:04:06,0.3,8351465,0.5,457435,1,84775,2,75591,5,5651,10,1059,-3,82,11,60,,,0,
2022-02-17 16:05:06,0.3,8486047,0.5,425997,1,76651,2,64288,5,3532,10,706,-3,83,11,60,,,0,
2022-02-17 16:06:06,0.3,8486047,0.5,457082,1,80536,2,56163,5,2119,10,706,-3,83,11,60,,,0,
2022-02-17 16:07:06,0.3,9131755,0.5,445425,1,80890,2,81243,5,7064,10,1059,-3,83,11,60,,,0,
2022-02-17 16:08:06,0.3,8681738,0.5,454609,1,91487,2,69233,5,7771,10,2825,-3,83,11,60,,,0,
2022-02-17 16:09:06,0.3,9344401,0.5,489932,1,81243,2,70646,5,6358,10,2825,-3,84,11,60,,,0,
2022-02-17 16:10:06,0.3,9190745,0.5,456022,1,74178,2,51571,5,4238,10,1766,-3,85,11,60,,,0,
2022-02-17 16:11:06,0.3,9058283,0.5,463087,1,86541,2,56870,5,4238,10,706,-3,85,11,60,,,0,
2022-02-17 16:12:06,0.3,8985517,0.5,503355,1,108795,2,167785,5,21547,10,6711,-3,85,11,60,,,0,
2022-02-17 16:13:06,0.3,8672907,0.5,480748,1,80890,2,50158,5,3532,10,706,-3,84,11,60,,,0,
2022-02-17 16:14:06,0.3,8940303,0.5,494171,1,77004,2,57576,5,3179,10,1412,-3,84,11,60,,,0,
2022-02-17 16:15:06,0.3,8354291,0.5,434828,1,81596,2,65347,5,4238,10,706,-3,83,11,60,,,0,
2022-02-17 16:16:06,0.3,8514306,0.5,466619,1,98198,2,132815,5,12716,10,2472,-2,81,11,60,,,0,
2022-02-17 16:17:06,0.3,8372659,0.5,458495,1,99611,2,114093,5,12009,10,2825,-2,80,11,60,,,0,
2022-02-17 16:18:06,0.3,8266336,0.5,479689,1,113034,2,154362,5,18014,10,3179,-2,80,11,60,,,0,
2022-02-17 16:19:06,0.3,7825150,0.5,445072,1,93606,2,102437,5,9537,10,2472,-2,81,11,60,,,0,
2022-02-17 16:20:06,0.3,8393500,0.5,470858,1,89720,2,105263,5,9890,10,4238,-3,81,11,60,,,0,
2022-02-17 16:21:06,0.3,8362769,0.5,478629,1,93606,2,90074,5,4238,10,1059,-3,81,11,60,,,0,
2022-02-17 16:22:06,0.3,8815613,0.5,521370,1,156481,2,223949,5,33557,10,4945,-3,81,11,60,,,0,
2022-02-17 16:23:06,0.3,7503002,0.5,429530,1,122218,2,100671,5,6358,10,1412,-2,80,11,60,,,0,
2022-02-17 16:24:06,0.3,7431649,0.5,551042,1,198516,2,331684,5,40621,10,9890,-2,79,11,60,,,0,
2022-02-17 16:25:06,0.3,7478276,0.5,431296,1,87954,2,67467,5,1766,10,1059,-2,81,11,60,,,0,
2022-02-17 16:26:06,0.3,7905333,0.5,466266,1,120452,2,102790,5,6711,10,706,-2,81,11,60,,,0,
2022-02-17 16:27:06,0.3,7740727,0.5,453196,1,107029,2,112681,5,10596,10,1412,-3,80,11,60,,,0,
2022-02-17 16:28:06,0.3,7758036,0.5,466972,1,97492,2,88308,5,10243,10,2119,-3,81,11,60,,,0,
2022-02-17 16:29:06,0.3,7950194,0.5,448604,1,90427,2,82303,5,4945,10,1412,-3,79,11,60,,,0,
2022-02-17 16:30:06,0.3,7523136,0.5,499470,1,152596,2,195690,5,23666,10,5298,-2,77,11,60,,,0,
2022-02-17 16:31:06,0.3,7730837,0.5,481455,1,130342,2,161073,5,17661,10,5651,-3,79,11,60,,,0,
2022-02-17 16:32:06,0.3,7747792,0.5,466619,1,106676,2,87248,5,8124,10,1766,-3,79,11,60,,,0,
2022-02-18 11:39:40,0.3,20520664,0.5,1296008,1,202401,2,252207,5,14482,10,1766,0,52,11,60,,,0,
2022-02-18 11:40:40,0.3,18787000,0.5,1199576,1,205581,2,228187,5,19780,10,2825,0,56,11,60,,,0,
2022-02-18 11:41:40,0.3,17628400,0.5,1198869,1,225008,2,321441,5,31084,10,9184,0,56,11,60,,,0,
2022-02-18 11:42:40,0.3,17765454,0.5,1099611,1,188625,2,237371,5,20487,10,5298,1,56,11,60,,,0,
2022-02-18 11:43:40,0.3,17649946,0.5,1192511,1,253267,2,377251,5,41681,10,6004,0,55,11,60,,,0,
2022-02-18 11:44:40,0.3,18601200,0.5,1141999,1,194630,2,245496,5,19074,10,2472,1,56,11,60,,,0,
2022-02-18 11:45:40,0.3,17780642,0.5,1094312,1,192158,2,222536,5,20134,10,3885,1,59,11,60,,,0,
2022-02-18 11:46:40,0.3,17891204,0.5,1118332,1,198869,2,241610,5,26845,10,2119,1,57,11,60,,,0,
2022-02-18 11:47:40,0.3,18550334,0.5,1201342,1,206640,2,268809,5,23666,10,3885,0,58,11,60,,,0,
2022-02-18 11:48:40,0.3,19037796,0.5,1198869,1,220063,2,255386,5,25785,10,5298,0,62,11,60,,,0,
2022-02-18 11:49:40,0.3,22058990,0.5,1445072,1,300600,2,474743,5,58989,10,15542,0,62,11,60,,,0,
2022-02-18 11:50:40,0.3,23617096,0.5,1437654,1,242317,2,262804,5,20134,10,3885,-1,61,11,60,,,0,
2022-02-18 11:51:40,0.3,20387848,0.5,1229247,1,228187,2,252914,5,23313,10,2825,0,61,11,60,,,0,
2022-02-18 11:52:40,0.3,22638642,0.5,1423525,1,246555,2,303426,5,23313,10,8477,-1,63,11,60,,,0,
2022-02-18 11:53:40,0.3,21370540,0.5,1259272,1,229600,2,262451,5,23313,10,6711,-1,61,11,60,,,0,
2022-02-18 11:54:40,0.3,21010950,0.5,1254327,1,204874,2,243730,5,20840,10,3179,-1,62,11,60,,,0,
2022-02-18 11:55:40,0.3,22667254,0.5,1353232,1,234899,2,251148,5,21193,10,3179,-2,62,11,60,,,0,
2022-02-18 11:56:40,0.3,22166372,0.5,1346873,1,216178,2,231720,5,21547,10,4238,-1,63,11,60,,,0,
2022-02-18 11:57:40,0.3,21933592,0.5,1374072,1,206640,2,239138,5,22606,10,3885,-1,62,11,60,,,0,
2022-02-18 11:58:40,0.3,22345460,0.5,1484281,1,276227,2,335923,5,26492,10,6004,-1,63,11,60,,,0,
2022-02-18 11:59:40,0.3,24377958,0.5,1678205,1,244436,2,244083,5,21900,10,1412,-1,61,11,60,,,0,
2022-02-18 12:00:40,0.3,21779936,0.5,1593783,1,207700,2,232073,5,15895,10,3532,-1,61,11,60,,,0,
2022-02-18 12:01:40,0.3,19996468,0.5,1574708,1,205227,2,211232,5,21193,10,2825,-1,62,11,60,,,0,
2022-02-18 12:02:40,0.3,20728718,0.5,1753797,1,203814,2,204521,5,17661,10,4945,-1,64,11,60,,,0,
2022-02-18 12:03:40,0.3,23187918,0.5,1955492,1,212292,2,197456,5,18368,10,2825,-1,65,11,60,,,0,
2022-02-18 12:04:40,0.3,21687742,0.5,1974920,1,249028,2,247262,5,20487,10,7064,-2,65,11,60,,,0,
2022-02-18 12:05:40,0.3,23637584,0.5,3025432,1,742140,2,738608,5,70999,10,9537,-1,64,11,60,,,0,
2022-02-18 12:06:40,0.3,21659130,0.5,2022253,1,234546,2,219357,5,20487,10,4238,-1,63,11,60,,,0,
2022-02-18 12:07:40,0.3,21183680,0.5,2042741,1,263511,2,292122,5,29671,10,10243,-1,65,11,60,,,0,
2022-02-18 12:08:40,0.3,21498410,0.5,1990109,1,271635,2,226068,5,20134,10,4238,-1,65,11,60,,,0,
2022-02-18 12:09:40,0.3,20949134,0.5,2035676,1,367008,2,529141,5,68880,10,21900,-1,63,11,60,,,0,
2022-02-18 12:10:40,0.3,22712468,0.5,2068173,1,273754,2,261744,5,19780,10,4238,-2,64,11,60,,,0,
2022-02-18 12:11:40,0.3,23582126,0.5,2047333,1,270222,2,284351,5,21900,10,6711,-1,65,11,60,,,0,
2022-02-18 12:12:40,0.3,23121864,0.5,2027552,1,250441,2,216178,5,14835,10,4238,-1,63,11,60,,,0,
2022-02-18 12:13:40,0.3,22525608,0.5,1929000,1,210173,2,193217,5,15542,10,1766,-1,64,11,60,,,0,
2022-02-18 12:14:40,0.3,21861532,0.5,1772871,1,212998,2,196043,5,16601,10,2472,-1,62,11,60,,,0,
2022-02-18 12:15:40,0.3,20063228,0.5,1733663,1,206993,2,209819,5,22606,10,6358,-1,64,11,60,,,0,
2022-02-18 12:16:40,0.3,19362062,0.5,1527375,1,200635,2,264924,5,32850,10,5298,-1,64,11,60,,,0,
2022-02-18 12:17:40,0.3,20185092,0.5,1491699,1,168138,2,190392,5,11303,10,2119,-1,63,11,60,,,0,
2022-02-18 12:18:40,0.3,21947368,0.5,1574708,1,173436,2,196397,5,10950,10,2119,-1,61,11,60,,,0,
2022-02-18 12:19:40,0.3,18758036,0.5,1406923,1,217237,2,312963,5,39208,10,10596,0,63,11,60,,,0,
2022-02-18 12:20:40,0.3,17581066,0.5,1353232,1,159307,2,181561,5,17308,10,3532,1,60,11,60,,,0,
2022-02-18 12:21:40,0.3,19199928,0.5,1433769,1,170611,2,201342,5,20487,10,4238,1,61,11,60,,,0,
2022-02-18 12:22:40,0.3,19573296,0.5,1509007,1,236665,2,342281,5,40268,10,9890,0,58,11,60,,,0,
2022-02-18 12:23:40,0.3,17421406,0.5,1353232,1,196397,2,244789,5,25785,10,6004,1,56,11,60,,,0,
2022-02-18 12:24:40,0.3,24495584,0.5,1782762,1,191805,2,224655,5,16955,10,2825,0,60,11,60,,,0,
2022-02-18 12:25:40,0.3,21867184,0.5,1496997,1,159307,2,192864,5,19780,10,2472,0,60,11,60,,,0,
2022-02-18 12:26:40,0.3,19768280,0.5,1446485,1,172024,2,179441,5,15895,10,1412,0,60,11,60,,,0,
2022-02-18 12:27:40,0.3,18254680,0.5,1306605,1,182620,2,219003,5,18721,10,4238,0,58,11,60,,,0,
2022-02-18 12:28:40,0.3,19327446,0.5,1370893,1,155068,2,194630,5,12363,10,3179,0,56,11,60,,,0,
2022-02-18 12:29:40,0.3,21131048,0.5,1493818,1,164606,2,224655,5,21547,10,4238,0,55,11,60,,,0,
2022-02-18 12:30:40,0.3,19053690,0.5,1413988,1,174849,2,185446,5,17661,10,1766,1,57,11,60,,,0,
2022-02-18 12:31:40,0.3,19098552,0.5,1393147,1,150123,2,188272,5,19074,10,3532,0,57,11,60,,,0,
2022-02-18 12:32:40,0.3,16808900,0.5,1445425,1,303779,2,436241,5,44507,10,10596,0,58,11,60,,,0,
2022-02-18 12:33:40,0.3,17927234,0.5,1642882,1,547156,2,1274461,5,223595,10,49099,0,58,11,60,,,0,
2022-02-18 12:34:40,0.3,19518190,0.5,1356411,1,167785,2,235605,5,21900,10,3179,1,56,11,60,,,0,
2022-02-18 12:35:40,0.3,16444365,0.5,1243023,1,184033,2,293535,5,37795,10,15895,2,51,11,60,,,0,
2022-02-18 12:36:40,0.3,18300246,0.5,1276227,1,172377,2,211232,5,18721,10,3532,0,53,11,60,,,0,
2022-02-18 12:37:40,0.3,20530908,0.5,1369834,1,169904,2,217237,5,17308,10,3179,0,58,11,60,,,0,
2022-02-18 12:38:40,0.3,17589190,0.5,1151889,1,158601,2,212292,5,15188,10,4238,1,53,11,60,,,0,
2022-02-18 12:39:40,0.3,19279760,0.5,1373719,1,202755,2,309784,5,25785,10,3885,0,55,11,60,,,0,
2022-02-18 12:40:40,0.3,14861533,0.5,1016248,1,147651,2,215824,5,20134,10,1766,1,56,11,60,,,0,
2022-02-18 12:41:40,0.3,14048746,0.5,989756,1,153302,2,226068,5,21547,10,7064,1,55,11,60,,,0,
2022-02-18 12:42:40,0.3,14960084,0.5,1375485,1,523843,2,994701,5,185800,10,62522,2,56,11,60,,,0,
2022-02-18 12:43:40,0.3,15023313,0.5,1216531,1,466619,2,1180501,5,214058,10,49099,1,55,11,60,,,0,
2022-02-18 12:44:40,0.3,14250088,0.5,990462,1,164959,2,227481,5,25079,10,3885,2,57,11,60,,,0,
2022-02-18 12:45:40,0.3,15195337,0.5,1023313,1,178382,2,246909,5,25432,10,5651,1,57,11,60,,,0,
2022-02-18 12:46:40,0.3,15510420,0.5,1078064,1,174849,2,251854,5,20840,10,4592,1,59,11,60,,,0,
2022-02-18 12:47:40,0.3,16291416,0.5,1111621,1,176262,2,252560,5,26139,10,3885,1,58,11,60,,,0,
2022-02-18 12:48:40,0.3,16114800,0.5,1255740,1,342281,2,506534,5,59342,10,13422,1,58,11,60,,,0,
2022-02-18 12:49:40,0.3,15554221,0.5,974214,1,169904,2,203814,5,20487,10,3532,1,58,11,60,,,0,
2022-02-18 12:50:40,0.3,14197103,0.5,866478,1,145531,2,216531,5,18721,10,3179,0,59,11,60,,,0,
2022-02-18 12:51:40,0.3,14481455,0.5,902154,1,151183,2,218650,5,22960,10,3532,1,60,11,60,,,0,
2022-02-18 12:52:40,0.3,15039915,0.5,984104,1,175556,2,260685,5,19074,10,4945,0,62,11,60,,,0,
2022-02-18 12:53:40,0.3,15095372,0.5,929706,1,174143,2,247262,5,20134,10,4238,0,63,11,60,,,0,
2022-02-18 12:54:40,0.3,14369127,0.5,869304,1,160367,2,209819,5,18721,10,1766,0,64,11,60,,,0,
2022-02-18 12:55:40,0.3,14593783,0.5,947721,1,271988,2,460967,5,52984,10,10596,1,63,11,60,,,0,
2022-02-18 12:56:40,0.3,15330625,0.5,898975,1,178028,2,232779,5,18014,10,3885,1,61,11,60,,,0,
2022-02-18 12:57:40,0.3,13540798,0.5,853055,1,232073,2,338043,5,36029,10,9890,0,63,11,60,,,0,
2022-02-18 12:58:40,0.3,14278700,0.5,1095372,1,480395,2,888378,5,117273,10,19427,1,62,11,60,,,0,
2022-02-18 12:59:40,0.3,13997527,0.5,933945,1,277287,2,447191,5,51571,10,7771,1,61,11,60,,,0,
2022-02-18 13:00:40,0.3,13756269,0.5,826916,1,184740,2,255033,5,25079,10,3179,1,63,11,60,,,0,
2022-02-18 13:01:40,0.3,13099964,0.5,808548,1,223949,2,345460,5,39915,10,7064,1,60,11,60,,,0,
2022-02-18 13:02:40,0.3,14907806,0.5,854821,1,190038,2,273401,5,17308,10,2119,1,65,11,60,,,0,
2022-02-18 13:03:40,0.3,13133521,0.5,807135,1,183680,2,237725,5,16248,10,3532,1,62,11,60,,,0,
2022-02-18 13:04:40,0.3,14373366,0.5,868950,1,191098,2,234192,5,18368,10,2472,1,64,11,60,,,0,
2022-02-18 13:05:40,0.3,13889085,0.5,826563,1,163193,2,205227,5,15542,10,706,1,62,11,60,,,0,
2022-02-18 13:06:40,0.3,15398799,0.5,943129,1,220416,2,268103,5,23313,10,3179,1,63,11,60,,,0,
2022-02-18 13:07:40,0.3,15135641,0.5,1032497,1,347933,2,592370,5,73119,10,14835,1,63,11,60,,,0,
2022-02-18 13:08:40,0.3,16539032,0.5,958318,1,173790,2,225008,5,14129,10,706,1,64,11,60,,,0,
2022-02-18 13:09:40,0.3,15902154,0.5,897209,1,171317,2,199929,5,12009,10,1766,1,64,11,60,,,0,
2022-02-18 13:10:40,0.3,16444719,0.5,931826,1,193571,2,249735,5,21547,10,4945,1,61,11,60,,,0,
2022-02-18 13:11:40,0.3,16309431,0.5,944542,1,157541,2,231367,5,16601,10,3179,1,61,11,60,,,0,
2022-02-18 13:12:40,0.3,16713528,0.5,984457,1,197103,2,241963,5,12009,10,3885,1,63,11,60,,,0,
2022-02-18 13:13:40,0.3,18460968,0.5,1052984,1,203461,2,250794,5,18721,10,1766,1,66,11,60,,,0,
2022-02-18 13:14:40,0.3,19890144,0.5,1100671,1,183327,2,229247,5,11303,10,2119,0,67,11,60,,,0,
2022-02-18 13:15:40,0.3,17297774,0.5,959378,1,187919,2,227128,5,15188,10,706,1,63,11,60,,,0,
2022-02-18 13:16:40,0.3,16589191,0.5,948428,1,184740,2,241963,5,14129,10,706,1,63,11,60,,,0,
2022-02-18 13:17:40,0.3,17209466,0.5,985164,1,192511,2,227128,5,18721,10,2825,1,62,11,60,,,0,
2022-02-18 13:18:40,0.3,15327446,0.5,890498,1,174496,2,231720,5,16955,10,2119,1,64,11,60,,,0,
2022-02-18 20:22:40,0.3,22048038,0.5,1031790,1,178735,2,198869,5,16601,10,2472,-6,89,11,60,,,0,
2022-02-18 20:23:40,0.3,24843870,0.5,1154362,1,160367,2,197809,5,16955,10,3885,-7,93,11,60,,,0,
2022-02-18 20:24:40,0.3,24266690,0.5,1141292,1,147651,2,138820,5,8477,10,1412,-7,92,11,60,,,0,
2022-02-18 20:25:40,0.3,24518190,0.5,1152949,1,160014,2,198869,5,16248,10,2472,-7,94,11,60,,,0,
2022-02-18 20:26:40,0.3,22364182,0.5,1066054,1,148710,2,142352,5,8477,10,2472,-7,92,11,60,,,0,
2022-02-18 20:27:40,0.3,24186506,0.5,1099258,1,144825,2,166725,5,10950,10,1412,-7,92,11,60,,,0,
2022-02-18 20:28:40,0.3,22118332,0.5,1083362,1,212292,2,303073,5,25079,10,6358,-7,93,11,60,,,0,
2022-02-18 20:29:40,0.3,21645354,0.5,1008830,1,153655,2,179441,5,13422,10,2472,-7,92,11,60,,,0,
2022-02-18 20:30:40,0.3,27004592,0.5,1385022,1,297774,2,552101,5,59696,10,13776,-7,94,11,60,,,0,
2022-02-18 20:31:40,0.3,26315788,0.5,1250794,1,225715,2,317908,5,28965,10,4592,-7,94,11,60,,,0,
2022-02-18 20:32:40,0.3,27449664,0.5,1234899,1,146591,2,176969,5,12363,10,2472,-7,94,11,60,,,0,
2022-02-18 20:33:40,0.3,24123630,0.5,1072412,1,133874,2,163546,5,8124,10,353,-7,93,11,60,,,0,
2022-02-18 20:34:40,0.3,21695866,0.5,961497,1,123277,2,145178,5,7064,10,2472,-7,94,11,60,,,0,
2022-02-18 20:35:40,0.3,21025078,0.5,935358,1,119745,2,133521,5,7417,10,2119,-7,95,11,60,,,0,
2022-02-18 20:36:40,0.3,21340516,0.5,926174,1,123277,2,155422,5,8124,10,2119,-7,96,11,60,,,0,
2022-02-18 20:37:40,0.3,22707170,0.5,1010243,1,139879,2,148710,5,8477,10,1766,-7,95,11,60,,,0,
2022-02-18 20:38:40,0.3,23586012,0.5,1074885,1,149417,2,179795,5,12363,10,1059,-6,95,11,60,,,0,
2022-02-18 20:39:40,0.3,24251854,0.5,1088661,1,127870,2,146238,5,8477,10,1059,-6,95,11,60,,,0,
2022-02-18 20:40:40,0.3,23932886,0.5,1089720,1,140586,2,181914,5,11656,10,2472,-6,95,11,60,,,0,
2022-02-18 20:41:40,0.3,26314376,0.5,1224302,1,151183,2,196397,5,13069,10,2119,-6,96,11,60,,,0,
2022-02-18 20:42:40,0.3,23447898,0.5,1028258,1,138466,2,154362,5,10596,10,2119,-6,95,11,60,,,0,
2022-02-18 20:43:40,0.3,23198868,0.5,1044860,1,126810,2,146591,5,9890,10,1766,-6,95,11,60,,,0,
2022-02-18 20:44:40,0.3,25236312,0.5,1122924,1,143058,2,156481,5,10950,10,1766,-5,95,11,60,,,0,
2022-02-18 20:45:40,0.3,29631578,0.5,1318968,1,153655,2,174849,5,17308,10,2825,-5,93,11,60,,,0,
2022-02-18 20:46:40,0.3,28458848,0.5,1230660,1,128929,2,153655,5,8830,10,706,-5,93,11,60,,,0,
2022-02-18 20:47:40,0.3,25337690,0.5,1142352,1,119745,2,180148,5,13776,10,3179,-5,94,11,60,,,0,
2022-02-18 20:48:40,0.3,28125750,0.5,1308018,1,152949,2,237018,5,19780,10,4238,-6,92,11,60,,,0,
2022-02-18 20:49:40,0.3,24574002,0.5,1165665,1,158954,2,228187,5,22606,10,4592,-6,93,11,60,,,0,
2022-02-18 20:50:40,0.3,24978806,0.5,1179088,1,158601,2,194984,5,19427,10,2825,-6,95,11,60,,,0,
2022-02-18 20:51:40,0.3,26772164,0.5,1243376,1,134581,2,175203,5,9184,10,2825,-5,96,11,60,,,0,
2022-02-18 20:52:40,0.3,25510066,0.5,1253267,1,185093,2,263511,5,22606,10,4945,-5,95,11,60,,,0,
2022-02-18 20:53:40,0.3,24758742,0.5,1154362,1,134581,2,219710,5,17308,10,2472,-5,94,11,60,,,0,
2022-02-18 20:54:40,0.3,26953020,0.5,1254327,1,166372,2,249381,5,21547,10,4592,-5,96,11,60,,,0,
2022-02-18 20:55:40,0.3,34852700,0.5,1695513,1,197809,2,401978,5,48746,10,17308,-5,95,11,60,,,0,
2022-02-18 20:56:40,0.3,33409394,0.5,1614270,1,204521,2,368774,5,45213,10,10243,-5,95,11,60,,,0,
2022-02-18 20:57:40,0.3,30976686,0.5,1452137,1,150476,2,202401,5,16955,10,4238,-5,94,11,60,,,0,
2022-02-18 20:58:40,0.3,30699046,0.5,1434475,1,160720,2,262451,5,30024,10,7771,-5,94,11,60,,,0,
2022-02-18 20:59:40,0.3,31063228,0.5,1413281,1,157541,2,231720,5,28258,10,8124,-5,94,11,60,,,0,
2022-02-18 21:00:40,0.3,34067820,0.5,1601907,1,137407,2,167785,5,13069,10,5298,-6,95,11,60,,,0,
2022-02-18 21:01:40,0.3,28510420,0.5,1279053,1,127870,2,156481,5,12009,10,1059,-6,95,11,60,,,0,
2022-02-18 21:02:40,0.3,30289296,0.5,1391381,1,141999,2,180854,5,13069,10,1766,-6,95,11,60,,,0,
2022-02-18 21:03:40,0.3,30501236,0.5,1461321,1,152243,2,245496,5,22606,10,4238,-7,96,11,60,,,0,
2022-02-18 21:04:40,0.3,34092192,0.5,1619922,1,139526,2,162133,5,7417,10,1412,-7,97,11,60,,,0,
2022-02-18 21:05:40,0.3,31573294,0.5,1440127,1,135641,2,175203,5,12009,10,1412,-7,99,11,60,,,0,
2022-02-18 21:06:40,0.3,33957964,0.5,1571176,1,160367,2,197809,5,12363,10,2472,-7,99,11,60,,,0,
2022-02-18 21:07:40,0.3,34310844,0.5,1635817,1,136347,2,169551,5,9184,10,706,-7,99,11,60,,,0,
2022-02-18 21:08:40,0.3,34646060,0.5,1651713,1,134581,2,160014,5,7064,10,1766,-7,98,11,60,,,0,
2022-02-18 21:09:40,0.3,33169904,0.5,1575415,1,133521,2,170964,5,8477,10,1766,-7,99,11,60,,,0,
2022-02-18 21:10:40,0.3,34133168,0.5,1649947,1,144471,2,180148,5,8477,10,353,-7,98,11,60,,,0,
2022-02-18 21:11:40,0.3,32397738,0.5,1524196,1,136347,2,180854,5,10596,10,2825,-7,99,11,60,,,0,
2022-02-18 21:12:40,0.3,33615684,0.5,1527375,1,145884,2,186506,5,13776,10,2119,-7,100,11,60,,,0,
2022-02-18 21:13:40,0.3,32708936,0.5,1544330,1,151183,2,239491,5,15895,10,5298,-7,99,11,60,,,0,
2022-02-18 21:14:40,0.3,33558812,0.5,1572235,1,144118,2,219003,5,18014,10,3885,-7,98,11,60,,,0,
2022-02-18 21:15:40,0.3,33841044,0.5,1561992,1,139526,2,179441,5,15542,10,1412,-7,99,11,60,,,0,
2022-02-18 21:16:40,0.3,32564110,0.5,1505828,1,131049,2,155422,5,10243,10,2119,-7,99,11,60,,,0,
2022-02-18 21:17:40,0.3,32699046,0.5,1463087,1,131755,2,142352,5,6711,10,706,-7,99,11,60,,,0,
2022-02-18 21:18:40,0.3,38126104,0.5,1862592,1,132462,2,174143,5,7064,10,1412,-7,100,11,60,,,0,
2022-02-18 21:19:40,0.3,32631932,0.5,1545743,1,134581,2,177675,5,7771,10,1766,-7,100,11,60,,,0,
2022-02-18 21:20:40,0.3,32775696,0.5,1537265,1,135641,2,165312,5,11303,10,1412,-7,100,11,60,,,0,
2022-02-18 21:21:40,0.3,37238432,0.5,1737548,1,141292,2,161073,5,9537,10,2472,-7,100,11,60,,,0,
2022-02-18 21:22:40,0.3,36402684,0.5,1716707,1,155422,2,194630,5,12363,10,2825,-7,100,11,60,,,0,
2022-02-18 21:23:40,0.3,35342280,0.5,1657364,1,137760,2,164252,5,9537,10,1412,-7,100,11,60,,,0,
2022-02-18 21:24:40,0.3,35636876,0.5,1725185,1,149417,2,185446,5,12363,10,3885,-7,100,11,60,,,0,
2022-02-18 21:25:40,0.3,37168844,0.5,1791239,1,140939,2,194630,5,13776,10,2825,-6,100,11,60,,,0,
2022-02-18 21:26:40,0.3,39491344,0.5,2012716,1,154009,2,186506,5,15188,10,2119,-6,100,11,60,,,0,
2022-02-18 21:27:40,0.3,36478276,0.5,1826209,1,140939,2,143412,5,9537,10,706,-6,100,11,60,,,0,
2022-02-18 21:28:40,0.3,37116920,0.5,1861533,1,133521,2,167785,5,12716,10,2825,-6,100,11,60,,,0,
2022-02-18 21:29:40,0.3,36253972,0.5,1748498,1,129636,2,150830,5,4592,10,706,-6,100,11,60,,,0,
2022-02-18 21:30:40,0.3,35233132,0.5,1711762,1,139879,2,156128,5,8124,10,1412,-6,100,11,60,,,0,
2022-02-18 21:31:40,0.3,36841396,0.5,1818085,1,137054,2,155422,5,9184,10,2119,-6,100,11,60,,,0,
2022-02-18 21:32:40,0.3,37494172,0.5,1834334,1,135641,2,170257,5,12363,10,2472,-6,100,11,60,,,0,
2022-02-18 21:33:40,0.3,32949134,0.5,1642175,1,130342,2,135287,5,10243,10,1766,-6,100,11,60,,,0,
2022-02-18 21:34:40,0.3,33341222,0.5,1649947,1,126457,2,136700,5,7771,10,706,-6,99,11,60,,,0,
2022-02-18 21:35:40,0.3,32541856,0.5,1629812,1,124337,2,117979,5,7417,10,1412,-6,99,11,60,,,0,
2022-02-18 21:36:40,0.3,29275874,0.5,1438361,1,115860,2,107735,5,4238,10,2825,-6,99,11,60,,,0,
2022-02-18 21:37:40,0.3,30148004,0.5,1513246,1,120098,2,119745,5,6711,10,2119,-6,98,11,60,,,0,
2022-02-18 21:38:40,0.3,32866830,0.5,1681384,1,132462,2,119745,5,4945,10,706,-6,100,11,60,,,0,
2022-02-18 21:39:40,0.3,30235958,0.5,1543624,1,125044,2,110914,5,4592,10,1059,-6,100,11,60,,,0,
2022-02-18 21:40:40,0.3,31047332,0.5,1596255,1,120452,2,146591,5,8124,10,3885,-6,99,11,60,,,0,
2022-02-18 21:41:40,0.3,30946308,0.5,1561639,1,121511,2,113387,5,2825,10,353,-6,100,11,60,,,0,
2022-02-18 21:42:40,0.3,29768278,0.5,1481102,1,120452,2,103143,5,6004,10,1412,-6,100,11,60,,,0,
2022-02-18 21:43:40,0.3,28326738,0.5,1424231,1,117626,2,105263,5,3885,10,353,-6,99,11,60,,,0,
2022-02-18 21:44:40,0.3,31507240,0.5,1654892,1,117273,2,111974,5,4238,10,706,-6,100,11,60,,,0,
2022-02-18 21:45:40,0.3,35324264,0.5,1926527,1,127870,2,125044,5,6358,10,1059,-6,100,11,60,,,0,
2022-02-18 21:46:40,0.3,33161426,0.5,1801130,1,134581,2,122218,5,4238,10,1059,-6,99,11,60,,,0,
2022-02-18 21:47:40,0.3,33686328,0.5,1843518,1,129989,2,114093,5,6358,10,706,-6,99,11,60,,,0,
2022-02-18 21:48:40,0.3,37321440,0.5,2115860,1,167785,2,133874,5,6711,10,2119,-5,100,11,60,,,0,
2022-02-18 21:49:40,0.3,36962556,0.5,2028965,1,149063,2,128576,5,2825,10,1412,-6,99,11,60,,,0,
2022-02-18 21:50:40,0.3,35677852,0.5,2018368,1,139526,2,113034,5,2825,10,2119,-6,99,11,60,,,0,
2022-02-18 21:51:40,0.3,32885904,0.5,1854821,1,133521,2,121865,5,4238,10,0,-6,98,11,60,,,0,
2022-02-18 21:52:40,0.3,30255740,0.5,1696926,1,137407,2,98198,5,4592,10,1766,-5,98,11,60,,,0,
2022-02-18 21:53:40,0.3,30193216,0.5,1657718,1,143412,2,116566,5,4945,10,1059,-5,98,11,60,,,0,
2022-02-18 21:54:40,0.3,29078064,0.5,1619569,1,126103,2,110914,5,2119,10,353,-5,98,11,60,,,0,
2022-02-18 21:55:40,0.3,28233132,0.5,1604380,1,127870,2,101730,5,4238,10,1412,-5,99,11,60,,,0,
2022-02-18 21:56:40,0.3,29350406,0.5,1640056,1,150476,2,125397,5,6711,10,1412,-5,98,11,60,,,0,
2022-02-18 21:57:40,0.3,32809254,0.5,1895090,1,146238,2,123984,5,2472,10,706,-5,98,11,60,,,0,
2022-02-18 21:58:40,0.3,32083008,0.5,1898269,1,155775,2,171670,5,8124,10,1059,-5,99,11,60,,,0,
2022-02-18 21:59:40,0.3,33086540,0.5,1968209,1,167785,2,169198,5,9890,10,3179,-5,98,11,60,,,0,
2022-02-18 22:00:40,0.3,32209818,0.5,1925114,1,168138,2,139879,5,8830,10,1766,-5,99,11,60,,,0,
2022-02-18 22:01:40,0.3,32670786,0.5,1931119,1,151183,2,138820,5,6358,10,3532,-5,99,11,60,,,0,
2022-02-19 12:47:20,0.3,39792652,0.5,2413988,1,283998,2,183680,5,7771,10,1059,0,68,11,60,,,0,
2022-02-19 12:48:20,0.3,40459200,0.5,2466972,1,272695,2,187213,5,7417,10,1412,2,63,11,60,,,0,
2022-02-19 12:49:20,0.3,40877428,0.5,2507241,1,281879,2,182620,5,9890,10,2119,3,56,11,60,,,0,
2022-02-19 12:50:20,0.3,40534792,0.5,2481102,1,286471,2,193571,5,14129,10,1766,4,53,11,60,,,0,
2022-02-19 12:51:20,0.3,39242316,0.5,2323913,1,260685,2,190745,5,10243,10,4238,5,48,11,60,,,0,
2022-02-19 12:52:20,0.3,40843872,0.5,2430236,1,279759,2,176969,5,9537,10,2825,4,53,11,60,,,0,
2022-02-19 12:53:20,0.3,41075944,0.5,2425291,1,273048,2,164606,5,9537,10,1766,4,52,11,60,,,0,
2022-02-19 12:54:20,0.3,40884140,0.5,2427057,1,258565,2,173436,5,7771,10,1766,5,50,11,60,,,0,
2022-02-19 12:55:20,0.3,40395972,0.5,2370540,1,256799,2,175556,5,10596,10,2472,5,49,11,60,,,0,
2022-02-19 12:56:20,0.3,41120096,0.5,2471564,1,280113,2,192158,5,11303,10,353,5,53,11,60,,,0,
2022-02-19 12:57:20,0.3,43246556,0.5,2554927,1,285764,2,180501,5,14482,10,1059,3,57,11,60,,,0,
2022-02-19 12:58:20,0.3,42963264,0.5,2525609,1,256799,2,190392,5,9537,10,2119,3,61,11,60,,,0,
2022-02-19 12:59:20,0.3,40604380,0.5,2407983,1,300953,2,180148,5,13422,10,1412,2,62,11,60,,,0,
2022-02-19 13:00:20,0.3,41748852,0.5,2439773,1,291769,2,196043,5,9537,10,1412,4,53,11,60,,,0,
2022-02-19 13:01:20,0.3,41208760,0.5,2440480,1,269516,2,174849,5,11303,10,1766,5,51,11,60,,,0,
2022-02-19 13:02:20,0.3,45903920,0.5,2724479,1,302013,2,186153,5,13776,10,2119,3,58,11,60,,,0,
2022-02-19 13:03:20,0.3,42096432,0.5,2410808,1,281172,2,189685,5,14482,10,3179,5,52,11,60,,,0,
2022-02-19 13:04:20,0.3,42705756,0.5,2514659,1,276933,2,173436,5,11303,10,1059,5,52,11,60,,,0,
2022-02-19 13:05:20,0.3,41449664,0.5,2475803,1,253620,2,160720,5,10243,10,3885,6,47,11,60,,,0,
2022-02-19 13:06:20,0.3,42965028,0.5,2515365,1,283645,2,212292,5,10950,10,2119,5,51,11,60,,,0,
2022-02-19 13:07:20,0.3,42198160,0.5,2466972,1,283292,2,190038,5,15542,10,1412,6,49,11,60,,,0,
2022-02-19 13:08:20,0.3,42901448,0.5,2546450,1,297774,2,248675,5,20840,10,6358,5,50,11,60,,,0,
2022-02-19 13:09:20,0.3,43993288,0.5,2621688,1,275874,2,190392,5,11303,10,2119,5,52,11,60,,,0,
2022-02-19 13:10:20,0.3,42682444,0.5,2545743,1,270929,2,176262,5,10950,10,2472,5,53,11,60,,,0,
2022-02-19 13:11:20,0.3,43699400,0.5,2536206,1,288943,2,196043,5,10243,10,2825,5,51,11,60,,,0,
2022-02-19 13:12:20,0.3,39469796,0.5,2301660,1,246909,2,151889,5,9184,10,1059,2,67,11,60,,,0,
2022-02-19 13:13:20,0.3,42980924,0.5,2454609,1,258212,2,165312,5,7417,10,1412,4,55,11,60,,,0,
2022-02-19 13:14:20,0.3,43914516,0.5,2547509,1,288590,2,180854,5,6711,10,1412,5,54,11,60,,,0,
2022-02-19 13:15:20,0.3,44030376,0.5,2598728,1,328505,2,299540,5,22606,10,3885,5,53,11,60,,,0,
2022-02-19 13:16:20,0.3,44014836,0.5,2528435,1,298834,2,239491,5,18721,10,1766,4,55,11,60,,,0,
2022-02-19 13:17:20,0.3,45010596,0.5,2600141,1,291769,2,196750,5,12716,10,1412,5,54,11,60,,,0,
2022-02-19 13:18:20,0.3,44947720,0.5,2586365,1,311903,2,204521,5,12009,10,3179,5,54,11,60,,,0,
2022-02-19 13:19:20,0.3,44691980,0.5,2637583,1,299187,2,188979,5,13069,10,2825,6,50,11,60,,,0,
2022-02-19 13:20:20,0.3,44705404,0.5,2619922,1,269869,2,187566,5,11303,10,2472,5,52,11,60,,,0,
2022-02-19 13:21:20,0.3,45285764,0.5,2648887,1,285764,2,180148,5,8830,10,3179,5,52,11,60,,,0,
2022-02-19 13:22:20,0.3,43247968,0.5,2511833,1,279759,2,177322,5,13069,10,2825,6,51,11,60,,,0,
2022-02-19 13:23:20,0.3,43584244,0.5,2515012,1,283292,2,172377,5,8830,10,1766,6,49,11,60,,,0,
2022-02-19 13:24:20,0.3,44062520,0.5,2570116,1,275167,2,187919,5,13069,10,3885,6,49,11,60,,,0,
2022-02-19 13:25:20,0.3,45198868,0.5,2622748,1,283292,2,175909,5,12716,10,3532,5,50,11,60,,,0,
2022-02-19 13:26:20,0.3,45432000,0.5,2664429,1,310137,2,223242,5,13069,10,2119,5,53,11,60,,,0,
2022-02-19 13:27:20,0.3,45214764,0.5,2655245,1,295655,2,199576,5,12363,10,1412,5,52,11,60,,,0,
2022-02-19 13:28:20,0.3,46188976,0.5,2677499,1,287884,2,169198,5,6358,10,1412,5,54,11,60,,,0,
2022-02-19 13:29:20,0.3,44879548,0.5,2553867,1,289650,2,179795,5,8830,10,2119,5,51,11,60,,,0,
2022-02-19 13:30:20,0.3,43967148,0.5,2498763,1,249735,2,150476,5,9184,10,1059,5,51,11,60,,,0,
2022-02-19 13:31:20,0.3,43543976,0.5,2491345,1,276933,2,191451,5,10950,10,3179,5,52,11,60,,,0,
2022-02-19 13:32:20,0.3,45031436,0.5,2513599,1,272341,2,169551,5,10950,10,353,4,59,11,60,,,0,
2022-02-19 13:33:20,0.3,43765100,0.5,2479335,1,263864,2,159660,5,7771,10,2825,5,54,11,60,,,0,
2022-02-19 13:34:20,0.3,40465204,0.5,2258919,1,238078,2,142352,5,6358,10,706,4,57,11,60,,,0,
2022-02-19 13:35:20,0.3,43443304,0.5,2405863,1,256093,2,181914,5,13422,10,706,5,53,11,60,,,0,
2022-02-19 13:36:20,0.3,38352876,0.5,2191805,1,245496,2,194277,5,15895,10,2119,2,64,11,60,,,0,
2022-02-19 13:37:20,0.3,41699044,0.5,2312963,1,217237,2,141292,5,7771,10,1412,2,66,11,60,,,0,
2022-02-19 13:38:20,0.3,38606500,0.5,2136347,1,222536,2,191805,5,24019,10,5298,2,67,11,60,,,0,
2022-02-19 13:39:20,0.3,37224300,0.5,2004592,1,197103,2,108795,5,4238,10,353,1,68,11,60,,,0,
2022-02-19 13:40:20,0.3,34030024,0.5,1804662,1,189685,2,121865,5,4592,10,706,1,69,11,60,,,0,
2022-02-19 13:41:20,0.3,33640760,0.5,1782762,1,186153,2,103143,5,5298,10,706,1,68,11,60,,,0,
2022-02-19 13:42:20,0.3,34141644,0.5,1768279,1,160014,2,95372,5,4592,10,706,1,68,11,60,,,0,
2022-02-19 13:43:20,0.3,34788412,0.5,1834687,1,195337,2,111974,5,6711,10,2472,1,69,11,60,,,0,
2022-02-19 13:44:20,0.3,35644648,0.5,1927234,1,209113,2,138820,5,7417,10,353,1,70,11,60,,,0,
2022-02-19 13:45:20,0.3,38939244,0.5,2078064,1,243730,2,158247,5,8477,10,1412,1,72,11,60,,,0,
2022-02-19 13:46:20,0.3,39488520,0.5,2123984,1,245143,2,200282,5,19427,10,3179,1,70,11,60,,,0,
2022-02-19 13:47:20,0.3,36032144,0.5,1990815,1,207700,2,131049,5,7417,10,706,1,69,11,60,,,0,
2022-02-19 13:48:20,0.3,36888376,0.5,2033203,1,248675,2,168844,5,9890,10,1766,1,70,11,60,,,0,
2022-02-19 13:49:20,0.3,37050864,0.5,1960791,1,218297,2,146238,5,9537,10,2472,1,71,11,60,,,0,
2022-02-19 13:50:20,0.3,39515716,0.5,2138820,1,230660,2,159660,5,9890,10,353,2,67,11,60,,,0,
2022-02-19 13:51:20,0.3,36078768,0.5,1883080,1,203461,2,111974,5,2825,10,0,1,71,11,60,,,0,
2022-02-19 13:52:20,0.3,38695160,0.5,2088308,1,203108,2,133521,5,7064,10,353,1,70,11,60,,,0,
2022-02-19 13:53:20,0.3,39916636,0.5,2163546,1,283645,2,266336,5,24019,10,3885,1,69,11,60,,,0,
2022-02-19 13:54:20,0.3,40947012,0.5,2200282,1,222889,2,152596,5,12009,10,1412,2,68,11,60,,,0,
2022-02-19 13:55:20,0.3,40488520,0.5,2136347,1,224655,2,155775,5,10243,10,706,1,71,11,60,,,0,
2022-02-19 13:56:20,0.3,40833628,0.5,2203108,1,228894,2,125750,5,6358,10,2472,2,68,11,60,,,0,
2022-02-19 13:57:20,0.3,41165312,0.5,2126103,1,227834,2,178735,5,18014,10,2825,2,68,11,60,,,0,
2022-02-19 13:58:20,0.3,42173436,0.5,2509713,1,496997,2,669021,5,75944,10,10596,2,68,11,60,,,0,
2022-02-19 13:59:20,0.3,40723772,0.5,2203461,1,262098,2,182974,5,15895,10,5298,2,67,11,60,,,0,
2022-02-19 14:00:20,0.3,47183324,0.5,2518897,1,251854,2,173083,5,12363,10,1059,3,59,11,60,,,0,
2022-02-19 14:01:20,0.3,42162132,0.5,2376545,1,252914,2,171670,5,8477,10,2119,3,62,11,60,,,0,
2022-02-19 14:02:20,0.3,38494172,0.5,2197103,1,271988,2,228894,5,34263,10,4592,3,61,11,60,,,0,
2022-02-19 14:03:20,0.3,41726244,0.5,2293535,1,308371,2,312257,5,41328,10,12363,4,58,11,60,,,0,
2022-02-19 14:04:20,0.3,37936064,0.5,2044860,1,204521,2,108442,5,8124,10,1059,3,60,11,60,,,0,
2022-02-19 14:05:20,0.3,39248320,0.5,2183327,1,223949,2,148004,5,8477,10,1412,2,64,11,60,,,0,
2022-02-19 14:06:20,0.3,36118684,0.5,2014482,1,227834,2,156835,5,10950,10,2825,3,63,11,60,,,0,
2022-02-19 14:07:20,0.3,37328504,0.5,2035323,1,207700,2,104556,5,5651,10,353,2,65,11,60,,,0,
2022-02-19 14:08:20,0.3,36951960,0.5,1991875,1,203461,2,112327,5,6358,10,706,3,63,11,60,,,0,
2022-02-19 14:09:20,0.3,37167432,0.5,2094312,1,199576,2,105616,5,6004,10,706,3,63,11,60,,,0,
2022-02-19 14:10:20,0.3,37043448,0.5,2092546,1,201342,2,109148,5,4945,10,2119,2,63,11,60,,,0,
2022-02-19 14:11:20,0.3,38111268,0.5,2209819,1,217590,2,107382,5,5651,10,353,2,66,11,60,,,0,
2022-02-19 14:12:20,0.3,36819852,0.5,2196397,1,213705,2,99258,5,4945,10,1059,3,62,11,60,,,0,
2022-02-19 14:13:20,0.3,36399152,0.5,2148004,1,211232,2,100317,5,3179,10,706,3,60,11,60,,,0,
2022-02-19 14:14:20,0.3,35938888,0.5,2231367,1,294948,2,184387,5,15542,10,4238,3,60,11,60,,,0,
2022-02-19 14:15:20,0.3,37851288,0.5,2274814,1,271635,2,152243,5,10596,10,1059,2,64,11,60,,,0,
2022-02-19 14:16:20,0.3,38388908,0.5,2348286,1,275521,2,193924,5,20840,10,1412,2,65,11,60,,,0,
2022-02-19 14:17:20,0.3,37855880,0.5,2250441,1,245849,2,126810,5,7417,10,706,2,64,11,60,,,0,
2022-02-19 14:18:20,0.3,36723420,0.5,2237725,1,275521,2,197103,5,16601,10,3179,2,64,11,60,,,0,
2022-02-19 14:19:20,0.3,34123276,0.5,2002119,1,231367,2,121511,5,6711,10,1766,2,63,11,60,,,0,
2022-02-19 14:20:20,0.3,35690216,0.5,2195337,1,249381,2,114800,5,4592,10,1766,2,64,11,60,,,0,
2022-02-19 14:21:20,0.3,35211940,0.5,2152596,1,226068,2,109148,5,4592,10,1059,3,62,11,60,,,0,
2022-02-19 14:22:20,0.3,35584952,0.5,2101377,1,230307,2,108795,5,8124,10,706,3,61,11,60,,,0,
2022-02-19 14:23:20,0.3,34819852,0.5,2185093,1,294948,2,216884,5,16248,10,2825,2,65,11,60,,,0,
2022-02-19 14:24:20,0.3,36295300,0.5,2095725,1,221123,2,143765,5,9184,10,706,2,68,11,60,,,0,
2022-02-19 14:25:20,0.3,41156480,0.5,2375485,1,310490,2,198163,5,12716,10,1059,2,70,11,60,,,0,
2022-02-19 14:26:20,0.3,39426704,0.5,2223242,1,230660,2,134934,5,6358,10,706,2,70,11,60,,,0,
2022-02-21 12:05:21,0.3,4306252,0.5,290003,1,64641,2,34263,5,353,10,1766,-4,80,11,60,,,0,
2022-02-21 12:06:21,0.3,3250441,0.5,269162,1,50158,2,31790,5,1766,10,3532,-4,79,11,60,,,0,
2022-02-21 12:07:21,0.3,3386082,0.5,263511,1,60755,2,28611,5,2119,10,1412,-4,79,11,60,,,0,
2022-02-21 12:08:21,0.3,4635464,0.5,296361,1,55104,2,29671,5,2825,10,3179,-4,82,11,60,,,0,
2022-02-21 12:09:21,0.3,4683150,0.5,293889,1,65347,2,35676,5,1412,10,1059,-4,82,11,60,,,0,
2022-02-21 12:10:21,0.3,5537619,0.5,323560,1,58283,2,27905,5,353,10,353,-5,82,11,60,,,0,
2022-02-21 12:11:21,0.3,5932532,0.5,348993,1,55104,2,31790,5,706,10,0,-5,84,11,60,,,0,
2022-02-21 12:12:21,0.3,5512186,0.5,334510,1,62875,2,38502,5,1766,10,0,-5,85,11,60,,,0,
2022-02-21 12:13:21,0.3,5274814,0.5,328859,1,59342,2,32497,5,353,10,353,-5,83,11,60,,,0,
2022-02-21 12:14:21,0.3,4697280,0.5,316495,1,55810,2,28965,5,2472,10,706,-4,82,11,60,,,0,
2022-02-21 12:15:21,0.3,4601907,0.5,305898,1,46626,2,27905,5,1059,10,706,-5,80,11,60,,,0,
2022-02-21 12:16:21,0.3,5233839,0.5,304839,1,54750,2,28611,5,1412,10,353,-5,80,11,60,,,0,
2022-02-21 12:17:21,0.3,5573648,0.5,320734,1,50865,2,26139,5,1059,10,353,-4,80,11,60,,,0,
2022-02-21 12:18:21,0.3,5683150,0.5,296361,1,56163,2,27552,5,1766,10,706,-5,81,11,60,,,0,
2022-02-21 12:19:21,0.3,5575061,0.5,305192,1,48746,2,30731,5,2119,10,1412,-4,81,11,60,,,0,
2022-02-21 12:20:21,0.3,5504768,0.5,308724,1,58636,2,32144,5,1059,10,0,-4,83,11,60,,,0,
2022-02-21 12:21:21,0.3,5727658,0.5,338043,1,60755,2,37795,5,1059,10,353,-5,83,11,60,,,0,
2022-02-21 12:22:21,0.3,5125044,0.5,300247,1,52278,2,32497,5,0,10,0,-5,82,11,60,,,0,
2022-02-21 12:23:21,0.3,5311904,0.5,324973,1,51218,2,34616,5,2825,10,0,-4,81,11,60,,,0,
2022-02-21 12:24:21,0.3,5640409,0.5,308018,1,59696,2,27198,5,1412,10,2472,-4,82,11,60,,,0,
2022-02-21 12:25:21,0.3,5832568,0.5,336276,1,65701,2,32497,5,2472,10,706,-4,81,11,60,,,0,
2022-02-21 12:26:21,0.3,5758389,0.5,316849,1,54044,2,31437,5,1412,10,706,-5,81,11,60,,,0,
2022-02-21 12:27:21,0.3,5122571,0.5,286824,1,54044,2,19427,5,1766,10,706,-4,80,11,60,,,0,
2022-02-21 12:28:21,0.3,5387142,0.5,345107,1,60049,2,35676,5,1059,10,353,-4,81,11,60,,,0,
2022-02-21 12:29:21,0.3,4867538,0.5,287530,1,52278,2,31790,5,2472,10,353,-4,80,11,60,,,0,
2022-02-21 12:30:21,0.3,4726245,0.5,296714,1,54397,2,30731,5,2825,10,2825,-3,79,11,60,,,0,
2022-02-21 12:31:21,0.3,4969975,0.5,285058,1,46979,2,30377,5,706,10,353,-4,78,11,60,,,0,
2022-02-21 12:32:21,0.3,4804662,0.5,300247,1,64641,2,43800,5,2119,10,353,-4,81,11,60,,,0,
2022-02-21 12:33:21,0.3,4326033,0.5,273048,1,53338,2,26845,5,1059,10,353,-4,82,11,60,,,0,
2022-02-21 12:34:21,0.3,4305899,0.5,294242,1,56870,2,36029,5,1766,10,0,-4,82,11,60,,,0,
2022-02-21 12:35:21,0.3,4191805,0.5,344754,1,68880,2,44860,5,353,10,353,-4,81,11,60,,,0,
2022-02-21 12:36:21,0.3,4383963,0.5,314023,1,60049,2,39915,5,1766,10,0,-5,86,11,60,,,0,
2022-02-21 12:37:21,0.3,4312963,0.5,307311,1,61815,2,38149,5,1766,10,0,-5,87,11,60,,,0,
2022-02-21 12:38:21,0.3,4429883,0.5,312963,1,51218,2,35323,5,1059,10,0,-5,86,11,60,,,0,
2022-02-21 12:39:21,0.3,4435535,0.5,304132,1,55457,2,33910,5,1412,10,353,-5,88,11,60,,,0,
2022-02-21 12:40:21,0.3,4866125,0.5,332744,1,60049,2,34263,5,2119,10,0,-5,89,11,60,,,0,
2022-02-21 12:41:21,0.3,4866478,0.5,330625,1,61462,2,37089,5,1059,10,353,-5,88,11,60,,,0,
2022-02-21 12:42:21,0.3,5064288,0.5,394206,1,73472,2,39208,5,353,10,353,-5,87,11,60,,,0,
2022-02-21 12:43:21,0.3,4681031,0.5,348640,1,69939,2,38855,5,353,10,353,-4,85,11,60,,,0,
2022-02-21 12:44:21,0.3,4606146,0.5,309078,1,59696,2,31790,5,706,10,0,-5,84,11,60,,,0,
2022-02-21 12:45:21,0.3,4722712,0.5,316495,1,55457,2,31084,5,353,10,706,-5,84,11,60,,,0,
2022-02-21 12:46:21,0.3,4524902,0.5,313316,1,58283,2,32497,5,1412,10,0,-5,83,11,60,,,0,
2022-02-21 12:47:21,0.3,4268809,0.5,305898,1,50865,2,31084,5,1059,10,0,-5,83,11,60,,,0,
2022-02-21 12:48:21,0.3,4310491,0.5,307665,1,50865,2,37795,5,1412,10,1412,-4,82,11,60,,,0,
2022-02-21 12:49:21,0.3,4404450,0.5,296008,1,62875,2,27552,5,1412,10,353,-4,82,11,60,,,0,
2022-02-21 12:50:21,0.3,4268456,0.5,285058,1,54397,2,31437,5,706,10,0,-4,81,11,60,,,0,
2022-02-21 12:51:21,0.3,4423172,0.5,324267,1,68880,2,38502,5,1766,10,706,-4,83,11,60,,,0,
2022-02-21 12:52:21,0.3,4487460,0.5,306958,1,55104,2,30731,5,1059,10,706,-4,83,11,60,,,0,
2022-02-21 12:53:21,0.3,4408689,0.5,326386,1,63935,2,35323,5,1412,10,1059,-4,83,11,60,,,0,
2022-02-21 12:54:21,0.3,4633345,0.5,352172,1,75944,2,46273,5,2119,10,0,-5,83,11,60,,,0,
2022-02-21 12:55:21,0.3,4740021,0.5,432709,1,88308,2,44507,5,1059,10,706,-4,83,11,60,,,0,
2022-02-21 12:56:21,0.3,4368067,0.5,304839,1,66054,2,31437,5,706,10,0,-5,84,11,60,,,0,
2022-02-21 12:57:21,0.3,4474037,0.5,342635,1,73119,2,47333,5,3179,10,353,-4,82,11,60,,,0,
2022-02-21 12:58:21,0.3,4522077,0.5,432356,1,110208,2,71352,5,706,10,706,-5,83,11,60,,,0,
2022-02-21 12:59:21,0.3,4495584,0.5,321794,1,62168,2,39208,5,1412,10,0,-4,83,11,60,,,0,
2022-02-21 13:00:21,0.3,4470151,0.5,298481,1,54044,2,27552,5,706,10,353,-4,82,11,60,,,0,
2022-02-21 13:01:21,0.3,4489579,0.5,308371,1,52984,2,28965,5,1059,10,706,-5,81,11,60,,,0,
2022-02-21 13:02:21,0.3,4263864,0.5,304486,1,53338,2,28965,5,1059,10,1059,-5,83,11,60,,,0,
2022-02-21 13:03:21,0.3,4386082,0.5,321441,1,57576,2,25079,5,706,10,1412,-5,84,11,60,,,0,
2022-02-21 13:04:21,0.3,4409749,0.5,287884,1,53338,2,35323,5,1412,10,1412,-4,84,11,60,,,0,
2022-02-21 13:05:21,0.3,4180501,0.5,292122,1,57576,2,32144,5,1766,10,353,-5,84,11,60,,,0,
2022-02-21 13:06:21,0.3,4248675,0.5,318262,1,52631,2,27905,5,1059,10,353,-5,84,11,60,,,0,
2022-02-21 13:07:21,0.3,4295302,0.5,293182,1,55104,2,27552,5,0,10,1059,-5,85,11,60,,,0,
2022-02-21 13:08:21,0.3,4564818,0.5,285764,1,61815,2,21193,5,706,10,0,-5,83,11,60,,,0,
2022-02-21 13:09:21,0.3,4349346,0.5,308371,1,55810,2,30024,5,1412,10,0,-5,84,11,60,,,0,
2022-02-21 13:10:21,0.3,4249028,0.5,308371,1,51571,2,29671,5,1412,10,0,-5,84,11,60,,,0,
2022-02-21 13:11:21,0.3,4234546,0.5,299894,1,57930,2,36736,5,706,10,353,-5,84,11,60,,,0,
2022-02-21 13:12:21,0.3,4960438,0.5,600494,1,156835,2,87248,5,1766,10,0,-5,83,11,60,,,0,
2022-02-21 13:13:21,0.3,4139526,0.5,292829,1,50865,2,27198,5,0,10,0,-5,83,11,60,,,0,
2022-02-21 13:14:21,0.3,4416460,0.5,334510,1,74178,2,36382,5,1412,10,0,-4,83,11,60,,,0,
2022-02-21 13:15:21,0.3,4298834,0.5,366654,1,71352,2,43447,5,353,10,0,-4,85,11,60,,,0,
2022-02-21 13:16:21,0.3,4108795,0.5,297421,1,52984,2,29671,5,1059,10,353,-5,84,11,60,,,0,
2022-02-21 13:17:21,0.3,4139879,0.5,316849,1,62522,2,52631,5,1766,10,353,-5,85,11,60,,,0,
2022-02-21 13:18:21,0.3,3876722,0.5,286117,1,45566,2,28258,5,706,10,0,-5,85,11,60,,,0,
2022-02-21 13:19:21,0.3,4126103,0.5,279406,1,50512,2,30024,5,1059,10,353,-5,85,11,60,,,0,
2022-02-21 13:20:21,0.3,4117273,0.5,286824,1,49452,2,24726,5,1766,10,0,-5,83,11,60,,,0,
2022-02-21 13:21:21,0.3,3879547,0.5,317908,1,67114,2,37795,5,1766,10,0,-5,84,11,60,,,0,
2022-02-21 13:22:21,0.3,3911691,0.5,283998,1,50512,2,28611,5,353,10,353,-5,84,11,60,,,0,
2022-02-21 13:23:21,0.3,3912751,0.5,285764,1,48392,2,27905,5,706,10,353,-5,83,11,60,,,0,
2022-02-21 13:24:21,0.3,3908512,0.5,297421,1,48746,2,24373,5,706,10,0,-5,86,11,60,,,0,
2022-02-21 13:25:21,0.3,3737548,0.5,256446,1,45566,2,20840,5,353,10,353,-4,82,11,60,,,0,
2022-02-21 13:26:21,0.3,3742847,0.5,291416,1,53338,2,28611,5,1766,10,0,-4,81,11,60,,,0,
2022-02-21 13:27:21,0.3,3645355,0.5,265277,1,49099,2,25432,5,706,10,353,-4,82,11,60,,,0,
2022-02-21 13:28:21,0.3,3764747,0.5,287884,1,46979,2,24019,5,1059,10,0,-4,80,11,60,,,0,
2022-02-21 13:29:21,0.3,3773578,0.5,270575,1,53338,2,18368,5,353,10,0,-4,81,11,60,,,0,
2022-02-21 13:30:21,0.3,3590957,0.5,268809,1,48039,2,26492,5,706,10,0,-4,81,11,60,,,0,
2022-02-21 13:31:21,0.3,3771458,0.5,269869,1,39915,2,24019,5,1412,10,0,-5,81,11,60,,,0,
2022-02-21 13:32:21,0.3,3703991,0.5,284351,1,54397,2,30731,5,1059,10,353,-5,84,11,60,,,0,
2022-02-21 13:33:21,0.3,3960084,0.5,302719,1,52984,2,28258,5,706,10,353,-5,83,11,60,,,0,
2022-02-21 13:34:21,0.3,3933592,0.5,326033,1,62875,2,26492,5,1059,10,353,-4,82,11,60,,,0,
2022-02-21 13:35:21,0.3,3920169,0.5,329212,1,63581,2,43094,5,2119,10,353,-5,82,11,60,,,0,
2022-02-21 13:36:21,0.3,3723772,0.5,307665,1,48746,2,33203,5,1412,10,0,-4,83,11,60,,,0,
2022-02-21 13:37:21,0.3,3750971,0.5,298127,1,52984,2,29671,5,1412,10,0,-5,81,11,60,,,0,
2022-02-21 13:38:21,0.3,3709643,0.5,279406,1,45213,2,24726,5,353,10,0,-5,83,11,60,,,0,
2022-02-21 13:39:21,0.3,3673260,0.5,280113,1,50865,2,34616,5,353,10,0,-5,83,11,60,,,0,
2022-02-21 13:40:21,0.3,3765807,0.5,270929,1,54044,2,27552,5,353,10,353,-5,83,11,60,,,0,
2022-02-21 13:41:21,0.3,3741787,0.5,259272,1,43094,2,21900,5,353,10,706,-5,82,11,60,,,0,
2022-02-21 13:42:21,0.3,3910985,0.5,264570,1,50512,2,25079,5,353,10,0,-5,82,11,60,,,0,
2022-02-21 13:43:21,0.3,3903214,0.5,282585,1,49452,2,27198,5,1059,10,0,-5,81,11,60,,,0,
2022-02-21 13:44:21,0.3,3696926,0.5,290356,1,53691,2,37795,5,1766,10,706,-5,81,11,60,,,0,
2022-02-21 19:43:15,0.3,10671847,0.5,1148710,1,216178,2,116566,5,4592,10,1412,-10,76,11,60,,,0,
2022-02-21 19:44:15,0.3,11040268,0.5,1132108,1,191451,2,108442,5,4945,10,1412,-10,75,11,60,,,0,
2022-02-21 19:45:15,0.3,11084775,0.5,1161427,1,204874,2,154715,5,9890,10,2472,-10,75,11,60,,,0,
2022-02-21 19:46:15,0.3,11126810,0.5,1191805,1,195690,2,141292,5,7417,10,706,-10,76,11,60,,,0,
2022-02-21 19:47:15,0.3,11029318,0.5,1151536,1,213352,2,141292,5,7417,10,2825,-10,76,11,60,,,0,
2022-02-21 19:48:15,0.3,11286471,0.5,1203814,1,200635,2,145531,5,8124,10,7417,-10,77,11,60,,,0,
2022-02-21 19:49:15,0.3,11451430,0.5,1199222,1,209819,2,152949,5,4238,10,1412,-11,77,11,60,,,0,
2022-02-21 19:50:15,0.3,11617449,0.5,1189332,1,211586,2,147297,5,4945,10,353,-11,77,11,60,,,0,
2022-02-21 19:51:15,0.3,12134581,0.5,1291063,1,232779,2,188272,5,6711,10,2825,-11,77,11,60,,,0,
2022-02-21 19:52:15,0.3,11980219,0.5,1258212,1,227834,2,184387,5,7417,10,706,-11,77,11,60,,,0,
2022-02-21 19:53:15,0.3,12160720,0.5,1292122,1,244789,2,203814,5,7417,10,2472,-11,78,11,60,,,0,
2022-02-21 19:54:15,0.3,11886612,0.5,1249028,1,211586,2,146944,5,4592,10,353,-11,79,11,60,,,0,
2022-02-21 19:55:15,0.3,11986930,0.5,1220770,1,208406,2,156128,5,6711,10,1059,-11,78,11,60,,,0,
2022-02-21 19:56:15,0.3,12533380,0.5,1292122,1,221476,2,169904,5,8477,10,2472,-11,80,11,60,,,0,
2022-02-21 19:57:15,0.3,11785235,0.5,1205227,1,193571,2,150830,5,3885,10,2472,-11,79,11,60,,,0,
2022-02-21 19:58:15,0.3,12026492,0.5,1240904,1,191098,2,154715,5,2825,10,1412,-11,77,11,60,,,0,
2022-02-21 19:59:15,0.3,12201695,0.5,1267396,1,201695,2,160014,5,3179,10,1059,-11,77,11,60,,,0,
2022-02-21 20:00:15,0.3,12318615,0.5,1277640,1,215118,2,165312,5,7064,10,1766,-11,78,11,60,,,0,
2022-02-21 20:01:15,0.3,12301660,0.5,1240904,1,191805,2,161780,5,3532,10,1059,-11,79,11,60,,,0,
2022-02-21 20:02:15,0.3,12113034,0.5,1239138,1,183680,2,154362,5,5298,10,1766,-11,79,11,60,,,0,
2022-02-21 20:03:15,0.3,12072765,0.5,1209466,1,197103,2,159660,5,4238,10,706,-11,78,11,60,,,0,
2022-02-21 20:04:15,0.3,12099611,0.5,1201342,1,185800,2,147651,5,3885,10,706,-11,78,11,60,,,0,
2022-02-21 20:05:15,0.3,12091133,0.5,1215824,1,179795,2,153655,5,8124,10,0,-11,78,11,60,,,0,
2022-02-21 20:06:15,0.3,12365242,0.5,1240551,1,188625,2,140233,5,1766,10,353,-11,79,11,60,,,0,
2022-02-21 20:07:15,0.3,12360650,0.5,1269869,1,183327,2,142705,5,3885,10,706,-12,78,11,60,,,0,
2022-02-21 20:08:15,0.3,12373719,0.5,1188979,1,191805,2,143058,5,1766,10,706,-12,78,11,60,,,0,
2022-02-21 20:09:15,0.3,12790533,0.5,1278700,1,191805,2,160720,5,4238,10,1412,-12,78,11,60,,,0,
2022-02-21 20:10:15,0.3,12811374,0.5,1288237,1,182974,2,163899,5,7064,10,353,-12,78,11,60,,,0,
2022-02-21 20:11:15,0.3,12839632,0.5,1280819,1,179441,2,161427,5,4238,10,2119,-12,79,11,60,,,0,
2022-02-21 20:12:15,0.3,12955492,0.5,1316495,1,204168,2,153655,5,3179,10,1059,-12,79,11,60,,,0,
2022-02-21 20:13:15,0.3,12753797,0.5,1275521,1,192864,2,148710,5,3532,10,2472,-12,79,11,60,,,0,
2022-02-21 20:14:15,0.3,12912751,0.5,1291769,1,192864,2,160367,5,4945,10,1059,-12,79,11,60,,,0,
2022-02-21 20:15:15,0.3,12817025,0.5,1277287,1,197456,2,140233,5,4238,10,1059,-12,78,11,60,,,0,
2022-02-21 20:16:15,0.3,12675026,0.5,1260332,1,191451,2,155422,5,5298,10,1059,-12,78,11,60,,,0,
2022-02-21 20:17:15,0.3,13225362,0.5,1310491,1,198516,2,160014,5,3179,10,706,-12,79,11,60,,,0,
2022-02-21 20:18:15,0.3,12940303,0.5,1291769,1,174849,2,148357,5,6358,10,1059,-12,78,11,60,,,0,
2022-02-21 20:19:15,0.3,13025432,0.5,1305898,1,188625,2,150123,5,6711,10,1412,-12,77,11,60,,,0,
2022-02-21 20:20:15,0.3,13452490,0.5,1323207,1,203814,2,163546,5,4238,10,1059,-12,78,11,60,,,0,
2022-02-21 20:21:15,0.3,13488873,0.5,1287177,1,181208,2,155068,5,4592,10,1766,-12,78,11,60,,,0,
2022-02-21 20:22:15,0.3,12907806,0.5,1266690,1,195337,2,142352,5,4592,10,1059,-12,78,11,60,,,0,
2022-02-21 20:23:15,0.3,12670434,0.5,1249381,1,175203,2,139526,5,3532,10,0,-12,77,11,60,,,0,
2022-02-21 20:24:15,0.3,12690568,0.5,1250794,1,168844,2,148710,5,4238,10,706,-12,77,11,60,,,0,
2022-02-21 20:25:15,0.3,12685270,0.5,1239138,1,180148,2,133874,5,1766,10,1059,-12,77,11,60,,,0,
2022-02-21 20:26:15,0.3,12253620,0.5,1199576,1,172024,2,140233,5,2825,10,1412,-12,77,11,60,,,0,
2022-02-21 20:27:15,0.3,12090780,0.5,1200282,1,181914,2,150476,5,3179,10,2472,-13,76,11,60,,,0,
2022-02-21 20:28:15,0.3,12385023,0.5,1195690,1,174849,2,131049,5,2472,10,706,-13,78,11,60,,,0,
2022-02-21 20:29:15,0.3,12794772,0.5,1235959,1,180854,2,131755,5,3532,10,1412,-13,77,11,60,,,0,
2022-02-21 20:30:15,0.3,12976333,0.5,1238431,1,178382,2,125044,5,3532,10,1059,-13,77,11,60,,,0,
2022-02-21 20:31:15,0.3,12745673,0.5,1247262,1,182267,2,140233,5,6004,10,1766,-13,77,11,60,,,0,
2022-02-21 20:32:15,0.3,11888378,0.5,1141999,1,156128,2,116566,5,4945,10,1766,-12,77,11,60,,,0,
2022-02-21 20:33:15,0.3,12324267,0.5,1186506,1,172377,2,128576,5,3179,10,706,-12,75,11,60,,,0,
2022-02-21 20:34:15,0.3,11926881,0.5,1162486,1,168138,2,116213,5,4238,10,0,-12,76,11,60,,,0,
2022-02-21 20:35:15,0.3,11779230,0.5,1160014,1,155422,2,115506,5,4238,10,0,-12,75,11,60,,,0,
2022-02-21 20:36:15,0.3,12099258,0.5,1156835,1,170964,2,119745,5,3179,10,706,-13,76,11,60,,,0,
2022-02-21 20:37:15,0.3,12090427,0.5,1197103,1,167432,2,118332,5,4238,10,353,-13,74,11,60,,,0,
2022-02-21 20:38:15,0.3,12104556,0.5,1192864,1,167785,2,117273,5,3532,10,353,-13,75,11,60,,,0,
2022-02-21 20:39:15,0.3,11770752,0.5,1112681,1,151183,2,104203,5,4238,10,353,-13,76,11,60,,,0,
2022-02-21 20:40:15,0.3,12254327,0.5,1242317,1,165312,2,125750,5,1766,10,1766,-13,76,11,60,,,0,
2022-02-21 20:41:15,0.3,12324267,0.5,1163193,1,166019,2,122924,5,5651,10,353,-13,76,11,60,,,0,
2022-02-21 20:42:15,0.3,12821264,0.5,1211939,1,157894,2,125750,5,3532,10,0,-13,75,11,60,,,0,
2022-02-21 20:43:15,0.3,12485694,0.5,1231367,1,175556,2,126457,5,4238,10,2119,-13,75,11,60,,,0,
2022-02-21 20:44:15,0.3,12732956,0.5,1258565,1,158247,2,131755,5,3532,10,0,-13,74,11,60,,,0,
2022-02-21 20:45:15,0.3,12848110,0.5,1210879,1,170611,2,115860,5,3179,10,706,-13,75,11,60,,,0,
2022-02-21 20:46:15,0.3,12660190,0.5,1252207,1,171317,2,119392,5,2825,10,706,-13,74,11,60,,,0,
2022-02-21 20:47:15,0.3,13428117,0.5,1296008,1,179088,2,136700,5,1412,10,1766,-13,74,11,60,,,0,
2022-02-21 20:48:15,0.3,12863299,0.5,1220770,1,173083,2,131402,5,2825,10,706,-13,74,11,60,,,0,
2022-02-21 20:49:15,0.3,13080183,0.5,1274461,1,160014,2,123631,5,4592,10,1766,-13,74,11,60,,,0,
2022-02-21 20:50:15,0.3,13438714,0.5,1281525,1,158954,2,128576,5,4945,10,2825,-13,75,11,60,,,0,
2022-02-21 20:51:15,0.3,13799011,0.5,1284351,1,176969,2,124690,5,3885,10,1766,-13,76,11,60,,,0,
2022-02-21 20:52:15,0.3,12903567,0.5,1221123,1,155775,2,127516,5,2825,10,1766,-13,75,11,60,,,0,
2022-02-21 20:53:15,0.3,13226421,0.5,1235252,1,161427,2,147651,5,3179,10,1412,-13,76,11,60,,,0,
2022-02-21 20:54:15,0.3,13436241,0.5,1267043,1,162839,2,135994,5,5298,10,353,-13,76,11,60,,,0,
2022-02-21 20:55:15,0.3,14050159,0.5,1379724,1,181561,2,138113,5,4945,10,1412,-13,77,11,60,,,0,
2022-02-21 20:56:15,0.3,13986224,0.5,1293535,1,170257,2,129989,5,2472,10,2119,-13,77,11,60,,,0,
2022-02-21 20:57:15,0.3,13472271,0.5,1245496,1,156481,2,129282,5,6004,10,706,-13,77,11,60,,,0,
2022-02-21 20:58:15,0.3,13949134,0.5,1305545,1,171670,2,140586,5,2472,10,706,-13,75,11,60,,,0,
2022-02-21 20:59:15,0.3,14094666,0.5,1308371,1,162133,2,140586,5,4592,10,706,-13,74,11,60,,,0,
2022-02-21 21:00:15,0.3,13299894,0.5,1243376,1,154009,2,129636,5,5651,10,1412,-13,74,11,60,,,0,
2022-02-21 21:01:15,0.3,13542917,0.5,1246909,1,170611,2,130342,5,6358,10,2472,-13,74,11,60,,,0,
2022-02-21 21:02:15,0.3,13551395,0.5,1242670,1,169198,2,132108,5,4238,10,1059,-13,75,11,60,,,0,
2022-02-21 21:03:15,0.3,14100671,0.5,1298127,1,172730,2,141292,5,4592,10,1766,-14,75,11,60,,,0,
2022-02-21 21:04:15,0.3,14054397,0.5,1247262,1,170257,2,144471,5,3532,10,353,-14,76,11,60,,,0,
2022-02-21 21:05:15,0.3,13509713,0.5,1229954,1,156481,2,129989,5,1766,10,706,-14,77,11,60,,,0,
2022-02-21 21:06:15,0.3,13647474,0.5,1267749,1,171317,2,127163,5,2472,10,1412,-14,76,11,60,,,0,
2022-02-21 21:07:15,0.3,13504062,0.5,1270222,1,154009,2,133168,5,2119,10,1059,-14,76,11,60,,,0,
2022-02-21 21:08:15,0.3,13087954,0.5,1196750,1,160014,2,134228,5,4238,10,1412,-14,77,11,60,,,0,
2022-02-21 21:09:15,0.3,13682091,0.5,1262451,1,175203,2,132815,5,3532,10,2472,-14,76,11,60,,,0,
2022-02-21 21:10:15,0.3,13468385,0.5,1245143,1,163899,2,143412,5,3885,10,2119,-14,75,11,60,,,0,
2022-02-21 21:11:15,0.3,13900741,0.5,1273401,1,168138,2,150476,5,8124,10,2119,-14,75,11,60,,,0,
2022-02-21 21:12:15,0.3,14099258,0.5,1304132,1,189685,2,153302,5,9890,10,3532,-13,74,11,60,,,0,
2022-02-21 21:13:15,0.3,14039562,0.5,1296008,1,170611,2,161073,5,5298,10,2825,-14,74,11,60,,,0,
2022-02-21 21:14:15,0.3,13483928,0.5,1253267,1,164959,2,155422,5,6711,10,2119,-13,75,11,60,,,0,
2022-02-21 21:15:15,0.3,13252561,0.5,1254327,1,174849,2,156481,5,7064,10,1059,-13,74,11,60,,,0,
2022-02-21 21:16:15,0.3,14057930,0.5,1283998,1,179441,2,174143,5,12363,10,4592,-13,74,11,60,,,0,
2022-02-21 21:17:15,0.3,13394207,0.5,1277287,1,179795,2,166372,5,7417,10,2472,-14,75,11,60,,,0,
2022-02-21 21:18:15,0.3,13233839,0.5,1274108,1,172730,2,146591,5,6004,10,1059,-14,76,11,60,,,0,
2022-02-21 21:19:15,0.3,13878134,0.5,1431296,1,262804,2,425291,5,27905,10,2825,-14,76,11,60,,,0,
2022-02-21 21:20:15,0.3,13566937,0.5,1371600,1,212998,2,288237,5,13776,10,2119,-14,76,11,60,,,0,
2022-02-21 21:21:15,0.3,13821971,0.5,1400918,1,192158,2,247968,5,16248,10,2472,-14,76,11,60,,,0,
2022-02-21 21:22:15,0.3,14078770,0.5,1412928,1,198869,2,170611,5,5651,10,3179,-14,75,11,60,,,0,
2022-02-22 12:47:01,0.3,12453550,0.5,1207700,1,188625,2,74178,5,4592,10,706,-12,73,11,60,,,0,
2022-02-22 12:48:01,0.3,12578241,0.5,1250794,1,179441,2,78417,5,2119,10,1059,-13,78,11,60,,,0,
2022-02-22 12:49:01,0.3,13173790,0.5,1327446,1,199222,2,96079,5,6358,10,1412,-12,77,11,60,,,0,
2022-02-22 12:50:01,0.3,13353938,0.5,1335570,1,195337,2,84069,5,2472,10,1412,-13,77,11,60,,,0,
2022-02-22 12:51:01,0.3,13053691,0.5,1312963,1,186859,2,97492,5,2472,10,0,-12,78,11,60,,,0,
2022-02-22 12:52:01,0.3,13279406,0.5,1346873,1,193924,2,90427,5,4238,10,706,-12,77,11,60,,,0,
2022-02-22 12:53:01,0.3,13202402,0.5,1306252,1,196750,2,100317,5,3179,10,1059,-11,74,11,60,,,0,
2022-02-22 12:54:01,0.3,12977040,0.5,1281525,1,186859,2,96079,5,4592,10,706,-11,75,11,60,,,0,
2022-02-22 12:55:01,0.3,13135287,0.5,1309078,1,190392,2,92900,5,4238,10,353,-11,75,11,60,,,0,
2022-02-22 12:56:01,0.3,13161427,0.5,1312963,1,202048,2,91487,5,2825,10,353,-12,75,11,60,,,0,
2022-02-22 12:57:01,0.3,13276227,0.5,1336630,1,203461,2,95372,5,4592,10,1412,-11,73,11,60,,,0,
2022-02-22 12:58:01,0.3,12848816,0.5,1279759,1,187919,2,99611,5,2825,10,1059,-11,72,11,60,,,0,
2022-02-22 12:59:01,0.3,13263864,0.5,1305898,1,197103,2,103850,5,1766,10,1059,-12,75,11,60,,,0,
2022-02-22 13:00:01,0.3,13332038,0.5,1296008,1,197809,2,106322,5,4592,10,1412,-12,74,11,60,,,0,
2022-02-22 13:01:01,0.3,13094313,0.5,1285411,1,188979,2,110561,5,2119,10,1412,-12,72,11,60,,,0,
2022-02-22 13:02:01,0.3,13072412,0.5,1277640,1,175203,2,113740,5,2472,10,0,-12,75,11,60,,,0,
2022-02-22 13:03:01,0.3,12839985,0.5,1287884,1,202048,2,123631,5,3885,10,353,-11,73,11,60,,,0,
2022-02-22 13:04:01,0.3,12751677,0.5,1244789,1,176616,2,105263,5,1766,10,706,-11,72,11,60,,,0,
2022-02-22 13:05:01,0.3,12889438,0.5,1281525,1,188979,2,117626,5,2825,10,2119,-11,71,11,60,,,0,
2022-02-22 13:06:01,0.3,13287530,0.5,1267396,1,199222,2,101024,5,3532,10,2119,-11,73,11,60,,,0,
2022-02-22 13:07:01,0.3,13070999,0.5,1246909,1,205581,2,112327,5,1766,10,353,-12,77,11,60,,,0,
2022-02-22 13:08:01,0.3,13174849,0.5,1313670,1,202048,2,119745,5,2472,10,706,-12,77,11,60,,,0,
2022-02-22 13:09:01,0.3,13807135,0.5,1338043,1,185800,2,112327,5,3532,10,1059,-12,77,11,60,,,0,
2022-02-22 13:10:01,0.3,13201342,0.5,1284351,1,187566,2,104556,5,3179,10,1059,-11,77,11,60,,,0,
2022-02-22 13:11:01,0.3,13717767,0.5,1327092,1,189332,2,127870,5,4592,10,706,-12,77,11,60,,,0,
2022-02-22 13:12:01,0.3,13746732,0.5,1350759,1,190745,2,116919,5,3532,10,706,-12,77,11,60,,,0,
2022-02-22 13:13:01,0.3,13767220,0.5,1309078,1,208053,2,123984,5,2472,10,1766,-11,75,11,60,,,0,
2022-02-22 13:14:01,0.3,13144472,0.5,1288943,1,196397,2,122571,5,3179,10,1412,-11,75,11,60,,,0,
2022-02-22 13:15:01,0.3,13448958,0.5,1315436,1,193571,2,108795,5,1059,10,706,-11,76,11,60,,,0,
2022-02-22 13:16:01,0.3,13955846,0.5,1319675,1,198163,2,119039,5,3179,10,706,-11,77,11,60,,,0,
2022-02-22 13:17:01,0.3,14305545,0.5,1391027,1,203814,2,116213,5,2119,10,2119,-11,74,11,60,,,0,
2022-02-22 13:18:01,0.3,14351112,0.5,1408336,1,199929,2,118332,5,4592,10,2472,-12,75,11,60,,,0,
2022-02-22 13:19:01,0.3,13344401,0.5,1317202,1,191805,2,115860,5,5298,10,1059,-12,78,11,60,,,0,
2022-02-22 13:20:01,0.3,13764747,0.5,1287530,1,195690,2,112327,5,3179,10,1766,-12,77,11,60,,,0,
2022-02-22 13:21:01,0.3,13790886,0.5,1362416,1,191098,2,137407,5,9537,10,6358,-12,76,11,60,,,0,
2022-02-22 13:22:01,0.3,14233839,0.5,1381843,1,193924,2,123277,5,4945,10,353,-12,78,11,60,,,0,
2022-02-22 13:23:01,0.3,14014129,0.5,1349699,1,209819,2,145178,5,8830,10,4238,-11,78,11,60,,,0,
2022-02-22 13:24:01,0.3,13846344,0.5,1322854,1,202048,2,131755,5,5651,10,2472,-11,77,11,60,,,0,
2022-02-22 13:25:01,0.3,14298834,0.5,1402331,1,191098,2,134228,5,2472,10,0,-11,76,11,60,,,0,
2022-02-22 13:26:01,0.3,14563051,0.5,1386435,1,199929,2,118685,5,3179,10,706,-11,77,11,60,,,0,
2022-02-22 13:27:01,0.3,14581420,0.5,1395973,1,202755,2,138113,5,4238,10,0,-11,76,11,60,,,0,
2022-02-22 13:28:01,0.3,14197103,0.5,1351819,1,200989,2,132462,5,5298,10,353,-11,75,11,60,,,0,
2022-02-22 13:29:01,0.3,14292122,0.5,1363475,1,191098,2,135641,5,2472,10,1412,-11,75,11,60,,,0,
2022-02-22 13:30:01,0.3,13891204,0.5,1340868,1,204168,2,136700,5,1412,10,1412,-11,76,11,60,,,0,
2022-02-22 13:31:01,0.3,13898975,0.5,1353938,1,194630,2,122218,5,4238,10,706,-11,77,11,60,,,0,
2022-02-22 13:32:01,0.3,14812787,0.5,1417167,1,202048,2,124337,5,2119,10,706,-11,75,11,60,,,0,
2022-02-22 13:33:01,0.3,14841398,0.5,1410102,1,185800,2,117273,5,3885,10,2472,-10,73,11,60,,,0,
2022-02-22 13:34:01,0.3,15165312,0.5,1462027,1,204168,2,122571,5,4592,10,353,-10,71,11,60,,,0,
2022-02-22 13:35:01,0.3,14162486,0.5,1329565,1,199576,2,109855,5,4945,10,1059,-11,74,11,60,,,0,
2022-02-22 13:36:01,0.3,14412221,0.5,1367361,1,178028,2,113034,5,2825,10,0,-11,74,11,60,,,0,
2022-02-22 13:37:01,0.3,14154362,0.5,1362769,1,187566,2,127163,5,3532,10,0,-10,73,11,60,,,0,
2022-02-22 13:38:01,0.3,13753444,0.5,1347227,1,195337,2,114800,5,3532,10,2119,-11,73,11,60,,,0,
2022-02-22 13:39:01,0.3,14329565,0.5,1364888,1,178382,2,118332,5,5298,10,3532,-10,73,11,60,,,0,
2022-02-22 13:40:01,0.3,13884139,0.5,1321441,1,190038,2,128223,5,6711,10,1412,-10,70,11,60,,,0,
2022-02-22 13:41:01,0.3,14399152,0.5,1373013,1,195690,2,110561,5,4238,10,353,-10,69,11,60,,,0,
2022-02-22 13:42:01,0.3,14393853,0.5,1381490,1,189332,2,101377,5,2472,10,706,-10,72,11,60,,,0,
2022-02-22 13:43:01,0.3,14518897,0.5,1376898,1,186859,2,113387,5,3885,10,0,-10,71,11,60,,,0,
2022-02-22 13:44:01,0.3,14259625,0.5,1408689,1,198869,2,109501,5,2119,10,353,-11,72,11,60,,,0,
2022-02-22 13:45:01,0.3,14039208,0.5,1361356,1,191451,2,105616,5,2825,10,706,-11,71,11,60,,,0,
2022-02-22 13:46:01,0.3,14783822,0.5,1420346,1,195337,2,109501,5,3532,10,0,-11,72,11,60,,,0,
2022-02-22 13:47:01,0.3,15130695,0.5,1476156,1,215824,2,118332,5,2472,10,706,-11,72,11,60,,,0,
2022-02-22 13:48:01,0.3,15294595,0.5,1526315,1,197809,2,119392,5,2825,10,353,-10,69,11,60,,,0,
2022-02-22 13:49:01,0.3,14789826,0.5,1447545,1,211939,2,95019,5,1412,10,353,-11,72,11,60,,,0,
2022-02-22 13:50:01,0.3,14862592,0.5,1436948,1,188979,2,107029,5,3532,10,1059,-11,72,11,60,,,0,
2022-02-22 13:51:01,0.3,14887318,0.5,1476156,1,212645,2,113740,5,3885,10,353,-11,73,11,60,,,0,
2022-02-22 13:52:01,0.3,15006004,0.5,1481808,1,193924,2,124337,5,4592,10,0,-10,71,11,60,,,0,
2022-02-22 13:53:01,0.3,15159307,0.5,1437654,1,200282,2,108089,5,2472,10,1059,-11,72,11,60,,,0,
2022-02-22 13:54:01,0.3,14523136,0.5,1398092,1,211586,2,115506,5,5298,10,353,-10,72,11,60,,,0,
2022-02-22 13:55:01,0.3,14470858,0.5,1378664,1,210173,2,113034,5,1412,10,353,-9,70,11,60,,,0,
2022-02-22 13:56:01,0.3,13720946,0.5,1326033,1,181914,2,116566,5,4945,10,706,-10,66,11,60,,,0,
2022-02-22 13:57:01,0.3,14332744,0.5,1353938,1,201695,2,109855,5,4238,10,1412,-10,68,11,60,,,0,
2022-02-22 13:58:01,0.3,14044507,0.5,1341928,1,187213,2,109501,5,1766,10,1059,-11,71,11,60,,,0,
2022-02-22 13:59:01,0.3,14214765,0.5,1383610,1,207700,2,98551,5,2472,10,1059,-11,71,11,60,,,0,
2022-02-22 14:00:01,0.3,14097138,0.5,1341575,1,180501,2,104909,5,1766,10,706,-11,71,11,60,,,0,
2022-02-22 14:01:01,0.3,14338749,0.5,1374779,1,183680,2,110561,5,2472,10,706,-10,71,11,60,,,0,
2022-02-22 14:02:01,0.3,14129989,0.5,1364888,1,196397,2,98904,5,4592,10,706,-10,71,11,60,,,0,
2022-02-22 14:03:01,0.3,14422465,0.5,1378664,1,184033,2,109148,5,3179,10,706,-10,68,11,60,,,0,
2022-02-22 14:04:01,0.3,14201695,0.5,1364888,1,187566,2,114093,5,2825,10,353,-10,71,11,60,,,0,
2022-02-22 14:05:01,0.3,13402331,0.5,1282585,1,201342,2,120452,5,4592,10,2119,-10,68,11,60,,,0,
2022-02-22 14:06:01,0.3,13817025,0.5,1287884,1,196043,2,112327,5,4592,10,706,-10,69,11,60,,,0,
2022-02-22 14:07:01,0.3,13714588,0.5,1300600,1,184033,2,120452,5,3532,10,1059,-10,69,11,60,,,0,
2022-02-22 14:08:01,0.3,13703991,0.5,1275874,1,188625,2,118332,5,2825,10,1059,-11,70,11,60,,,0,
2022-02-22 14:09:01,0.3,13765453,0.5,1309784,1,192511,2,105616,5,2825,10,706,-10,70,11,60,,,0,
2022-02-22 14:10:01,0.3,13455316,0.5,1262451,1,187566,2,113034,5,4238,10,0,-10,70,11,60,,,0,
2022-02-22 14:11:01,0.3,13756623,0.5,1280819,1,188272,2,109855,5,3885,10,1766,-10,69,11,60,,,0,
2022-02-22 14:12:01,0.3,14161780,0.5,1364182,1,190038,2,119392,5,2119,10,353,-10,69,11,60,,,0,
2022-02-22 14:13:01,0.3,14026139,0.5,1321794,1,178382,2,116213,5,3532,10,706,-9,68,11,60,,,0,
2022-02-22 14:14:01,0.3,13819498,0.5,1333451,1,185446,2,115506,5,3532,10,2119,-10,68,11,60,,,0,
2022-02-22 14:15:01,0.3,13584599,0.5,1363475,1,177322,2,108795,5,1766,10,353,-10,71,11,60,,,0,
2022-02-22 14:16:01,0.3,13789473,0.5,1304132,1,178028,2,111268,5,5298,10,1059,-10,71,11,60,,,0,
2022-02-22 14:17:01,0.3,13870363,0.5,1375485,1,189332,2,118332,5,1412,10,0,-10,71,11,60,,,0,
2022-02-22 14:18:01,0.3,13604026,0.5,1291416,1,199222,2,124337,5,5298,10,1412,-9,67,11,60,,,0,
2022-02-22 14:19:01,0.3,13648887,0.5,1271635,1,181208,2,109855,5,1766,10,353,-10,70,11,60,,,0,
2022-02-22 14:20:01,0.3,14060755,0.5,1356057,1,197809,2,104909,5,2472,10,0,-10,70,11,60,,,0,
2022-02-22 14:21:01,0.3,13823737,0.5,1292122,1,197456,2,115506,5,3179,10,1059,-9,68,11,60,,,0,
2022-02-22 14:22:01,0.3,13959378,0.5,1307665,1,187566,2,110208,5,2472,10,1766,-9,67,11,60,,,0,
2022-02-22 14:23:01,0.3,13740021,0.5,1298127,1,186506,2,107382,5,3179,10,1059,-10,68,11,60,,,0,
2022-02-22 14:24:01,0.3,13752737,0.5,1284705,1,189685,2,110561,5,3179,10,1059,-9,68,11,60,,,0,
2022-02-22 14:25:01,0.3,13915224,0.5,1325679,1,203108,2,107382,5,3885,10,0,-10,70,11,60,,,0,
2022-02-22 14:26:01,0.3,13705051,0.5,1294948,1,172730,2,108089,5,1412,10,1412,-8,68,11,60,,,0,
2022-02-23 11:51:17,0.3,10162840,0.5,1160014,1,148004,2,64288,5,3885,10,1059,-12,56,11,60,,,0,
2022-02-23 11:52:17,0.3,10379724,0.5,1169904,1,150476,2,70646,5,1412,10,353,-12,56,11,60,,,0,
2022-02-23 11:53:17,0.3,10169904,0.5,1088661,1,151183,2,55810,5,1412,10,353,-12,55,11,60,,,0,
2022-02-23 11:54:17,0.3,9190392,0.5,1010950,1,126810,2,51218,5,1766,10,706,-12,55,11,60,,,0,
2022-02-23 11:55:17,0.3,9459908,0.5,1052984,1,145884,2,65701,5,0,10,1059,-12,55,11,60,,,0,
2022-02-23 11:56:17,0.3,8942070,0.5,988343,1,139173,2,53691,5,2472,10,353,-12,55,11,60,,,0,
2022-02-23 11:57:17,0.3,9074532,0.5,997527,1,139526,2,73472,5,2119,10,706,-12,56,11,60,,,0,
2022-02-23 11:58:17,0.3,9019781,0.5,980925,1,129989,2,63935,5,2119,10,353,-12,58,11,60,,,0,
2022-02-23 11:59:17,0.3,9577887,0.5,1073825,1,151889,2,63581,5,2119,10,706,-13,57,11,60,,,0,
2022-02-23 12:00:17,0.3,9653126,0.5,1063228,1,142352,2,67820,5,3532,10,706,-12,57,11,60,,,0,
2022-02-23 12:01:17,0.3,9562698,0.5,1079477,1,144825,2,69939,5,3532,10,353,-12,56,11,60,,,0,
2022-02-23 12:02:17,0.3,9511127,0.5,1074178,1,132815,2,69939,5,5298,10,353,-12,55,11,60,,,0,
2022-02-23 12:03:17,0.3,9926881,0.5,1164959,1,152243,2,61109,5,5298,10,0,-12,54,11,60,,,0,
2022-02-23 12:04:17,0.3,9541858,0.5,1127870,1,145531,2,65701,5,3179,10,353,-13,56,11,60,,,0,
2022-02-23 12:05:17,0.3,10351819,0.5,1182621,1,152949,2,67114,5,3532,10,706,-12,58,11,60,,,0,
2022-02-23 12:06:17,0.3,10199576,0.5,1186153,1,157188,2,69233,5,1766,10,353,-12,55,11,60,,,0,
2022-02-23 12:07:17,0.3,9760508,0.5,1118686,1,143765,2,74885,5,2825,10,0,-12,55,11,60,,,0,
2022-02-23 12:08:17,0.3,10065348,0.5,1159307,1,158247,2,64288,5,2825,10,1059,-12,55,11,60,,,0,
2022-02-23 12:09:17,0.3,10113387,0.5,1197809,1,146944,2,68880,5,1766,10,353,-12,54,11,60,,,0,
2022-02-23 12:10:17,0.3,9217944,0.5,1064641,1,152243,2,71352,5,2472,10,706,-11,53,11,60,,,0,
2022-02-23 12:11:17,0.3,10204521,0.5,1209466,1,156835,2,75591,5,2472,10,353,-11,52,11,60,,,0,
2022-02-23 12:12:17,0.3,10046980,0.5,1219357,1,162486,2,66407,5,3532,10,353,-12,53,11,60,,,0,
2022-02-23 12:13:17,0.3,10506534,0.5,1265983,1,175556,2,80890,5,3179,10,0,-11,52,11,60,,,0,
2022-02-23 12:14:17,0.3,10190039,0.5,1269516,1,171317,2,67820,5,2119,10,353,-12,52,11,60,,,0,
2022-02-23 12:15:17,0.3,10516778,0.5,1248322,1,160720,2,64288,5,3179,10,353,-12,54,11,60,,,0,
2022-02-23 12:16:17,0.3,9788060,0.5,1099258,1,147297,2,59696,5,1766,10,0,-11,52,11,60,,,0,
2022-02-23 12:17:17,0.3,10277287,0.5,1146591,1,140586,2,64641,5,2119,10,0,-12,53,11,60,,,0,
2022-02-23 12:18:17,0.3,10487107,0.5,1163899,1,143765,2,64641,5,2119,10,706,-11,52,11,60,,,0,
2022-02-23 12:19:17,0.3,9682091,0.5,1057930,1,133168,2,62875,5,3179,10,353,-10,48,11,60,,,0,
2022-02-23 12:20:17,0.3,9587425,0.5,1072765,1,142705,2,62875,5,1412,10,0,-11,50,11,60,,,0,
2022-02-23 12:21:17,0.3,9472624,0.5,1048392,1,125750,2,60402,5,4238,10,0,-11,50,11,60,,,0,
2022-02-23 12:22:17,0.3,9870010,0.5,1129282,1,149063,2,61815,5,3532,10,706,-11,51,11,60,,,0,
2022-02-23 12:23:17,0.3,10077358,0.5,1146238,1,146238,2,59342,5,2119,10,0,-11,52,11,60,,,0,
2022-02-23 12:24:17,0.3,9324973,0.5,1020134,1,131402,2,57930,5,706,10,0,-11,50,11,60,,,0,
2022-02-23 12:25:17,0.3,9229601,0.5,993641,1,128576,2,63228,5,2472,10,1059,-10,50,11,60,,,0,
2022-02-23 12:26:17,0.3,9849170,0.5,1074531,1,137054,2,69586,5,1766,10,1059,-10,50,11,60,,,0,
2022-02-23 12:27:17,0.3,8822324,0.5,983044,1,118332,2,56163,5,2119,10,706,-10,49,11,60,,,0,
2022-02-23 12:28:17,0.3,8662663,0.5,931472,1,129989,2,58989,5,3885,10,0,-10,51,11,60,,,0,
2022-02-23 12:29:17,0.3,9817732,0.5,1034969,1,138113,2,58636,5,2119,10,353,-11,50,11,60,,,0,
2022-02-23 12:30:17,0.3,9487460,0.5,1029318,1,142352,2,56517,5,2472,10,0,-10,49,11,60,,,0,
2022-02-23 12:31:17,0.3,9528082,0.5,1024019,1,141292,2,56517,5,3532,10,1059,-10,49,11,60,,,0,
2022-02-23 12:32:17,0.3,9014129,0.5,983044,1,142705,2,60402,5,1766,10,1059,-10,49,11,60,,,0,
2022-02-23 12:33:17,0.3,9862592,0.5,1074178,1,146944,2,69939,5,2472,10,706,-9,45,11,60,,,0,
2022-02-23 12:34:17,0.3,10688449,0.5,1197456,1,151183,2,79477,5,5651,10,706,-9,43,11,60,,,0,
2022-02-23 12:35:17,0.3,10465913,0.5,1182974,1,146591,2,65701,5,4592,10,1412,-9,43,11,60,,,0,
2022-02-23 12:36:17,0.3,11563758,0.5,1310137,1,152949,2,75944,5,4238,10,1412,-8,39,11,60,,,0,
2022-02-23 12:37:17,0.3,11049805,0.5,1267749,1,169198,2,74178,5,2119,10,706,-7,38,11,60,,,0,
2022-02-23 12:38:17,0.3,9408689,0.5,1046626,1,140233,2,54044,5,2825,10,1059,-8,42,11,60,,,0,
2022-02-23 12:39:17,0.3,10239138,0.5,1167078,1,147297,2,55104,5,2825,10,2825,-9,44,11,60,,,0,
2022-02-23 12:40:17,0.3,11539032,0.5,1345460,1,180148,2,74885,5,3532,10,0,-8,41,11,60,,,0,
2022-02-23 12:41:17,0.3,10497350,0.5,1232426,1,169904,2,56870,5,2472,10,706,-8,41,11,60,,,0,
2022-02-23 12:42:17,0.3,11080537,0.5,1316849,1,173790,2,63228,5,3532,10,1412,-7,40,11,60,,,0,
2022-02-23 12:43:17,0.3,10648534,0.5,1213352,1,173083,2,65347,5,2472,10,353,-8,40,11,60,,,0,
2022-02-23 12:44:17,0.3,10728717,0.5,1260685,1,163193,2,64994,5,2472,10,1059,-8,41,11,60,,,0,
2022-02-23 12:45:17,0.3,11630166,0.5,1384316,1,180854,2,75238,5,3885,10,1766,-7,38,11,60,,,0,
2022-02-23 12:46:17,0.3,11494878,0.5,1397386,1,177322,2,61815,5,3179,10,1412,-6,34,11,60,,,0,
2022-02-23 12:47:17,0.3,11541151,0.5,1360649,1,187919,2,68527,5,4238,10,706,-5,32,11,60,,,0,
2022-02-23 12:48:17,0.3,11511480,0.5,1361356,1,188979,2,62875,5,3179,10,1059,-6,35,11,60,,,0,
2022-02-23 12:49:17,0.3,10755563,0.5,1251148,1,164252,2,61109,5,2825,10,1412,-7,40,11,60,,,0,
2022-02-23 12:50:17,0.3,10568350,0.5,1220063,1,166725,2,56163,5,5651,10,1766,-7,39,11,60,,,0,
2022-02-23 12:51:17,0.3,11837160,0.5,1371953,1,167785,2,66054,5,2825,10,1766,-7,37,11,60,,,0,
2022-02-23 12:52:17,0.3,11662663,0.5,1357470,1,186153,2,66760,5,3532,10,2119,-7,38,11,60,,,0,
2022-02-23 12:53:17,0.3,10691981,0.5,1272695,1,163546,2,55104,5,3532,10,353,-6,37,11,60,,,0,
2022-02-23 12:54:17,0.3,11027905,0.5,1295655,1,175556,2,58636,5,5298,10,706,-6,37,11,60,,,0,
2022-02-23 12:55:17,0.3,11522783,0.5,1347933,1,175556,2,60755,5,3532,10,1059,-4,34,11,60,,,0,
2022-02-23 12:56:17,0.3,12849876,0.5,1484987,1,196397,2,66054,5,2825,10,2119,-4,32,11,60,,,0,
2022-02-23 12:57:17,0.3,12373719,0.5,1434828,1,172730,2,58283,5,3532,10,1059,-8,34,11,60,,,0,
2022-02-23 12:58:17,0.3,12861886,0.5,1500176,1,194630,2,68173,5,3532,10,2119,-7,38,11,60,,,0,
2022-02-23 12:59:17,0.3,11776050,0.5,1330272,1,178028,2,63228,5,2119,10,1766,-6,38,11,60,,,0,
2022-02-23 13:00:17,0.3,12897562,0.5,1475450,1,195337,2,69586,5,4945,10,1059,-6,36,11,60,,,0,
2022-02-23 13:01:17,0.3,13367361,0.5,1515365,1,191098,2,76298,5,3885,10,1766,-6,35,11,60,,,0,
2022-02-23 13:02:17,0.3,13043800,0.5,1525962,1,198869,2,64641,5,2825,10,706,-8,36,11,60,,,0,
2022-02-23 13:03:17,0.3,14133168,0.5,1622041,1,209113,2,71352,5,2472,10,353,-7,40,11,60,,,0,
2022-02-23 13:04:17,0.3,13593076,0.5,1561285,1,197456,2,76651,5,2825,10,1059,-7,40,11,60,,,0,
2022-02-23 13:05:17,0.3,14185446,0.5,1637937,1,229954,2,82656,5,4945,10,706,-7,39,11,60,,,0,
2022-02-23 13:06:17,0.3,14205227,0.5,1575768,1,215471,2,75591,5,2825,10,1766,-6,39,11,60,,,0,
2022-02-23 13:07:17,0.3,13857647,0.5,1549629,1,215824,2,81949,5,4238,10,706,-6,40,11,60,,,0,
2022-02-23 13:08:17,0.3,14016955,0.5,1589191,1,206993,2,83716,5,4238,10,1412,-6,38,11,60,,,0,
2022-02-23 13:09:17,0.3,13767926,0.5,1529494,1,214411,2,77004,5,4238,10,706,-7,39,11,60,,,0,
2022-02-23 13:10:17,0.3,13908512,0.5,1533027,1,209466,2,96432,5,5298,10,1059,-5,39,11,60,,,0,
2022-02-23 13:11:17,0.3,14190392,0.5,1590250,1,218650,2,91487,5,3532,10,1766,-6,39,11,60,,,0,
2022-02-23 13:12:17,0.3,14501589,0.5,1613564,1,228894,2,111268,5,6358,10,2825,-7,40,11,60,,,0,
2022-02-23 13:13:17,0.3,14420699,0.5,1616389,1,228894,2,111268,5,8477,10,1412,-7,42,11,60,,,0,
2022-02-23 13:14:17,0.3,13922289,0.5,1509007,1,203461,2,89014,5,4945,10,2119,-7,42,11,60,,,0,
2022-02-23 13:15:17,0.3,14317202,0.5,1608618,1,208406,2,100671,5,6711,10,2119,-6,42,11,60,,,0,
2022-02-23 13:16:17,0.3,14505828,0.5,1602260,1,227481,2,122218,5,8124,10,1766,-7,43,11,60,,,0,
2022-02-23 13:17:17,0.3,14177675,0.5,1557046,1,231013,2,118685,5,5298,10,3179,-8,42,11,60,,,0,
2022-02-23 13:18:17,0.3,14351819,0.5,1596255,1,226774,2,109501,5,6711,10,706,-7,47,11,60,,,0,
2022-02-23 13:19:17,0.3,14070646,0.5,1560932,1,218297,2,96079,5,5298,10,2472,-7,44,11,60,,,0,
2022-02-23 13:20:17,0.3,14584952,0.5,1645708,1,236665,2,110914,5,3885,10,3179,-8,45,11,60,,,0,
2022-02-23 13:21:17,0.3,14356764,0.5,1555634,1,222536,2,111621,5,6358,10,2825,-7,43,11,60,,,0,
2022-02-23 13:22:17,0.3,14394913,0.5,1654539,1,214058,2,118332,5,7417,10,2119,-7,44,11,60,,,0,
2022-02-23 13:23:17,0.3,14933592,0.5,1710349,1,228187,2,103850,5,6358,10,706,-8,46,11,60,,,0,
2022-02-23 13:24:17,0.3,15090074,0.5,1649947,1,239491,2,101730,5,4238,10,1059,-10,47,11,60,,,0,
2022-02-23 13:25:17,0.3,14617096,0.5,1608265,1,223242,2,99611,5,6004,10,706,-9,47,11,60,,,0,
2022-02-23 13:26:17,0.3,14620275,0.5,1637230,1,235959,2,104203,5,6711,10,1766,-7,48,11,60,,,0,
2022-02-23 13:27:17,0.3,14622394,0.5,1667255,1,228187,2,115860,5,3885,10,1766,-8,47,11,60,,,0,
2022-02-23 13:28:17,0.3,14377958,0.5,1629459,1,216178,2,113740,5,5651,10,706,-7,45,11,60,,,0,
2022-02-23 13:29:17,0.3,15093959,0.5,1737548,1,246202,2,102084,5,6358,10,706,-8,46,11,60,,,0,
2022-02-23 13:30:17,0.3,14514305,0.5,1627340,1,211939,2,131402,5,9537,10,2119,-8,46,11,60,,,0,
2022-02-25 13:58:29,0.3,2119,0.5,0,1,0,2,0,5,0,10,0,,,10,60,,,0,
2022-02-25 14:00:02,0.3,353,0.5,0,1,0,2,0,5,0,10,0,,,10,60,,,0,
2022-02-25 14:08:24,0.3,33130342,0.5,1915930,1,155068,2,52631,5,1412,10,353,-7,62,11,60,,,0,
2022-02-25 14:09:24,0.3,38324264,0.5,2759802,1,311550,2,131402,5,2472,10,353,-7,65,11,60,,,0,
2022-02-25 14:10:24,0.3,38074532,0.5,2350053,1,175909,2,69939,5,1766,10,353,-8,65,11,60,,,0,
2022-02-25 14:11:24,0.3,44575060,0.5,2909572,1,203461,2,82656,5,1412,10,0,-8,72,11,60,,,0,
2022-02-25 14:12:24,0.3,39343340,0.5,2558106,1,187213,2,73825,5,2825,10,353,-8,71,11,60,,,0,
2022-02-25 14:13:24,0.3,41459552,0.5,2746379,1,193571,2,85128,5,4592,10,1412,-7,69,11,60,,,0,
2022-02-25 14:14:24,0.3,44403744,0.5,2989049,1,229954,2,97138,5,2825,10,0,-7,68,11,60,,,0,
2022-02-25 14:15:24,0.3,41904628,0.5,2705757,1,198163,2,82303,5,3179,10,353,-6,66,11,60,,,0,
2022-02-25 14:16:24,0.3,41661248,0.5,2730130,1,185800,2,77357,5,3532,10,706,-7,64,11,60,,,0,
2022-02-25 14:17:24,0.3,38454608,0.5,2465559,1,187566,2,76298,5,4592,10,353,-7,64,11,60,,,0,
2022-02-25 14:18:24,0.3,39703284,0.5,2523136,1,194984,2,76298,5,1766,10,0,-7,67,11,60,,,0,
2022-02-25 14:19:24,0.3,42624160,0.5,2705404,1,198163,2,81949,5,3179,10,0,-7,67,11,60,,,0,
2022-02-25 14:20:24,0.3,41042388,0.5,2627340,1,203108,2,73825,5,3179,10,0,-7,67,11,60,,,0,
2022-02-25 14:21:24,0.3,41881312,0.5,2718120,1,217237,2,82656,5,3532,10,0,-6,64,11,60,,,0,
2022-02-25 14:22:24,0.3,43714232,0.5,2872130,1,194984,2,86188,5,2119,10,353,-7,67,11,60,,,0,
2022-02-25 14:23:24,0.3,45328152,0.5,2959378,1,228187,2,79830,5,2119,10,353,-8,66,11,60,,,0,
2022-02-25 14:24:24,0.3,44950192,0.5,2902861,1,221476,2,95372,5,1766,10,0,-7,69,11,60,,,0,
2022-02-25 14:25:24,0.3,38143056,0.5,2438714,1,186506,2,94312,5,5651,10,706,-6,65,11,60,,,0,
2022-02-25 14:26:24,0.3,41541856,0.5,2611797,1,184033,2,131755,5,8830,10,3885,-6,64,11,60,,,0,
2022-02-25 14:27:24,0.3,40375132,0.5,2614270,1,200282,2,99258,5,5651,10,353,-7,65,11,60,,,0,
2022-02-25 14:28:24,0.3,39297772,0.5,2538678,1,189685,2,95372,5,2472,10,0,-7,66,11,60,,,0,
2022-02-25 14:29:24,0.3,37473328,0.5,2342988,1,179795,2,93606,5,4592,10,353,-7,66,11,60,,,0,
2022-02-25 14:30:24,0.3,36829388,0.5,2335923,1,191098,2,90427,5,2472,10,1412,-7,67,11,60,,,0,
2022-02-25 14:31:24,0.3,37377956,0.5,2351819,1,179441,2,89014,5,3532,10,1059,-5,61,11,60,,,0,
2022-02-25 14:32:24,0.3,31394206,0.5,1935358,1,167078,2,81596,5,2825,10,0,-5,58,11,60,,,0,
2022-02-25 14:33:24,0.3,31510772,0.5,1927587,1,167785,2,68880,5,1412,10,353,-7,64,11,60,,,0,
2022-02-25 14:34:24,0.3,28210172,0.5,1734722,1,150476,2,70293,5,2119,10,353,-8,64,11,60,,,0,
2022-02-25 14:35:24,0.3,30114446,0.5,1842811,1,155068,2,71352,5,1059,10,353,-8,66,11,60,,,0,
2022-02-25 14:36:24,0.3,27618156,0.5,1681384,1,149063,2,74178,5,353,10,0,-7,66,11,60,,,0,
2022-02-25 14:37:24,0.3,25703638,0.5,1558813,1,140939,2,66054,5,706,10,353,-8,65,11,60,,,0,
2022-02-25 14:38:24,0.3,28806428,0.5,1794418,1,156835,2,67114,5,2119,10,0,-8,67,11,60,,,0,
2022-02-25 14:39:24,0.3,26257858,0.5,1555987,1,131402,2,62522,5,3179,10,0,-8,66,11,60,,,0,
2022-02-25 14:40:24,0.3,26450016,0.5,1597315,1,148357,2,60049,5,2119,10,353,-7,66,11,60,,,0,
2022-02-25 14:41:24,0.3,23861180,0.5,1499116,1,133874,2,52984,5,2472,10,353,-6,57,11,60,,,0,
2022-02-25 14:42:24,0.3,23330978,0.5,1421405,1,140586,2,63228,5,2825,10,353,-5,56,11,60,,,0,
2022-02-25 14:43:24,0.3,20274814,0.5,1202755,1,116919,2,49805,5,1059,10,353,-7,55,11,60,,,0,
2022-02-25 14:44:24,0.3,23604380,0.5,1396326,1,135641,2,66054,5,1059,10,353,-8,60,11,60,,,0,
2022-02-25 14:45:24,0.3,23957612,0.5,1433415,1,127163,2,54397,5,3532,10,0,-8,63,11,60,,,0,
2022-02-25 14:46:24,0.3,24383962,0.5,1475097,1,139526,2,63935,5,353,10,0,-8,62,11,60,,,0,
2022-02-25 14:47:24,0.3,23524196,0.5,1389968,1,119039,2,61462,5,3179,10,353,-7,62,11,60,,,0,
2022-02-25 14:48:24,0.3,22916990,0.5,1376898,1,115860,2,69939,5,2119,10,353,-8,62,11,60,,,0,
2022-02-25 14:49:24,0.3,25129636,0.5,1551395,1,130695,2,62875,5,1766,10,353,-7,57,11,60,,,0,
2022-02-25 14:50:24,0.3,23691628,0.5,1397386,1,132462,2,62168,5,2119,10,353,-7,61,11,60,,,0,
2022-02-25 14:51:24,0.3,23334510,0.5,1412928,1,124337,2,65701,5,2472,10,353,-7,61,11,60,,,0,
2022-02-25 14:52:24,0.3,21649594,0.5,1277287,1,109501,2,52278,5,1766,10,353,-7,61,11,60,,,0,
2022-02-25 14:53:24,0.3,21839986,0.5,1331684,1,114800,2,51571,5,706,10,0,-7,58,11,60,,,0,
2022-02-25 14:54:24,0.3,23179088,0.5,1395619,1,123277,2,60402,5,1766,10,0,-7,59,11,60,,,0,
2022-02-25 14:55:24,0.3,23256446,0.5,1394560,1,117979,2,59696,5,1412,10,0,-6,57,11,60,,,0,
2022-02-25 14:56:24,0.3,26365948,0.5,1565171,1,134934,2,61109,5,4592,10,706,-5,59,11,60,,,0,
2022-02-25 14:57:24,0.3,25264216,0.5,1533733,1,118332,2,59696,5,2119,10,0,-6,58,11,60,,,0,
2022-02-25 14:58:24,0.3,26262450,0.5,1601907,1,135641,2,60755,5,2119,10,353,-7,60,11,60,,,0,
2022-02-25 14:59:24,0.3,27021900,0.5,1664429,1,133521,2,56517,5,1059,10,353,-6,60,11,60,,,0,
2022-02-25 15:00:24,0.3,24942776,0.5,1565524,1,134581,2,48039,5,1412,10,353,-7,60,11,60,,,0,
2022-02-25 15:01:24,0.3,25945248,0.5,1579300,1,137407,2,50158,5,1766,10,353,-6,59,11,60,,,0,
2022-02-25 15:02:24,0.3,29565170,0.5,1768986,1,142705,2,62168,5,3532,10,353,-6,58,11,60,,,0,
2022-02-25 15:03:24,0.3,24650652,0.5,1470858,1,131755,2,53338,5,2472,10,0,-7,58,11,60,,,0,
2022-02-25 15:04:24,0.3,25980924,0.5,1576121,1,124337,2,58636,5,2825,10,706,-6,59,11,60,,,0,
2022-02-25 15:05:24,0.3,24379018,0.5,1506534,1,117626,2,53338,5,1766,10,353,-6,58,11,60,,,0,
2022-02-25 15:06:24,0.3,25502648,0.5,1584599,1,125750,2,56870,5,3179,10,0,-6,58,11,60,,,0,
2022-02-25 15:07:24,0.3,25284352,0.5,1541504,1,131755,2,54750,5,1412,10,0,-6,57,11,60,,,0,
2022-02-25 15:08:24,0.3,27236664,0.5,1692688,1,140939,2,69233,5,2472,10,353,-5,56,11,60,,,0,
2022-02-25 15:09:24,0.3,24750970,0.5,1559519,1,124337,2,55457,5,1412,10,1059,-6,55,11,60,,,0,
2022-02-25 15:10:24,0.3,25115152,0.5,1522077,1,127870,2,59696,5,4592,10,353,-5,54,11,60,,,0,
2022-02-25 15:11:24,0.3,25876014,0.5,1595196,1,137407,2,52984,5,2472,10,353,-4,51,11,60,,,0,
2022-02-25 15:12:24,0.3,25391380,0.5,1595549,1,122571,2,57576,5,1059,10,1059,-6,54,11,60,,,0,
2022-02-25 15:13:24,0.3,23104202,0.5,1388908,1,120452,2,55104,5,2119,10,706,-6,56,11,60,,,0,
2022-02-25 15:14:24,0.3,26443306,0.5,1640056,1,139879,2,68880,5,5298,10,706,-4,60,11,60,,,0,
2022-02-25 15:15:24,0.3,24739668,0.5,1563051,1,132108,2,83362,5,2825,10,1059,-4,53,11,60,,,0,
2022-02-25 15:16:24,0.3,21794772,0.5,1336983,1,132462,2,97138,5,5651,10,706,-6,52,11,60,,,0,
2022-02-25 15:17:24,0.3,25100670,0.5,1565171,1,155775,2,98551,5,6358,10,1059,-6,55,11,60,,,0,
2022-02-25 15:18:24,0.3,22788060,0.5,1403391,1,127163,2,72412,5,2472,10,0,-6,55,11,60,,,0,
2022-02-25 15:19:24,0.3,24993642,0.5,1481808,1,143058,2,75591,5,3179,10,353,-5,55,11,60,,,0,
2022-02-25 15:20:24,0.3,23727658,0.5,1453549,1,136700,2,57930,5,3179,10,0,-6,55,11,60,,,0,
2022-02-25 15:21:24,0.3,24362768,0.5,1456022,1,126810,2,65347,5,3179,10,353,-7,57,11,60,,,0,
2022-02-25 15:22:24,0.3,20387142,0.5,1260332,1,119745,2,55810,5,5298,10,706,-7,56,11,60,,,0,
2022-02-25 15:23:24,0.3,24944542,0.5,1509360,1,125397,2,63228,5,1766,10,353,-5,53,11,60,,,0,
2022-02-25 15:24:24,0.3,21338396,0.5,1280113,1,116919,2,56163,5,1412,10,1059,-6,52,11,60,,,0,
2022-02-25 15:25:24,0.3,22512892,0.5,1448957,1,138820,2,56163,5,1059,10,706,-8,58,11,60,,,0,
2022-02-25 15:26:24,0.3,23182620,0.5,1388555,1,131049,2,53691,5,1766,10,0,-8,62,11,60,,,0,
2022-02-25 15:27:24,0.3,20819850,0.5,1235959,1,125397,2,53691,5,1766,10,0,-7,61,11,60,,,0,
2022-02-25 15:28:24,0.3,21535852,0.5,1304839,1,128929,2,58989,5,1412,10,706,-7,59,11,60,,,0,
2022-02-25 15:29:24,0.3,25847756,0.5,1581420,1,144471,2,77357,5,1766,10,0,-6,56,11,60,,,0,
2022-02-25 15:30:24,0.3,24438006,0.5,1527728,1,137760,2,60049,5,3885,10,706,-6,55,11,60,,,0,
2022-02-25 15:31:24,0.3,23196750,0.5,1413988,1,141999,2,67467,5,3179,10,0,-7,58,11,60,,,0,
2022-02-25 15:32:24,0.3,22622394,0.5,1423525,1,134228,2,53338,5,2825,10,353,-6,59,11,60,,,0,
2022-02-25 15:33:24,0.3,21672554,0.5,1329212,1,122571,2,51218,5,1059,10,706,-7,58,11,60,,,0,
2022-02-25 15:34:24,0.3,23153656,0.5,1393853,1,119745,2,51218,5,1766,10,0,-7,59,11,60,,,0,
2022-02-25 15:35:24,0.3,23775344,0.5,1478982,1,138113,2,57930,5,706,10,353,-6,56,11,60,,,0,
2022-02-25 15:36:24,0.3,20942776,0.5,1314023,1,119392,2,50158,5,1059,10,706,-7,59,11,60,,,0,
2022-02-25 15:37:24,0.3,24043800,0.5,1488519,1,134228,2,61462,5,1059,10,353,-8,59,11,60,,,0,
2022-02-25 15:38:24,0.3,20677498,0.5,1251854,1,105616,2,56517,5,353,10,0,-7,61,11,60,,,0,
2022-02-25 15:39:24,0.3,24094666,0.5,1464500,1,141292,2,61815,5,1412,10,1059,-8,59,11,60,,,0,
2022-02-25 15:40:24,0.3,25464146,0.5,1567997,1,146944,2,57930,5,1059,10,0,-6,60,11,60,,,0,
2022-02-25 15:41:24,0.3,26916990,0.5,1634758,1,140939,2,64994,5,353,10,706,-6,55,11,60,,,0,
2022-02-25 15:42:24,0.3,25610738,0.5,1625574,1,151183,2,70999,5,1412,10,1059,-7,55,11,60,,,0,
2022-02-25 15:43:24,0.3,23005650,0.5,1403391,1,126103,2,57930,5,706,10,353,-7,58,11,60,,,0,
2022-02-25 15:44:24,0.3,24168138,0.5,1455316,1,131049,2,58283,5,2119,10,353,-6,59,11,60,,,0,
2022-02-25 15:45:24,0.3,25326032,0.5,1539385,1,137054,2,61815,5,2119,10,353,-5,53,11,60,,,0,
2022-02-25 15:46:24,0.3,27102084,0.5,1636524,1,153302,2,88661,5,6711,10,1412,-5,53,11,60,,,0,
2022-02-25 15:47:24,0.3,26516778,0.5,1656305,1,170964,2,108442,5,8477,10,3179,-5,51,11,60,,,0,
2022-02-28 12:32:50,0.3,17486754,0.5,1288590,1,101377,2,56870,5,4238,10,3179,1,43,11,60,,,0,
2022-02-28 12:33:50,0.3,16321794,0.5,1204521,1,114093,2,47333,5,3885,10,706,1,42,11,60,,,0,
2022-02-28 12:34:50,0.3,16199222,0.5,1187566,1,113387,2,50512,5,2472,10,353,1,43,11,60,,,0,
2022-02-28 12:35:50,0.3,15749911,0.5,1129636,1,99964,2,53691,5,4238,10,706,1,42,11,60,,,0,
2022-02-28 12:36:50,0.3,16764747,0.5,1212998,1,108442,2,45566,5,3532,10,706,2,43,11,60,,,0,
2022-02-28 12:37:50,0.3,16596608,0.5,1130695,1,92546,2,37795,5,1059,10,706,1,41,11,60,,,0,
2022-02-28 12:38:50,0.3,16679265,0.5,1135287,1,97845,2,43094,5,2825,10,353,2,41,11,60,,,0,
2022-02-28 12:39:50,0.3,14582832,0.5,992582,1,80890,2,33557,5,706,10,353,0,42,11,60,,,0,
2022-02-28 12:40:50,0.3,17511832,0.5,1225362,1,109148,2,43094,5,3532,10,0,1,43,11,60,,,0,
2022-02-28 12:41:50,0.3,18565170,0.5,1364182,1,107735,2,54397,5,4945,10,706,2,41,11,60,,,0,
2022-02-28 12:42:50,0.3,18440480,0.5,1351465,1,126457,2,58283,5,2472,10,706,2,41,11,60,,,0,
2022-02-28 12:43:50,0.3,15703991,0.5,1086895,1,87601,2,43094,5,2472,10,1059,1,40,11,60,,,0,
2022-02-28 12:44:50,0.3,16161780,0.5,1067820,1,96079,2,29318,5,2119,10,0,1,42,11,60,,,0,
2022-02-28 12:45:50,0.3,17258212,0.5,1183680,1,103496,2,39208,5,2472,10,706,1,42,11,60,,,0,
2022-02-28 12:46:50,0.3,19630872,0.5,1416107,1,121865,2,69233,5,4238,10,1059,2,39,11,60,,,0,
2022-02-28 12:47:50,0.3,17762274,0.5,1233133,1,102790,2,50512,5,3532,10,353,2,40,11,60,,,0,
2022-02-28 12:48:50,0.3,14701872,0.5,998940,1,84422,2,32850,5,2119,10,353,1,42,11,60,,,0,
2022-02-28 12:49:50,0.3,16085482,0.5,1066760,1,90427,2,34263,5,1059,10,0,1,40,11,60,,,0,
2022-02-28 12:50:50,0.3,16041328,0.5,1101377,1,91840,2,36029,5,2472,10,0,1,43,11,60,,,0,
2022-02-28 12:51:50,0.3,17510774,0.5,1251854,1,93606,2,43094,5,2825,10,353,1,43,11,60,,,0,
2022-02-28 12:52:50,0.3,15237371,0.5,1062522,1,83362,2,37795,5,3179,10,353,1,41,11,60,,,0,
2022-02-28 12:53:50,0.3,15859060,0.5,1148357,1,105969,2,30024,5,2825,10,353,1,42,11,60,,,0,
2022-02-28 12:54:50,0.3,16681737,0.5,1169198,1,99964,2,38855,5,2472,10,0,0,43,11,60,,,0,
2022-02-28 12:55:50,0.3,17403744,0.5,1191451,1,109501,2,35676,5,1412,10,353,1,42,11,60,,,0,
2022-02-28 12:56:50,0.3,16675732,0.5,1194630,1,89367,2,38855,5,1059,10,353,1,42,11,60,,,0,
2022-02-28 12:57:50,0.3,18815966,0.5,1303073,1,108442,2,36382,5,2472,10,353,3,37,11,60,,,0,
2022-02-28 12:58:50,0.3,15635464,0.5,1063228,1,89014,2,32850,5,3532,10,353,2,38,11,60,,,0,
2022-02-28 12:59:50,0.3,19445426,0.5,1444719,1,128929,2,40974,5,4592,10,353,3,36,11,60,,,0,
2022-02-28 13:00:50,0.3,17152948,0.5,1302013,1,133168,2,46273,5,4945,10,0,2,37,11,60,,,0,
2022-02-28 13:01:50,0.3,15993995,0.5,1247615,1,135641,2,45566,5,1412,10,0,1,39,11,60,,,0,
2022-02-28 13:02:50,0.3,17572236,0.5,1464146,1,151889,2,49452,5,5651,10,1412,2,41,11,60,,,0,
2022-02-28 13:03:50,0.3,16878488,0.5,1357824,1,133521,2,54044,5,2472,10,1059,2,41,11,60,,,0,
2022-02-28 13:04:50,0.3,18804308,0.5,1509713,1,143765,2,61815,5,3885,10,706,3,39,11,60,,,0,
2022-02-28 13:05:50,0.3,18394206,0.5,1492758,1,133874,2,50865,5,2472,10,1412,3,39,11,60,,,0,
2022-02-28 13:06:50,0.3,18974920,0.5,1557400,1,150476,2,61462,5,2119,10,1412,3,41,11,60,,,0,
2022-02-28 13:07:50,0.3,19423878,0.5,1613917,1,153655,2,62522,5,3179,10,353,4,39,11,60,,,0,
2022-02-28 13:08:50,0.3,18382550,0.5,1610031,1,157894,2,55104,5,4945,10,353,2,39,11,60,,,0,
2022-02-28 13:09:50,0.3,18755562,0.5,1663723,1,167078,2,52278,5,4238,10,1059,2,41,11,60,,,0,
2022-02-28 13:10:50,0.3,17806782,0.5,1513952,1,149417,2,47333,5,2472,10,706,1,43,11,60,,,0,
2022-02-28 13:11:50,0.3,17021194,0.5,1454609,1,138466,2,39561,5,3179,10,0,1,44,11,60,,,0,
2022-02-28 13:12:50,0.3,15690568,0.5,1291063,1,124690,2,39561,5,2472,10,353,1,44,11,60,,,0,
2022-02-28 13:13:50,0.3,18113034,0.5,1417167,1,134228,2,51571,5,2825,10,0,1,43,11,60,,,0,
2022-02-28 13:14:50,0.3,17653478,0.5,1337689,1,127870,2,41681,5,2119,10,0,1,42,11,60,,,0,
2022-02-28 13:15:50,0.3,15048392,0.5,1149770,1,113034,2,36736,5,2472,10,1059,0,43,11,60,,,0,
2022-02-28 13:16:50,0.3,17263864,0.5,1339102,1,124690,2,43094,5,2472,10,0,1,43,11,60,,,0,
2022-02-28 13:17:50,0.3,17854114,0.5,1371600,1,117273,2,43094,5,706,10,353,2,42,11,60,,,0,
2022-02-28 13:18:50,0.3,18208054,0.5,1324267,1,131049,2,45213,5,3532,10,706,2,38,11,60,,,0,
2022-02-28 13:19:50,0.3,17638996,0.5,1184740,1,110914,2,37795,5,1766,10,353,2,39,11,60,,,0,
2022-02-28 13:20:50,0.3,16725538,0.5,1168844,1,85128,2,39915,5,2472,10,706,1,41,11,60,,,0,
2022-02-28 13:21:50,0.3,16046979,0.5,1076298,1,81596,2,32497,5,1766,10,353,1,42,11,60,,,0,
2022-02-28 13:22:50,0.3,15623454,0.5,1022253,1,80183,2,32144,5,2472,10,0,1,42,11,60,,,0,
2022-02-28 13:23:50,0.3,15799364,0.5,1082303,1,87248,2,30731,5,1059,10,706,0,45,11,60,,,0,
2022-02-28 13:24:50,0.3,16141999,0.5,1093606,1,91840,2,36382,5,2825,10,706,1,43,11,60,,,0,
2022-02-28 13:25:50,0.3,17437654,0.5,1225362,1,100671,2,39915,5,2825,10,706,1,42,11,60,,,0,
2022-02-28 13:26:50,0.3,19152242,0.5,1353232,1,104556,2,49452,5,3179,10,706,3,38,11,60,,,0,
2022-02-28 13:27:50,0.3,18327446,0.5,1189332,1,96432,2,42034,5,706,10,1059,3,36,11,60,,,0,
2022-02-28 13:28:50,0.3,17595902,0.5,1174849,1,86541,2,34616,5,1059,10,0,4,33,11,60,,,0,
2022-02-28 13:29:50,0.3,16595902,0.5,1066407,1,80183,2,38502,5,1412,10,706,3,35,11,60,,,0,
2022-02-28 13:30:50,0.3,15931826,0.5,1019074,1,78770,2,28965,5,1059,10,353,2,38,11,60,,,0,
2022-02-28 13:31:50,0.3,16875662,0.5,1102084,1,78770,2,33203,5,353,10,353,2,40,11,60,,,0,
2022-02-28 13:32:50,0.3,16718474,0.5,1137760,1,92546,2,34616,5,2472,10,706,1,40,11,60,,,0,
2022-02-28 13:33:50,0.3,15254327,0.5,1014129,1,82303,2,35323,5,2119,10,0,1,42,11,60,,,0,
2022-02-28 13:34:50,0.3,14472624,0.5,960438,1,73472,2,34263,5,706,10,706,0,42,11,60,,,0,
2022-02-28 13:35:50,0.3,16694454,0.5,1045920,1,77357,2,34969,5,353,10,1059,1,42,11,60,,,0,
2022-02-28 13:36:50,0.3,15782762,0.5,989403,1,70646,2,30024,5,2472,10,353,1,43,11,60,,,0,
2022-02-28 13:37:50,0.3,16613917,0.5,1054751,1,89014,2,34969,5,1766,10,706,2,41,11,60,,,0,
2022-02-28 13:38:50,0.3,17510420,0.5,1102084,1,76651,2,29318,5,1766,10,353,2,39,11,60,,,0,
2022-02-28 13:39:50,0.3,19022254,0.5,1205934,1,104203,2,38502,5,4238,10,353,4,34,11,60,,,0,
2022-02-28 13:40:50,0.3,20109502,0.5,1304132,1,95725,2,36029,5,1766,10,353,4,33,11,60,,,0,
2022-02-28 13:41:50,0.3,19224302,0.5,1255386,1,102790,2,40268,5,2825,10,1059,4,36,11,60,,,0,
2022-02-28 13:42:50,0.3,18529142,0.5,1199929,1,73472,2,41328,5,2119,10,0,2,39,11,60,,,0,
2022-02-28 13:43:50,0.3,18498764,0.5,1197103,1,91487,2,38149,5,706,10,1059,2,40,11,60,,,0,
2022-02-28 13:44:50,0.3,16739667,0.5,1108795,1,81243,2,29671,5,1766,10,706,1,41,11,60,,,0,
2022-02-28 13:45:50,0.3,19365594,0.5,1249028,1,101024,2,40621,5,2472,10,353,3,35,11,60,,,0,
2022-02-28 13:46:50,0.3,16884492,0.5,1089014,1,72059,2,28611,5,3532,10,706,3,37,11,60,,,0,
2022-02-28 13:47:50,0.3,20130342,0.5,1301660,1,92900,2,37795,5,2472,10,353,4,34,11,60,,,0,
2022-02-28 13:48:50,0.3,20077710,0.5,1237371,1,92900,2,39915,5,2472,10,0,6,32,11,60,,,0,
2022-02-28 13:49:50,0.3,21388202,0.5,1333804,1,87954,2,36029,5,1059,10,353,5,30,11,60,,,0,
2022-02-28 13:50:50,0.3,22129282,0.5,1362769,1,106676,2,42034,5,2825,10,0,6,29,11,60,,,0,
2022-02-28 13:51:50,0.3,21413988,0.5,1332038,1,101730,2,40268,5,2825,10,706,7,29,11,60,,,0,
2022-02-28 13:52:50,0.3,20555634,0.5,1279406,1,97845,2,37089,5,3179,10,353,7,27,11,60,,,0,
2022-02-28 13:53:50,0.3,18965736,0.5,1227128,1,89720,2,39561,5,1412,10,353,5,32,11,60,,,0,
2022-02-28 13:54:50,0.3,17456022,0.5,1083716,1,81243,2,26492,5,2119,10,353,5,34,11,60,,,0,
2022-02-28 13:55:50,0.3,16670434,0.5,1055457,1,94312,2,37089,5,706,10,0,4,35,11,60,,,0,
2022-02-28 13:56:50,0.3,16801836,0.5,1132462,1,82656,2,39915,5,2119,10,353,3,36,11,60,,,0,
2022-02-28 13:57:50,0.3,19107382,0.5,1308724,1,105969,2,41681,5,1059,10,0,3,37,11,60,,,0,
2022-02-28 13:58:50,0.3,17701518,0.5,1178028,1,91487,2,43094,5,4945,10,1059,3,36,11,60,,,0,
2022-02-28 13:59:50,0.3,16670434,0.5,1136347,1,91487,2,37795,5,1412,10,1059,3,37,11,60,,,0,
2022-02-28 14:00:50,0.3,18024372,0.5,1250088,1,84422,2,42034,5,1059,10,353,3,38,11,60,,,0,
2022-02-28 14:01:50,0.3,16855174,0.5,1163899,1,87954,2,38149,5,4238,10,706,3,38,11,60,,,0,
2022-02-28 14:02:50,0.3,17913104,0.5,1239491,1,91133,2,37442,5,4238,10,353,3,39,11,60,,,0,
2022-02-28 14:03:50,0.3,18417166,0.5,1234546,1,99611,2,42387,5,706,10,0,3,38,11,60,,,0,
2022-02-28 14:04:50,0.3,17352878,0.5,1183327,1,82656,2,36029,5,3532,10,706,3,39,11,60,,,0,
2022-02-28 14:05:50,0.3,16771458,0.5,1159307,1,89014,2,48392,5,5298,10,1059,3,37,11,60,,,0,
2022-02-28 14:06:50,0.3,17861180,0.5,1251501,1,92193,2,37089,5,3179,10,1059,3,36,11,60,,,0,
2022-02-28 14:07:50,0.3,19155068,0.5,1315436,1,96785,2,43800,5,3885,10,353,4,35,11,60,,,0,
2022-02-28 14:08:50,0.3,19140586,0.5,1239491,1,93606,2,41681,5,2472,10,706,5,32,11,60,,,0,
2022-02-28 14:09:50,0.3,17882726,0.5,1172377,1,91133,2,32497,5,2825,10,0,4,34,11,60,,,0,
2022-02-28 14:10:50,0.3,17644648,0.5,1137054,1,83716,2,36029,5,1412,10,1059,4,33,11,60,,,0,
2022-02-28 14:11:50,0.3,17238078,0.5,1105616,1,72765,2,32850,5,2119,10,0,4,34,11,60,,,0,
2022-03-02 12:10:08,0.3,26469798,0.5,2936771,1,134934,2,78770,5,3179,10,1412,13,31,11,60,,,0,
2022-03-02 12:11:08,0.3,24801130,0.5,2873896,1,141999,2,66760,5,4945,10,353,13,33,11,60,,,0,
2022-03-02 12:12:08,0.3,27280112,0.5,3240197,1,148357,2,80890,5,4945,10,1766,12,34,11,60,,,0,
2022-03-02 12:13:08,0.3,27745672,0.5,3299540,1,165665,2,100317,5,3885,10,353,13,37,11,60,,,0,
2022-03-02 12:14:08,0.3,24999292,0.5,2940657,1,166019,2,94666,5,4592,10,2472,14,33,11,60,,,0,
2022-03-02 12:15:08,0.3,26371246,0.5,3120805,1,165665,2,85128,5,7417,10,353,15,32,11,60,,,0,
2022-03-02 12:16:08,0.3,25691980,0.5,3107735,1,166372,2,92193,5,7771,10,1059,14,33,11,60,,,0,
2022-03-02 12:17:08,0.3,28811374,0.5,3510773,1,198163,2,101377,5,4945,10,2119,13,36,11,60,,,0,
2022-03-02 12:18:08,0.3,28033910,0.5,3419639,1,162839,2,101024,5,6711,10,0,12,36,11,60,,,0,
2022-03-02 12:19:08,0.3,26722006,0.5,3246909,1,161427,2,78417,5,6004,10,1059,11,38,11,60,,,0,
2022-03-02 12:20:08,0.3,28265630,0.5,3429883,1,169904,2,93253,5,7064,10,1766,10,40,11,60,,,0,
2022-03-02 12:21:08,0.3,29447544,0.5,3679265,1,175203,2,100671,5,8124,10,706,9,43,11,60,,,0,
2022-03-02 12:22:08,0.3,28606852,0.5,3519957,1,177322,2,100671,5,7064,10,3179,10,42,11,60,,,0,
2022-03-02 12:23:08,0.3,28078416,0.5,3454609,1,177322,2,81596,5,6004,10,1412,9,42,11,60,,,0,
2022-03-02 12:24:08,0.3,28595902,0.5,3526315,1,162839,2,91487,5,5298,10,706,9,43,11,60,,,0,
2022-03-02 12:25:08,0.3,29199928,0.5,3584952,1,158601,2,93253,5,6358,10,1059,9,43,11,60,,,0,
2022-03-02 12:26:08,0.3,29065348,0.5,3599434,1,300247,2,395619,5,45213,10,16601,10,43,11,60,,,0,
2022-03-02 12:27:08,0.3,28609678,0.5,3436594,1,160014,2,100671,5,14129,10,2119,11,41,11,60,,,0,
2022-03-02 12:28:08,0.3,27099610,0.5,3273048,1,161427,2,96785,5,5298,10,2119,11,39,11,60,,,0,
2022-03-02 12:29:08,0.3,27387848,0.5,3275874,1,138466,2,75591,5,6358,10,353,11,38,11,60,,,0,
2022-03-02 12:30:08,0.3,26394912,0.5,3127516,1,149770,2,84422,5,2825,10,1059,13,36,11,60,,,0,
2022-03-02 12:31:08,0.3,24171670,0.5,2799717,1,126457,2,77357,5,6004,10,2825,15,35,11,60,,,0,
2022-03-02 12:32:08,0.3,21098904,0.5,2471918,1,110914,2,53338,5,2825,10,1059,12,41,11,60,,,0,
2022-03-02 12:33:08,0.3,20380784,0.5,2413634,1,92900,2,54750,5,3885,10,353,12,41,11,60,,,0,
2022-03-02 12:34:08,0.3,21363828,0.5,2568350,1,113387,2,76651,5,7064,10,3179,11,41,11,60,,,0,
2022-03-02 12:35:08,0.3,20621688,0.5,2413281,1,107029,2,61815,5,2825,10,353,10,46,11,60,,,0,
2022-03-02 12:36:08,0.3,22994700,0.5,2789473,1,103850,2,72765,5,4238,10,706,11,40,11,60,,,0,
2022-03-02 12:37:08,0.3,23749204,0.5,2815966,1,131755,2,82656,5,8124,10,1412,12,37,11,60,,,0,
2022-03-02 12:38:08,0.3,22809960,0.5,2791593,1,123631,2,95372,5,9537,10,1059,12,36,11,60,,,0,
2022-03-02 12:39:08,0.3,24144472,0.5,2852349,1,167432,2,129636,5,10596,10,706,12,36,11,60,,,0,
2022-03-02 12:40:08,0.3,23751678,0.5,2818791,1,156128,2,152243,5,9184,10,1412,12,35,11,60,,,0,
2022-03-02 12:41:08,0.3,21984810,0.5,2570469,1,116566,2,106322,5,8830,10,2119,13,36,11,60,,,0,
2022-03-02 12:42:08,0.3,22243022,0.5,2659131,1,126457,2,89720,5,7417,10,1059,13,34,11,60,,,0,
2022-03-02 12:43:08,0.3,21113386,0.5,2551748,1,107382,2,66407,5,4592,10,706,13,34,11,60,,,0,
2022-03-02 12:44:08,0.3,19385376,0.5,2341575,1,108795,2,79830,5,5651,10,1059,11,40,11,60,,,0,
2022-03-02 12:45:08,0.3,17006004,0.5,2055810,1,95019,2,56870,5,2825,10,353,9,46,11,60,,,0,
2022-03-02 12:46:08,0.3,19125396,0.5,2315789,1,91133,2,68527,5,4238,10,0,10,42,11,60,,,0,
2022-03-02 12:47:08,0.3,19113740,0.5,2273401,1,105263,2,63581,5,2472,10,0,9,46,11,60,,,0,
2022-03-02 12:48:08,0.3,18650652,0.5,2278700,1,108442,2,52984,5,2119,10,353,8,46,11,60,,,0,
2022-03-02 12:49:08,0.3,16294595,0.5,1948781,1,110914,2,62875,5,3532,10,353,7,51,11,60,,,0,
2022-03-02 12:50:08,0.3,16907806,0.5,2052984,1,98551,2,52278,5,3179,10,706,7,51,11,60,,,0,
2022-03-02 12:51:08,0.3,19714942,0.5,2375132,1,119039,2,67820,5,4238,10,353,9,45,11,60,,,0,
2022-03-02 12:52:08,0.3,19844930,0.5,2372659,1,116213,2,69233,5,3885,10,1412,11,41,11,60,,,0,
2022-03-02 12:53:08,0.3,20102084,0.5,2360649,1,108089,2,61462,5,3179,10,0,11,39,11,60,,,0,
2022-03-02 12:54:08,0.3,22205580,0.5,2611091,1,118685,2,73119,5,3532,10,1059,12,35,11,60,,,0,
2022-03-02 12:55:08,0.3,22532320,0.5,2643235,1,138820,2,87954,5,4592,10,0,12,34,11,60,,,0,
2022-03-02 12:56:08,0.3,22894030,0.5,2781702,1,157894,2,131049,5,10950,10,1059,13,37,11,60,,,0,
2022-03-02 12:57:08,0.3,21633698,0.5,2578240,1,132815,2,110914,5,6711,10,706,12,35,11,60,,,0,
2022-03-02 12:58:08,0.3,22475096,0.5,2682444,1,129989,2,99258,5,4945,10,1412,13,35,11,60,,,0,
2022-03-02 12:59:08,0.3,22654538,0.5,2724125,1,139526,2,84069,5,5298,10,1059,13,34,11,60,,,0,
2022-03-02 13:00:08,0.3,23187566,0.5,2766866,1,134228,2,99611,5,4945,10,706,10,36,11,60,,,0,
2022-03-02 13:01:08,0.3,22453902,0.5,2655598,1,133874,2,88308,5,1766,10,353,12,36,11,60,,,0,
2022-03-02 13:02:08,0.3,23036028,0.5,2785941,1,134581,2,88661,5,4592,10,353,13,34,11,60,,,0,
2022-03-02 13:03:08,0.3,23321088,0.5,2844224,1,137054,2,85128,5,6004,10,2119,12,34,11,60,,,0,
2022-03-02 13:04:08,0.3,21787706,0.5,2568350,1,143058,2,77004,5,5298,10,1766,12,34,11,60,,,0,
2022-03-02 13:05:08,0.3,23286824,0.5,2754150,1,140586,2,80890,5,6358,10,706,12,33,11,60,,,0,
2022-03-02 13:06:08,0.3,22617096,0.5,2750264,1,128929,2,88308,5,4592,10,1412,13,32,11,60,,,0,
2022-03-02 13:07:08,0.3,21948780,0.5,2637937,1,127870,2,80890,5,6358,10,353,14,31,11,60,,,0,
2022-03-02 13:08:08,0.3,22773224,0.5,2724125,1,145884,2,74885,5,3532,10,1412,13,35,11,60,,,0,
2022-03-02 13:09:08,0.3,21799364,0.5,2704698,1,129636,2,76651,5,3532,10,706,12,36,11,60,,,0,
2022-03-02 13:10:08,0.3,20544330,0.5,2411868,1,128576,2,71706,5,2472,10,706,13,34,11,60,,,0,
2022-03-02 13:11:08,0.3,22292122,0.5,2645001,1,119392,2,78064,5,4945,10,1412,15,31,11,60,,,0,
2022-03-02 13:12:08,0.3,22027552,0.5,2551395,1,137407,2,67820,5,2825,10,0,14,31,11,60,,,0,
2022-03-02 13:13:08,0.3,22666902,0.5,2680325,1,132108,2,64641,5,3179,10,706,14,32,11,60,,,0,
2022-03-02 13:14:08,0.3,23526668,0.5,2806782,1,133521,2,72765,5,3885,10,706,12,34,11,60,,,0,
2022-03-02 13:15:08,0.3,23417520,0.5,2815966,1,122571,2,82303,5,2472,10,0,12,36,11,60,,,0,
2022-03-02 13:16:08,0.3,23549276,0.5,2782055,1,125397,2,75944,5,4238,10,706,12,37,11,60,,,0,
2022-03-02 13:17:08,0.3,22942422,0.5,2673966,1,127870,2,69233,5,5651,10,0,12,35,11,60,,,0,
2022-03-02 13:18:08,0.3,23990108,0.5,2801483,1,116566,2,65701,5,3179,10,0,11,36,11,60,,,0,
2022-03-02 13:19:08,0.3,23125396,0.5,2727658,1,103850,2,73119,5,3179,10,0,12,36,11,60,,,0,
2022-03-02 13:20:08,0.3,23762274,0.5,2859766,1,115860,2,70646,5,3885,10,353,12,37,11,60,,,0,
2022-03-02 13:21:08,0.3,23945954,0.5,2803249,1,123277,2,75944,5,2825,10,0,12,37,11,60,,,0,
2022-03-02 13:22:08,0.3,22855528,0.5,2610385,1,119745,2,62522,5,3179,10,0,14,35,11,60,,,0,
2022-03-02 13:23:08,0.3,23487106,0.5,2782762,1,127163,2,73472,5,3532,10,353,14,33,11,60,,,0,
2022-03-02 13:24:08,0.3,21032850,0.5,2437654,1,111974,2,61109,5,4592,10,706,15,32,11,60,,,0,
2022-03-02 13:25:08,0.3,21581066,0.5,2553514,1,121865,2,67820,5,3885,10,353,15,33,11,60,,,0,
2022-03-02 13:26:08,0.3,18949840,0.5,2206287,1,103850,2,61109,5,2119,10,706,11,43,11,60,,,0,
2022-03-02 13:27:08,0.3,19168492,0.5,2241610,1,110914,2,66407,5,3179,10,706,10,45,11,60,,,0,
2022-03-02 13:28:08,0.3,19160720,0.5,2204521,1,97138,2,57930,5,3885,10,353,9,48,11,60,,,0,
2022-03-02 13:29:08,0.3,17660896,0.5,2026845,1,99258,2,57930,5,2119,10,0,9,49,11,60,,,0,
2022-03-02 13:30:08,0.3,18509714,0.5,2158601,1,104203,2,62875,5,3885,10,353,8,50,11,60,,,0,
2022-03-02 13:31:08,0.3,19960438,0.5,2341928,1,127516,2,66407,5,2119,10,353,8,49,11,60,,,0,
2022-03-02 13:32:08,0.3,17978806,0.5,2079477,1,97492,2,66054,5,3179,10,353,7,52,11,60,,,0,
2022-03-02 13:33:08,0.3,18253974,0.5,2081243,1,110914,2,61815,5,5298,10,0,8,52,11,60,,,0,
2022-03-02 13:34:08,0.3,18037796,0.5,2121511,1,124690,2,59696,5,3179,10,353,7,52,11,60,,,0,
2022-03-02 13:35:08,0.3,19889438,0.5,2312610,1,140586,2,81243,5,5298,10,706,9,47,11,60,,,0,
2022-03-02 13:36:08,0.3,18335570,0.5,2174849,1,137407,2,78064,5,6711,10,706,8,49,11,60,,,0,
2022-03-02 13:37:08,0.3,18862592,0.5,2222889,1,132108,2,71352,5,4238,10,706,7,53,11,60,,,0,
2022-03-02 13:38:08,0.3,21311550,0.5,2452843,1,143058,2,90074,5,4238,10,353,8,50,11,60,,,0,
2022-03-02 13:39:08,0.3,19936064,0.5,2333451,1,133874,2,76298,5,3885,10,0,8,48,11,60,,,0,
2022-03-02 13:40:08,0.3,21187566,0.5,2477923,1,159660,2,97845,5,5651,10,1766,9,46,11,60,,,0,
2022-03-02 13:41:08,0.3,20214764,0.5,2311197,1,145884,2,84775,5,5298,10,0,8,49,11,60,,,0,
2022-03-02 13:42:08,0.3,21474390,0.5,2505475,1,165665,2,93253,5,5298,10,353,8,49,11,60,,,0,
2022-03-02 13:43:08,0.3,19868244,0.5,2330272,1,143765,2,84775,5,3885,10,706,7,52,11,60,,,0,
2022-03-02 13:44:08,0.3,18843870,0.5,2185800,1,140233,2,74885,5,2825,10,706,7,52,11,60,,,0,
2022-03-02 13:45:08,0.3,19663370,0.5,2310491,1,156128,2,93606,5,5651,10,706,7,51,11,60,,,0,
2022-03-02 13:46:08,0.3,18756622,0.5,2246909,1,160014,2,84422,5,4592,10,1766,6,52,11,60,,,0,
2022-03-02 13:47:08,0.3,19153302,0.5,2214058,1,148357,2,77357,5,3885,10,353,6,52,11,60,,,0,
2022-03-02 13:48:08,0.3,18270576,0.5,2129989,1,155775,2,80183,5,3179,10,706,6,52,11,60,,,0,
2022-03-02 13:49:08,0.3,19948074,0.5,2305899,1,155422,2,82656,5,2825,10,353,6,52,11,60,,,0,
2022-03-02 19:13:34,0.3,13421052,0.5,1843164,1,138466,2,106676,5,8124,10,2472,6,49,11,60,,,0,
2022-03-02 19:14:34,0.3,12674673,0.5,1836806,1,215824,2,250794,5,35676,10,11656,5,53,11,60,,,0,
2022-03-02 19:15:34,0.3,12529494,0.5,1734016,1,152596,2,132815,5,9537,10,4238,4,57,11,60,,,0,
2022-03-02 19:16:34,0.3,13064994,0.5,1797244,1,126810,2,85128,5,3179,10,706,4,58,11,60,,,0,
2022-03-02 19:17:34,0.3,13368421,0.5,1784175,1,108442,2,68880,5,2119,10,706,4,57,11,60,,,0,
2022-03-02 19:18:34,0.3,13236312,0.5,1827975,1,114093,2,74178,5,4238,10,2119,4,58,11,60,,,0,
2022-03-02 19:19:34,0.3,12900741,0.5,1730130,1,139879,2,78064,5,6711,10,1412,4,57,11,60,,,0,
2022-03-02 19:20:34,0.3,11877781,0.5,1643588,1,125044,2,102437,5,6004,10,2825,4,59,11,60,,,0,
2022-03-02 19:21:34,0.3,12310491,0.5,1760508,1,141646,2,113387,5,9184,10,706,3,63,11,60,,,0,
2022-03-02 19:22:34,0.3,13134581,0.5,1802896,1,122924,2,74885,5,3532,10,0,3,65,11,60,,,0,
2022-03-02 19:23:34,0.3,13723066,0.5,1916284,1,135287,2,91133,5,4945,10,706,3,65,11,60,,,0,
2022-03-02 19:24:34,0.3,13384316,0.5,1919463,1,131755,2,88308,5,2472,10,1059,3,66,11,60,,,0,
2022-03-02 19:25:34,0.3,13146238,0.5,1856234,1,131755,2,76651,5,4945,10,1766,2,67,11,60,,,0,
2022-03-02 19:26:34,0.3,13946662,0.5,1972094,1,133521,2,80536,5,4238,10,353,2,68,11,60,,,0,
2022-03-02 19:27:34,0.3,13576474,0.5,1966796,1,137054,2,78770,5,4238,10,1412,2,67,11,60,,,0,
2022-03-02 19:28:34,0.3,14070293,0.5,2098905,1,208406,2,166372,5,16955,10,5651,3,66,11,60,,,0,
2022-03-02 19:29:34,0.3,14003885,0.5,1992935,1,158954,2,163899,5,17308,10,4945,3,65,11,60,,,0,
2022-03-02 19:30:34,0.3,13211232,0.5,1856587,1,122218,2,91840,5,3179,10,1766,3,64,11,60,,,0,
2022-03-02 19:31:34,0.3,13866478,0.5,1932532,1,137054,2,101377,5,8830,10,353,3,65,11,60,,,0,
2022-03-02 19:32:34,0.3,14278346,0.5,2057930,1,182267,2,144118,5,12716,10,3885,2,66,11,60,,,0,
2022-03-02 19:33:34,0.3,13192864,0.5,1844931,1,129636,2,89720,5,3885,10,0,2,66,11,60,,,0,
2022-03-02 19:34:34,0.3,14361709,0.5,2013776,1,160014,2,102790,5,6711,10,706,2,65,11,60,,,0,
2022-03-02 19:35:34,0.3,14319321,0.5,1961850,1,151889,2,121511,5,9184,10,1766,3,66,11,60,,,0,
2022-03-02 19:36:34,0.3,14574708,0.5,1983398,1,141999,2,120098,5,15188,10,3532,3,65,11,60,,,0,
2022-03-02 19:37:34,0.3,14833274,0.5,1990462,1,147651,2,111974,5,8124,10,1766,3,64,11,60,,,0,
2022-03-02 19:38:34,0.3,14743906,0.5,2005298,1,156128,2,115506,5,10243,10,2472,3,63,11,60,,,0,
2022-03-02 19:39:34,0.3,14713175,0.5,1936771,1,148004,2,104203,5,5298,10,1766,3,63,11,60,,,0,
2022-03-02 19:40:34,0.3,14801836,0.5,2069939,1,150123,2,110561,5,4238,10,1412,3,62,11,60,,,0,
2022-03-02 19:41:34,0.3,14493818,0.5,1930060,1,134581,2,104203,5,7064,10,706,3,63,11,60,,,0,
2022-03-02 19:42:34,0.3,14020840,0.5,1874249,1,135287,2,88661,5,6711,10,706,3,62,11,60,,,0,
2022-03-02 19:43:34,0.3,14099964,0.5,1904980,1,132108,2,87248,5,6711,10,1059,3,62,11,60,,,0,
2022-03-02 19:44:34,0.3,14711762,0.5,2010596,1,148357,2,110561,5,4592,10,353,3,60,11,60,,,0,
2022-03-02 19:45:34,0.3,14954786,0.5,1972447,1,147297,2,94666,5,5298,10,3179,3,61,11,60,,,0,
2022-03-02 19:46:34,0.3,14783468,0.5,1973507,1,139173,2,91840,5,3885,10,1766,3,62,11,60,,,0,
2022-03-02 19:47:34,0.3,14847403,0.5,1992228,1,153655,2,113387,5,8477,10,1766,3,60,11,60,,,0,
2022-03-02 19:48:34,0.3,14529848,0.5,1891910,1,146591,2,110914,5,9537,10,2472,3,60,11,60,,,0,
2022-03-02 19:49:34,0.3,14917343,0.5,1990109,1,143412,2,117626,5,8830,10,2119,3,61,11,60,,,0,
2022-03-02 19:50:34,0.3,14462380,0.5,1913458,1,160720,2,109855,5,9537,10,1766,3,59,11,60,,,0,
2022-03-02 19:51:34,0.3,14521370,0.5,1971741,1,144471,2,101377,5,7771,10,2472,3,58,11,60,,,0,
2022-03-02 19:52:34,0.3,14119745,0.5,1897915,1,130342,2,86188,5,2472,10,706,4,57,11,60,,,0,
2022-03-02 19:53:34,0.3,14070646,0.5,1900388,1,164959,2,106322,5,6358,10,2119,4,57,11,60,,,0,
2022-03-02 19:54:34,0.3,14799717,0.5,1969975,1,147297,2,114447,5,6358,10,1412,4,58,11,60,,,0,
2022-03-02 19:55:34,0.3,14609325,0.5,1992228,1,151536,2,101377,5,5651,10,706,4,59,11,60,,,0,
2022-03-02 19:56:34,0.3,14472271,0.5,1950194,1,148004,2,94666,5,2825,10,353,4,57,11,60,,,0,
2022-03-02 19:57:34,0.3,14730837,0.5,1992228,1,148710,2,95725,5,3885,10,706,4,56,11,60,,,0,
2022-03-02 19:58:34,0.3,12808195,0.5,1703638,1,135994,2,75238,5,4592,10,1059,4,57,11,60,,,0,
2022-03-02 19:59:34,0.3,13010950,0.5,1748498,1,122218,2,84775,5,3179,10,1766,3,60,11,60,,,0,
2022-03-02 20:00:34,0.3,13693041,0.5,1870717,1,145884,2,104203,5,4945,10,2119,2,64,11,60,,,0,
2022-03-02 20:01:34,0.3,15269162,0.5,2274814,1,154715,2,120452,5,9537,10,1766,2,66,11,60,,,0,
2022-03-02 20:02:34,0.3,15457082,0.5,2287177,1,141999,2,99611,5,4238,10,1766,2,66,11,60,,,0,
2022-03-02 20:03:34,0.3,15169198,0.5,2149770,1,157894,2,109855,5,6004,10,3179,2,65,11,60,,,0,
2022-03-02 20:04:34,0.3,14482161,0.5,1994348,1,147297,2,99611,5,9537,10,1766,2,64,11,60,,,0,
2022-03-02 20:05:34,0.3,15975273,0.5,2246202,1,149417,2,95725,5,6004,10,1412,3,63,11,60,,,0,
2022-03-02 20:06:34,0.3,15735429,0.5,2209466,1,148004,2,102084,5,6004,10,2119,3,62,11,60,,,0,
2022-03-02 20:07:34,0.3,15183680,0.5,2067467,1,152949,2,93959,5,10950,10,2472,3,61,11,60,,,0,
2022-03-02 20:08:34,0.3,15313670,0.5,2139879,1,152596,2,99964,5,6358,10,1766,3,60,11,60,,,0,
2022-03-02 20:09:34,0.3,14859766,0.5,2079477,1,133521,2,87954,5,2472,10,1766,3,59,11,60,,,0,
2022-03-02 20:10:34,0.3,14100317,0.5,1974920,1,122571,2,80183,5,3179,10,1059,3,58,11,60,,,0,
2022-03-02 20:11:34,0.3,16249028,0.5,2249028,1,177322,2,121158,5,10243,10,3532,4,57,11,60,,,0,
2022-03-02 20:12:34,0.3,15222536,0.5,2069233,1,144471,2,92546,5,5651,10,6004,3,59,11,60,,,0,
2022-03-02 20:13:34,0.3,15120098,0.5,2103497,1,132108,2,81949,5,4592,10,2119,3,60,11,60,,,0,
2022-03-02 20:14:34,0.3,15495937,0.5,2176616,1,134228,2,79123,5,4592,10,0,3,60,11,60,,,0,
2022-03-02 20:15:34,0.3,15406570,0.5,2105263,1,129636,2,81949,5,3532,10,2119,3,60,11,60,,,0,
2022-03-02 20:16:34,0.3,15702931,0.5,2153302,1,148004,2,118685,5,7064,10,2119,3,62,11,60,,,0,
2022-03-02 20:17:34,0.3,15584245,0.5,2228187,1,164959,2,119039,5,12363,10,2472,2,64,11,60,,,0,
2022-03-02 20:18:34,0.3,17484634,0.5,2637230,1,212292,2,188272,5,18721,10,3532,3,65,11,60,,,0,
2022-03-02 20:19:34,0.3,17322500,0.5,2554221,1,178028,2,128929,5,11656,10,4238,3,64,11,60,,,0,
2022-03-02 20:20:34,0.3,15947015,0.5,2394560,1,170964,2,166372,5,16248,10,6358,2,66,11,60,,,0,
2022-03-02 20:21:34,0.3,16823736,0.5,2555634,1,202048,2,205934,5,25785,10,7771,2,68,11,60,,,0,
2022-03-02 20:22:34,0.3,16460614,0.5,2536559,1,194630,2,146238,5,14129,10,3532,2,69,11,60,,,0,
2022-03-02 20:23:34,0.3,16839278,0.5,2602613,1,160720,2,88308,5,3179,10,1412,2,70,11,60,,,0,
2022-03-02 20:24:34,0.3,16500883,0.5,2425644,1,157541,2,86541,5,4592,10,1059,2,69,11,60,,,0,
2022-03-02 20:25:34,0.3,17168138,0.5,2589544,1,167078,2,119039,5,9890,10,2825,2,70,11,60,,,0,
2022-03-02 20:26:34,0.3,18393146,0.5,2885906,1,175556,2,116919,5,7771,10,3179,2,71,11,60,,,0,
2022-03-02 20:27:34,0.3,17557046,0.5,2746026,1,167432,2,91840,5,3885,10,706,2,72,11,60,,,0,
2022-03-02 20:28:34,0.3,16271282,0.5,2435535,1,159660,2,82303,5,3179,10,1059,2,70,11,60,,,0,
2022-03-02 20:29:34,0.3,16298481,0.5,2381843,1,160367,2,78417,5,2119,10,353,2,68,11,60,,,0,
2022-03-02 20:30:34,0.3,16774284,0.5,2460967,1,149417,2,84069,5,4238,10,706,2,67,11,60,,,0,
2022-03-02 20:31:34,0.3,16635817,0.5,2438361,1,201342,2,161780,5,15542,10,5651,2,67,11,60,,,0,
2022-03-02 20:32:34,0.3,17056870,0.5,2511480,1,176616,2,151889,5,12716,10,3532,2,68,11,60,,,0,
2022-03-02 20:33:34,0.3,16803956,0.5,2464853,1,160720,2,128929,5,3532,10,2472,2,67,11,60,,,0,
2022-03-02 20:34:34,0.3,15784528,0.5,2287884,1,151183,2,77357,5,5298,10,1766,2,67,11,60,,,0,
2022-03-02 20:35:34,0.3,16043800,0.5,2317202,1,167432,2,100671,5,5651,10,1412,2,65,11,60,,,0,
2022-03-02 20:36:34,0.3,15433062,0.5,2185800,1,156835,2,85128,5,4945,10,2119,2,65,11,60,,,0,
2022-03-02 20:37:34,0.3,17152948,0.5,2616743,1,208406,2,197809,5,20134,10,4945,2,68,11,60,,,0,
2022-03-02 20:38:34,0.3,18132814,0.5,2811727,1,179088,2,106322,5,6358,10,706,2,71,11,60,,,0,
2022-03-02 20:39:34,0.3,17705404,0.5,2737548,1,169198,2,115860,5,6711,10,3532,2,72,11,60,,,0,
2022-03-02 20:40:34,0.3,17324972,0.5,2725185,1,167078,2,99964,5,2119,10,1412,2,71,11,60,,,0,
2022-03-02 20:41:34,0.3,18063934,0.5,2769692,1,183327,2,121511,5,8124,10,1059,2,71,11,60,,,0,
2022-03-02 20:42:34,0.3,17904626,0.5,2796185,1,162133,2,95019,5,3532,10,1412,2,72,11,60,,,0,
2022-03-02 20:43:34,0.3,17982692,0.5,2677145,1,185093,2,121158,5,9537,10,6711,2,71,11,60,,,0,
2022-03-02 20:44:34,0.3,18233486,0.5,2655245,1,178028,2,126103,5,10243,10,2825,2,70,11,60,,,0,
2022-03-02 20:45:34,0.3,17795124,0.5,2599788,1,173083,2,130342,5,7064,10,2825,2,69,11,60,,,0,
2022-03-02 20:46:34,0.3,17741434,0.5,2557400,1,168844,2,126457,5,9184,10,2119,2,68,11,60,,,0,
2022-03-02 20:47:34,0.3,18420698,0.5,2659131,1,174849,2,116566,5,5298,10,1766,2,68,11,60,,,0,
2022-03-02 20:48:34,0.3,19063934,0.5,2759448,1,176616,2,99611,5,6358,10,2472,2,68,11,60,,,0,
2022-03-02 20:49:34,0.3,18812080,0.5,2784175,1,166372,2,89720,5,4592,10,3532,2,69,11,60,,,0,
2022-03-02 20:50:34,0.3,18612858,0.5,2737901,1,173436,2,97492,5,4238,10,1412,2,68,11,60,,,0,
2022-03-02 20:51:34,0.3,18611090,0.5,2710349,1,199222,2,118685,5,12363,10,3532,2,69,11,60,,,0,
2022-03-02 20:52:34,0.3,18545036,0.5,2772871,1,198516,2,158954,5,13776,10,4238,2,69,11,60,,,0,
2022-03-03 12:46:01,0.3,5377958,0.5,476863,1,84069,2,56517,5,4238,10,2472,12,38,11,60,,,0,
2022-03-03 12:47:01,0.3,5023313,0.5,428117,1,85482,2,58989,5,5298,10,0,10,40,11,60,,,0,
2022-03-03 12:48:01,0.3,4997880,0.5,454256,1,93253,2,92900,5,7064,10,1059,10,39,11,60,,,0,
2022-03-03 12:49:01,0.3,4958318,0.5,464500,1,77711,2,42034,5,2472,10,353,10,39,11,60,,,0,
2022-03-03 12:50:01,0.3,5095019,0.5,460967,1,79830,2,54044,5,4238,10,2119,12,38,11,60,,,0,
2022-03-03 12:51:01,0.3,5132815,0.5,463793,1,85835,2,43800,5,2119,10,353,12,37,11,60,,,0,
2022-03-03 12:52:01,0.3,4350053,0.5,397739,1,76298,2,42034,5,2472,10,353,11,36,11,60,,,0,
2022-03-03 12:53:01,0.3,4211232,0.5,404097,1,81243,2,58283,5,2825,10,1059,11,36,11,60,,,0,
2022-03-03 12:54:01,0.3,4396326,0.5,479689,1,119039,2,149417,5,16601,10,2472,11,37,11,60,,,0,
2022-03-03 12:55:01,0.3,3990462,0.5,382903,1,84775,2,66760,5,3885,10,0,11,38,11,60,,,0,
2022-03-03 12:56:01,0.3,4513599,0.5,425291,1,83009,2,59342,5,6358,10,2825,12,34,11,60,,,0,
2022-03-03 12:57:01,0.3,4352525,0.5,434475,1,87248,2,58283,5,5651,10,706,13,33,11,60,,,0,
2022-03-03 12:58:01,0.3,4783115,0.5,501589,1,110561,2,92900,5,9537,10,2825,14,33,11,60,,,0,
2022-03-03 12:59:01,0.3,4726598,0.5,479335,1,110208,2,105969,5,10596,10,2472,13,33,11,60,,,0,
2022-03-03 13:00:01,0.3,4483574,0.5,443306,1,80890,2,59342,5,3179,10,1412,13,33,11,60,,,0,
2022-03-03 13:01:01,0.3,4467326,0.5,445778,1,94666,2,61815,5,2825,10,0,12,37,11,60,,,0,
2022-03-03 13:02:01,0.3,4878135,0.5,479335,1,96432,2,66054,5,2825,10,353,12,36,11,60,,,0,
2022-03-03 13:03:01,0.3,4800423,0.5,468385,1,89014,2,56517,5,2472,10,353,12,36,11,60,,,0,
2022-03-03 13:04:01,0.3,4604733,0.5,443306,1,81243,2,46626,5,3532,10,0,14,33,11,60,,,0,
2022-03-03 13:05:01,0.3,4585658,0.5,442953,1,78770,2,52278,5,2472,10,706,13,34,11,60,,,0,
2022-03-03 13:06:01,0.3,4758742,0.5,464146,1,85835,2,51218,5,2119,10,1412,14,34,11,60,,,0,
2022-03-03 13:07:01,0.3,4711762,0.5,476863,1,98904,2,93959,5,7064,10,3179,14,32,11,60,,,0,
2022-03-03 13:08:01,0.3,4926174,0.5,493465,1,105616,2,108442,5,12009,10,2825,14,35,11,60,,,0,
2022-03-03 13:09:01,0.3,4459555,0.5,480042,1,102084,2,98551,5,9184,10,2472,12,35,11,60,,,0,
2022-03-03 13:10:01,0.3,4632285,0.5,473684,1,99964,2,108089,5,13069,10,7064,14,34,11,60,,,0,
2022-03-03 13:11:01,0.3,4527022,0.5,460261,1,93959,2,101730,5,12716,10,3179,14,33,11,60,,,0,
2022-03-03 13:12:01,0.3,4425644,0.5,398445,1,82656,2,58989,5,2825,10,1412,13,35,11,60,,,0,
2022-03-03 13:13:01,0.3,4130342,0.5,406216,1,75238,2,50512,5,3532,10,353,13,34,11,60,,,0,
2022-03-03 13:14:01,0.3,4054044,0.5,453196,1,81596,2,79830,5,12363,10,2825,14,34,11,60,,,0,
2022-03-03 13:15:01,0.3,4235959,0.5,428823,1,92193,2,61109,5,7064,10,2119,15,31,11,60,,,0,
2022-03-03 13:16:01,0.3,4126103,0.5,398092,1,81949,2,55104,5,6711,10,1412,16,30,11,60,,,0,
2022-03-03 13:17:01,0.3,4199576,0.5,464146,1,91133,2,51571,5,2119,10,0,16,28,11,60,,,0,
2022-03-03 13:18:01,0.3,4369127,0.5,411162,1,80536,2,57576,5,1412,10,0,17,28,11,60,,,0,
2022-03-03 13:19:01,0.3,4465559,0.5,450370,1,81243,2,54044,5,2825,10,1766,17,28,11,60,,,0,
2022-03-03 13:20:01,0.3,4188272,0.5,417873,1,80536,2,56517,5,1766,10,706,17,27,11,60,,,0,
2022-03-03 13:21:01,0.3,4035676,0.5,395973,1,74531,2,45920,5,2825,10,706,15,30,11,60,,,0,
2022-03-03 13:22:01,0.3,3739667,0.5,380077,1,83009,2,61109,5,6711,10,1059,13,33,11,60,,,0,
2022-03-03 13:23:01,0.3,4329212,0.5,446485,1,81243,2,57223,5,4945,10,353,15,30,11,60,,,0,
2022-03-03 13:24:01,0.3,4134934,0.5,416107,1,89720,2,66760,5,6358,10,1412,18,26,11,60,,,0,
2022-03-03 13:25:01,0.3,3820911,0.5,372659,1,66407,2,44154,5,1059,10,706,19,22,11,60,,,0,
2022-03-03 13:26:01,0.3,3951960,0.5,427764,1,73825,2,49452,5,4945,10,706,20,23,11,60,,,0,
2022-03-03 13:27:01,0.3,3685976,0.5,485694,1,162486,2,224655,5,34263,10,5298,17,27,11,60,,,0,
2022-03-03 13:28:01,0.3,4069939,0.5,460261,1,94666,2,82656,5,12009,10,2825,17,27,11,60,,,0,
2022-03-03 13:29:01,0.3,4012009,0.5,438007,1,83009,2,60402,5,2472,10,0,16,30,11,60,,,0,
2022-03-03 13:30:01,0.3,4184033,0.5,417167,1,80890,2,48039,5,3532,10,353,18,25,11,60,,,0,
2022-03-03 13:31:01,0.3,4024019,0.5,413634,1,77357,2,43447,5,2472,10,353,18,24,11,60,,,0,
2022-03-03 13:32:01,0.3,3900741,0.5,407276,1,75591,2,57930,5,3885,10,1412,19,24,11,60,,,0,
2022-03-03 13:33:01,0.3,4086895,0.5,408336,1,79123,2,53338,5,2119,10,4592,19,24,11,60,,,0,
2022-03-03 13:34:01,0.3,4182974,0.5,408336,1,78417,2,48392,5,2825,10,1412,18,24,11,60,,,0,
2022-03-03 13:35:01,0.3,4239491,0.5,435888,1,76651,2,62522,5,4238,10,706,17,25,11,60,,,0,
2022-03-03 13:36:01,0.3,4359943,0.5,437301,1,86188,2,47686,5,2119,10,353,17,26,11,60,,,0,
2022-03-03 13:37:01,0.3,4235959,0.5,412928,1,83009,2,51218,5,2472,10,353,18,25,11,60,,,0,
2022-03-03 13:38:01,0.3,4373366,0.5,434475,1,83009,2,59342,5,3179,10,1059,18,26,11,60,,,0,
2022-03-03 13:39:01,0.3,4599434,0.5,464146,1,78770,2,50512,5,3532,10,706,16,29,11,60,,,0,
2022-03-03 13:40:01,0.3,4410102,0.5,442953,1,78417,2,44154,5,2825,10,353,17,28,11,60,,,0,
2022-03-03 13:41:01,0.3,4206287,0.5,428823,1,58989,2,48392,5,3532,10,706,19,24,11,60,,,0,
2022-03-03 13:42:01,0.3,4542564,0.5,422818,1,71706,2,42034,5,4238,10,706,19,23,11,60,,,0,
2022-03-03 13:43:01,0.3,4438714,0.5,461674,1,78064,2,53691,5,3885,10,1412,18,25,11,60,,,0,
2022-03-03 13:44:01,0.3,4632638,0.5,432356,1,78417,2,45566,5,2119,10,0,18,25,11,60,,,0,
2022-03-03 13:45:01,0.3,4648534,0.5,466972,1,83009,2,46273,5,1059,10,706,17,28,11,60,,,0,
2022-03-03 13:46:01,0.3,4716354,0.5,486047,1,74178,2,45566,5,3532,10,706,15,30,11,60,,,0,
2022-03-03 13:47:01,0.3,4926174,0.5,470151,1,81949,2,44860,5,1766,10,1059,15,31,11,60,,,0,
2022-03-03 13:48:01,0.3,4613564,0.5,439420,1,69233,2,42741,5,3179,10,0,15,30,11,60,,,0,
2022-03-03 13:49:01,0.3,4509007,0.5,449311,1,74178,2,50512,5,2119,10,353,16,29,11,60,,,0,
2022-03-03 13:50:01,0.3,4736488,0.5,451077,1,77357,2,42741,5,1412,10,2119,16,29,11,60,,,0,
2022-03-03 13:51:01,0.3,4779583,0.5,464853,1,75591,2,52631,5,3179,10,1059,15,30,11,60,,,0,
2022-03-03 13:52:01,0.3,4543624,0.5,446132,1,81243,2,49099,5,4238,10,3179,16,32,11,60,,,0,
2022-03-03 13:53:01,0.3,4511833,0.5,444365,1,70646,2,47686,5,2472,10,1412,15,30,11,60,,,0,
2022-03-03 13:54:01,0.3,4805722,0.5,474390,1,79477,2,49099,5,1766,10,353,14,32,11,60,,,0,
2022-03-03 13:55:01,0.3,4948428,0.5,478982,1,78417,2,46626,5,4238,10,2472,14,33,11,60,,,0,
2022-03-03 13:56:01,0.3,4871423,0.5,463793,1,83009,2,42741,5,1059,10,1059,13,34,11,60,,,0,
2022-03-03 13:57:01,0.3,4685270,0.5,440833,1,78064,2,45920,5,1412,10,1059,14,33,11,60,,,0,
2022-03-03 13:58:01,0.3,4962557,0.5,471918,1,85128,2,57576,5,2825,10,1059,13,34,11,60,,,0,
2022-03-03 13:59:01,0.3,4637937,0.5,441540,1,89014,2,50865,5,4238,10,1059,11,38,11,60,,,0,
2022-03-03 14:00:01,0.3,4458142,0.5,435888,1,79830,2,56517,5,3532,10,706,11,37,11,60,,,0,
2022-03-03 14:01:01,0.3,4157894,0.5,472624,1,124337,2,142352,5,16248,10,2472,10,39,11,60,,,0,
2022-03-03 14:02:01,0.3,4033203,0.5,415047,1,83716,2,68880,5,6711,10,2119,10,38,11,60,,,0,
2022-03-03 14:03:01,0.3,3969975,0.5,390674,1,63935,2,46979,5,2825,10,353,10,39,11,60,,,0,
2022-03-03 14:04:01,0.3,4306958,0.5,425291,1,79830,2,48746,5,2119,10,353,10,39,11,60,,,0,
2022-03-03 14:05:01,0.3,4488166,0.5,452490,1,72765,2,49452,5,2119,10,353,10,40,11,60,,,0,
2022-03-03 14:06:01,0.3,4368067,0.5,438361,1,77711,2,53338,5,3532,10,0,9,41,11,60,,,0,
2022-03-03 14:07:01,0.3,4384669,0.5,420699,1,93606,2,51218,5,2119,10,0,10,40,11,60,,,0,
2022-03-03 14:08:01,0.3,4302366,0.5,424231,1,82303,2,49805,5,2119,10,0,10,39,11,60,,,0,
2022-03-03 14:09:01,0.3,4837513,0.5,502649,1,84422,2,66054,5,2119,10,353,11,36,11,60,,,0,
2022-03-03 14:10:01,0.3,4787001,0.5,464146,1,78064,2,59696,5,1412,10,0,12,36,11,60,,,0,
2022-03-03 14:11:01,0.3,4909219,0.5,487813,1,97845,2,66760,5,2825,10,1766,12,37,11,60,,,0,
2022-03-03 14:12:01,0.3,4783115,0.5,443659,1,76651,2,56163,5,4945,10,353,12,37,11,60,,,0,
2022-03-03 14:13:01,0.3,4688802,0.5,451783,1,88308,2,52984,5,3532,10,706,13,35,11,60,,,0,
2022-03-03 14:14:01,0.3,4718474,0.5,475097,1,84069,2,55810,5,2472,10,706,12,35,11,60,,,0,
2022-03-03 14:15:01,0.3,4808548,0.5,452843,1,93606,2,58989,5,4238,10,1412,12,35,11,60,,,0,
2022-03-03 14:16:01,0.3,4874602,0.5,485340,1,83716,2,51218,5,2825,10,706,12,35,11,60,,,0,
2022-03-03 14:17:01,0.3,5018014,0.5,463440,1,91487,2,52631,5,3179,10,706,11,38,11,60,,,0,
2022-03-03 14:18:01,0.3,5304839,0.5,505121,1,92193,2,56517,5,1766,10,353,11,39,11,60,,,0,
2022-03-03 14:19:01,0.3,5649240,0.5,540798,1,90427,2,71352,5,6711,10,5298,11,39,11,60,,,0,
2022-03-03 14:20:01,0.3,5850229,0.5,561285,1,112327,2,102790,5,8124,10,353,11,40,11,60,,,0,
2022-03-03 14:21:01,0.3,6344401,0.5,586365,1,131049,2,138466,5,8477,10,706,11,41,11,60,,,0,
2022-03-03 14:22:01,0.3,6631225,0.5,662310,1,145178,2,144471,5,10243,10,0,10,43,11,60,,,0,
2022-03-03 14:23:01,0.3,7008477,0.5,651713,1,151536,2,147651,5,8124,10,353,10,45,11,60,,,0,
2022-03-03 14:24:01,0.3,7351819,0.5,664782,1,142705,2,123631,5,6711,10,706,9,48,11,60,,,0,
2022-03-03 14:25:01,0.3,7628046,0.5,652066,1,121158,2,97845,5,4592,10,1412,9,47,11,60,,,0,
2022-03-04 14:23:55,0.3,0,0.5,0,1,0,2,0,5,0,10,0,,,10,60,,,0,
2022-03-04 14:30:24,0.3,24184034,0.5,2293535,1,192511,2,110208,5,8830,10,1766,2,77,11,60,,,0,
2022-03-04 14:31:24,0.3,32868950,0.5,3530201,1,364535,2,154362,5,8124,10,1412,1,85,11,60,,,0,
2022-03-04 14:32:24,0.3,28580360,0.5,3013422,1,276227,2,115506,5,4945,10,3885,1,89,11,60,,,0,
2022-03-04 14:33:24,0.3,42658776,0.5,4701872,1,481455,2,124690,5,3179,10,706,0,93,11,60,,,0,
2022-03-04 14:34:24,0.3,51273752,0.5,5909572,1,632638,2,140586,5,706,10,353,-1,97,11,60,,,0,
2022-03-04 14:35:24,0.3,39108440,0.5,4160014,1,409395,2,131402,5,4592,10,353,0,95,11,60,,,0,
2022-03-04 14:36:24,0.3,37113740,0.5,3855528,1,367008,2,107735,5,4592,10,1412,0,92,11,60,,,0,
2022-03-04 14:37:24,0.3,37564816,0.5,3761215,1,367714,2,129989,5,6004,10,2119,0,92,11,60,,,0,
2022-03-04 14:38:24,0.3,42677496,0.5,4501589,1,462027,2,134581,5,4238,10,1412,0,94,11,60,,,0,
2022-03-04 14:39:24,0.3,44047684,0.5,4839985,1,522783,2,134934,5,2472,10,706,0,97,11,60,,,0,
2022-03-04 14:40:24,0.3,34129988,0.5,3419639,1,358530,2,106676,5,2472,10,0,0,97,11,60,,,0,
2022-03-04 14:41:24,0.3,58352524,0.5,6639350,1,736135,2,199929,5,2825,10,1412,0,98,11,60,,,0,
2022-03-04 14:42:24,0.3,54058280,0.5,5883433,1,623807,2,170611,5,4592,10,353,0,97,11,60,,,0,
2022-03-04 14:43:24,0.3,39719884,0.5,4166372,1,428823,2,129636,5,7771,10,1059,0,98,11,60,,,0,
2022-03-04 14:44:24,0.3,34989048,0.5,3381843,1,383610,2,231720,5,19074,10,2472,0,98,11,60,,,0,
2022-03-04 14:45:24,0.3,39534792,0.5,3913104,1,422112,2,148710,5,6358,10,706,0,98,11,60,,,0,
2022-03-04 14:46:24,0.3,49516776,0.5,5483221,1,578594,2,152243,5,3179,10,0,0,98,11,60,,,0,
2022-03-04 14:47:24,0.3,48981984,0.5,5153302,1,544330,2,188979,5,7417,10,353,0,96,11,60,,,0,
2022-03-04 14:48:24,0.3,36648888,0.5,3495231,1,336276,2,118685,5,3532,10,0,0,98,11,60,,,0,
2022-03-04 14:49:24,0.3,51912752,0.5,5480748,1,590957,2,179795,5,8477,10,0,0,96,11,60,,,0,
2022-03-04 14:50:24,0.3,67676440,0.5,8399152,1,892617,2,246909,5,9184,10,2825,-1,98,11,60,,,0,
2022-03-04 14:51:24,0.3,53114800,0.5,5927940,1,630872,2,196043,5,6358,10,1059,0,99,11,60,,,0,
2022-03-04 14:52:24,0.3,29482514,0.5,2907806,1,326739,2,112681,5,4238,10,1766,0,99,11,60,,,0,
2022-03-04 14:53:24,0.3,34934652,0.5,3244083,1,322854,2,101730,5,8830,10,4945,0,97,11,60,,,0,
2022-03-04 14:54:24,0.3,38022252,0.5,3667255,1,399505,2,126103,5,6358,10,4238,0,97,11,60,,,0,
2022-03-04 14:55:24,0.3,41139880,0.5,5664076,1,691981,2,269869,5,25432,10,3885,0,99,11,60,,,0,
2022-03-04 14:56:24,0.3,45736488,0.5,5012363,1,493818,2,182620,5,17308,10,2825,0,97,11,60,,,0,
2022-03-04 14:57:24,0.3,71990464,0.5,10386082,1,1116566,2,279406,5,3885,10,353,0,99,11,60,,,0,
2022-03-04 14:58:24,0.3,60647120,0.5,7103497,1,712469,2,228894,5,6711,10,2472,0,98,11,60,,,0,
2022-03-04 14:59:24,0.3,45724476,0.5,4916637,1,507947,2,159660,5,3885,10,1412,0,98,11,60,,,0,
2022-03-04 15:00:24,0.3,45174140,0.5,5037442,1,528788,2,207347,5,19780,10,6358,0,98,11,60,,,0,
2022-03-04 15:01:24,0.3,67977744,0.5,8365948,1,830801,2,220770,5,5298,10,1412,0,98,11,60,,,0,
2022-03-04 15:02:24,0.3,65478628,0.5,7929353,1,800777,2,210526,5,5651,10,1412,0,97,11,60,,,0,
2022-03-04 15:03:24,0.3,65096432,0.5,7759448,1,790886,2,217944,5,8477,10,1766,0,98,11,60,,,0,
2022-03-04 15:04:24,0.3,59909572,0.5,6685623,1,679971,2,244789,5,8477,10,2472,0,97,11,60,,,0,
2022-03-04 15:05:24,0.3,54446836,0.5,5868950,1,584245,2,198516,5,8477,10,706,0,95,11,60,,,0,
2022-03-04 15:06:24,0.3,54929352,0.5,7020840,1,807488,2,249735,5,19074,10,4238,0,98,11,60,,,0,
2022-03-04 15:07:24,0.3,78597312,0.5,15555280,1,1837866,2,584599,5,31084,10,6004,0,98,11,60,,,0,
2022-03-04 15:08:24,0.3,91380784,0.5,21181560,1,2574708,2,808194,5,44507,10,12363,-1,99,11,60,,,0,
2022-03-04 15:09:24,0.3,84974208,0.5,14633345,1,1636877,2,574708,5,23313,10,5298,0,100,11,60,,,0,
2022-03-04 15:10:24,0.3,75891912,0.5,12040621,1,1240197,2,349346,5,7064,10,353,0,100,11,60,,,0,
2022-03-04 15:11:24,0.3,69353232,0.5,9328506,1,960791,2,299187,5,20487,10,4592,0,100,11,60,,,0,
2022-03-04 15:12:24,0.3,57902152,0.5,8349346,1,959025,2,430589,5,51571,10,12009,0,100,11,60,,,0,
2022-03-04 15:13:24,0.3,52367712,0.5,7056517,1,829035,2,455669,5,91840,10,25432,0,100,11,60,,,0,
2022-03-04 15:14:24,0.3,68473328,0.5,10391734,1,1201342,2,370187,5,14129,10,2472,0,100,11,60,,,0,
2022-03-04 15:15:24,0.3,50484632,0.5,6215471,1,722712,2,385729,5,57930,10,18014,0,100,11,60,,,0,
2022-03-04 15:16:24,0.3,86410096,0.5,15744259,1,1785588,2,645355,5,32144,10,3885,0,100,11,60,,,0,
2022-03-04 15:17:24,0.3,73325680,0.5,14370540,1,1881314,2,763334,5,39208,10,5298,-1,100,11,60,,,0,
2022-03-04 15:18:24,0.3,74057576,0.5,10921582,1,1226775,2,406570,5,27198,10,10243,0,100,11,60,,,0,
2022-03-04 15:19:24,0.3,69710704,0.5,11637937,1,1384316,2,512892,5,43800,10,8830,-1,100,11,60,,,0,
2022-03-04 15:20:24,0.3,56446484,0.5,8925115,1,1146591,2,809254,5,192158,10,46273,-1,100,11,60,,,0,
2022-03-04 15:21:24,0.3,54942776,0.5,7641116,1,936418,2,572942,5,108089,10,26492,0,100,11,60,,,0,
2022-03-04 15:22:24,0.3,47089720,0.5,6957965,1,826209,2,593429,5,169904,10,66407,0,100,11,60,,,0,
2022-03-04 15:23:24,0.3,53727304,0.5,9649240,1,1345814,2,902154,5,163899,10,30731,-1,100,11,60,,,0,
2022-03-04 15:24:24,0.3,58353936,0.5,10393853,1,1307665,2,805015,5,162839,10,39561,0,100,11,60,,,0,
2022-03-04 15:25:24,0.3,57502296,0.5,8536559,1,1067820,2,626986,5,110208,10,34263,-1,100,11,60,,,0,
2022-03-04 15:26:24,0.3,66977036,0.5,12896149,1,1613564,2,861179,5,133168,10,26845,-1,100,11,60,,,0,
2022-03-04 15:27:24,0.3,59567644,0.5,9585305,1,1224302,2,977039,5,227481,10,51218,-1,100,11,60,,,0,
2022-03-04 15:28:24,0.3,60391024,0.5,9642882,1,1128929,2,713882,5,183680,10,56870,-1,100,11,60,,,0,
2022-03-04 15:29:24,0.3,69303776,0.5,12962557,1,1660190,2,899328,5,127516,10,25079,-1,100,11,60,,,0,
2022-03-04 15:30:24,0.3,57762628,0.5,8509007,1,1065701,2,908159,5,252560,10,78417,-1,100,11,60,,,0,
2022-03-04 15:31:24,0.3,58945600,0.5,9780996,1,1261391,2,762628,5,153655,10,45566,-1,100,11,60,,,0,
2022-03-04 15:32:24,0.3,80591304,0.5,14545037,1,1643235,2,954433,5,266336,10,65701,0,100,11,60,,,0,
2022-03-04 15:33:24,0.3,63051216,0.5,10963264,1,1422465,2,1529494,5,443306,10,115153,-1,100,11,60,,,0,
2022-03-04 15:34:24,0.3,69620976,0.5,16871070,1,2398092,2,2438007,5,720593,10,172377,-1,100,11,60,,,0,
2022-03-04 15:35:24,0.3,57565876,0.5,13631225,1,1945249,2,1630519,5,397032,10,99258,-1,100,11,60,,,0,
2022-03-04 15:36:24,0.3,66214056,0.5,16036736,1,2315083,2,2185800,5,571529,10,122218,-1,100,11,60,,,0,
2022-03-04 15:37:24,0.3,64692688,0.5,15052631,1,2547156,2,5171670,5,1169904,10,262804,-1,100,11,60,,,0,
2022-03-04 15:38:24,0.3,67574704,0.5,16814552,1,2460614,2,3540091,5,959025,10,243376,-1,100,11,60,,,0,
2022-03-04 15:39:24,0.3,63144116,0.5,11994348,1,1778170,2,3010596,5,755210,10,182974,-1,100,11,60,,,0,
2022-03-04 15:40:24,0.3,73843512,0.5,28349698,1,4995408,2,7768986,5,1257506,10,175556,-1,100,11,60,,,0,
2022-03-04 15:41:24,0.3,72255032,0.5,21416460,1,3482161,2,5027905,5,1039561,10,226068,-1,100,11,60,,,0,
2022-03-04 15:42:24,0.3,88930760,0.5,40752028,1,7075238,2,5136700,5,502296,10,112327,-1,100,11,60,,,0,
2022-03-04 15:43:24,0.3,92311544,0.5,27368774,1,3959378,2,3326386,5,604380,10,80183,-1,100,11,60,,,0,
2022-03-04 15:44:24,0.3,85313312,0.5,39730128,1,7187919,2,5212645,5,521370,10,75591,-1,100,11,60,,,0,
2022-03-04 15:45:24,0.3,91262448,0.5,41235604,1,7687742,2,6774637,5,1199576,10,180501,-1,100,11,60,,,0,
2022-03-04 15:46:24,0.3,92284704,0.5,50100316,1,9438714,2,7104203,5,757329,10,64994,-1,100,11,60,,,0,
2022-03-04 15:47:24,0.3,91785232,0.5,33363474,1,5307311,2,4027905,5,640409,10,86895,-1,100,11,60,,,0,
2022-03-04 15:48:24,0.3,65417872,0.5,18442952,1,2878841,2,2456022,5,467679,10,109855,-1,100,11,60,,,0,
2022-03-04 15:49:24,0.3,89509008,0.5,41610736,1,6862592,2,4736488,5,569056,10,96079,-1,100,11,60,,,0,
2022-03-04 15:50:24,0.3,96072408,0.5,45612504,1,7479335,2,4393147,5,448251,10,85128,-1,100,11,60,,,0,
2022-03-04 15:51:24,0.3,99999999,0.5,47317908,1,6981278,2,4228894,5,292122,10,18368,-1,100,11,60,,,0,
2022-03-04 15:52:24,0.3,99999999,0.5,48374072,1,7469092,2,4199223,5,244436,10,20840,-1,100,11,60,,,0,
2022-03-04 15:53:24,0.3,90499464,0.5,17589544,1,2107735,2,845284,5,114800,10,23666,-1,100,11,60,,,0,
2022-03-04 15:54:24,0.3,99999999,0.5,34327800,1,4726951,2,1471918,5,47333,10,11303,-1,100,11,60,,,0,
2022-03-04 15:55:24,0.3,99999999,0.5,47272692,1,6248675,2,1830801,5,30377,10,2825,-1,100,11,60,,,0,
2022-03-04 15:56:24,0.3,74573296,0.5,11311550,1,1267396,2,515365,5,83716,10,26139,0,100,11,60,,,0,
2022-03-04 15:57:24,0.3,79555984,0.5,12846344,1,1425644,2,492758,5,34969,10,14835,0,100,11,60,,,0,
2022-03-04 15:58:24,0.3,89508296,0.5,15026139,1,1536912,2,464500,5,22606,10,4592,0,100,11,60,,,0,
2022-03-04 15:59:24,0.3,99999999,0.5,28720592,1,3293889,2,916284,5,16955,10,2119,-1,100,11,60,,,0,
2022-03-04 16:00:24,0.3,82829032,0.5,12906040,1,1276227,2,380784,5,18014,10,3885,0,100,11,60,,,0,
2022-03-04 16:01:24,0.3,94841752,0.5,17018720,1,1705404,2,489226,5,8124,10,1059,-1,100,11,60,,,0,
2022-03-04 16:02:24,0.3,70568704,0.5,8738961,1,817025,2,293889,5,16248,10,6711,0,100,11,60,,,0,
2022-03-04 16:03:24,0.3,99999999,0.5,21721300,1,2147651,2,588484,5,8477,10,1059,-1,100,11,60,,,0,
2022-03-04 16:04:24,0.3,99999999,0.5,15967502,1,1424231,2,414341,5,13422,10,4238,0,100,11,60,,,0,
2022-03-04 16:05:24,0.3,87681032,0.5,12338396,1,1200635,2,381490,5,6358,10,706,-1,100,11,60,,,0,
2022-03-04 16:06:24,0.3,93472624,0.5,14244083,1,1322500,2,403744,5,8477,10,1766,-1,100,11,60,,,0,
2022-03-04 16:07:24,0.3,86020840,0.5,10976686,1,968209,2,326739,5,11656,10,706,0,100,11,60,,,0,
2022-03-04 16:08:24,0.3,67293184,0.5,7154715,1,619569,2,275521,5,12716,10,2825,0,100,11,60,,,0,
2022-03-04 16:09:24,0.3,99999999,0.5,14188625,1,1247615,2,394206,5,7064,10,2119,-1,100,11,60,,,0,
2022-03-05 11:45:49,0.3,6668315,0.5,427410,1,37795,2,21547,5,2825,10,706,1,59,11,60,,,0,
2022-03-05 11:46:49,0.3,6134934,0.5,406216,1,26492,2,11303,5,1412,10,353,0,59,11,60,,,0,
2022-03-05 11:47:49,0.3,7007064,0.5,461674,1,33910,2,21193,5,706,10,0,1,56,11,60,,,0,
2022-03-05 11:48:49,0.3,6506888,0.5,419286,1,45566,2,19780,5,1412,10,353,0,58,11,60,,,0,
2022-03-05 11:49:49,0.3,6841045,0.5,438361,1,33203,2,14129,5,353,10,0,0,59,11,60,,,0,
2022-03-05 11:50:49,0.3,6910279,0.5,422818,1,34263,2,19074,5,706,10,353,0,60,11,60,,,0,
2022-03-05 11:51:49,0.3,6525256,0.5,431649,1,30024,2,20840,5,1412,10,353,0,59,11,60,,,0,
2022-03-05 11:52:49,0.3,7080183,0.5,461321,1,36736,2,24019,5,706,10,0,0,57,11,60,,,0,
2022-03-05 11:53:49,0.3,6829035,0.5,432002,1,39208,2,20840,5,706,10,0,1,57,11,60,,,0,
2022-03-05 11:54:49,0.3,6601201,0.5,406923,1,37442,2,15188,5,353,10,0,0,57,11,60,,,0,
2022-03-05 11:55:49,0.3,7354998,0.5,480748,1,40268,2,27198,5,706,10,0,0,59,11,60,,,0,
2022-03-05 11:56:49,0.3,6488520,0.5,404450,1,38502,2,18014,5,0,10,0,0,58,11,60,,,0,
2022-03-05 11:57:49,0.3,6054397,0.5,382550,1,27552,2,20840,5,1412,10,706,0,56,11,60,,,0,
2022-03-05 11:58:49,0.3,6369480,0.5,397386,1,36029,2,18014,5,1766,10,1059,1,55,11,60,,,0,
2022-03-05 11:59:49,0.3,7535146,0.5,470151,1,44154,2,23666,5,1412,10,706,1,56,11,60,,,0,
2022-03-05 12:00:49,0.3,7717767,0.5,482868,1,41328,2,18368,5,1059,10,0,1,59,11,60,,,0,
2022-03-05 12:01:49,0.3,7558106,0.5,463793,1,46273,2,21900,5,706,10,0,1,57,11,60,,,0,
2022-03-05 12:02:49,0.3,7664076,0.5,488873,1,50158,2,13776,5,1059,10,0,2,58,11,60,,,0,
2022-03-05 12:03:49,0.3,7776404,0.5,519251,1,48746,2,20487,5,1059,10,353,1,56,11,60,,,0,
2022-03-05 12:04:49,0.3,7685270,0.5,471918,1,39561,2,19780,5,2472,10,0,1,56,11,60,,,0,
2022-03-05 12:05:49,0.3,7944895,0.5,511833,1,44860,2,26492,5,1766,10,1412,1,57,11,60,,,0,
2022-03-05 12:06:49,0.3,8342281,0.5,492758,1,43447,2,21193,5,1059,10,1412,1,59,11,60,,,0,
2022-03-05 12:07:49,0.3,8477923,0.5,529141,1,44154,2,23313,5,2119,10,1766,1,58,11,60,,,0,
2022-03-05 12:08:49,0.3,8316142,0.5,515718,1,50512,2,21547,5,1766,10,0,1,59,11,60,,,0,
2022-03-05 12:09:49,0.3,8412222,0.5,513599,1,48039,2,19074,5,1412,10,353,1,60,11,60,,,0,
2022-03-05 12:10:49,0.3,8071352,0.5,618862,1,141999,2,211232,5,24373,10,4945,1,59,11,60,,,0,
2022-03-05 12:11:49,0.3,7868244,0.5,500176,1,52984,2,40621,5,4238,10,1766,1,58,11,60,,,0,
2022-03-05 12:12:49,0.3,7737195,0.5,493818,1,54044,2,58636,5,10596,10,353,2,54,11,60,,,0,
2022-03-05 12:13:49,0.3,7689155,0.5,486400,1,40974,2,20487,5,1059,10,706,2,53,11,60,,,0,
2022-03-05 12:14:49,0.3,7965030,0.5,496644,1,44154,2,22960,5,706,10,353,2,56,11,60,,,0,
2022-03-05 12:15:49,0.3,7800070,0.5,495231,1,43094,2,20840,5,2472,10,706,2,54,11,60,,,0,
2022-03-05 12:16:49,0.3,7601907,0.5,462734,1,39915,2,23313,5,2119,10,0,2,55,11,60,,,0,
2022-03-05 12:17:49,0.3,8164606,0.5,484281,1,44154,2,19074,5,2825,10,353,2,56,11,60,,,0,
2022-03-05 12:18:49,0.3,8064288,0.5,505475,1,39561,2,17661,5,1412,10,353,2,57,11,60,,,0,
2022-03-05 12:19:49,0.3,7426704,0.5,474743,1,40268,2,19780,5,2472,10,353,2,57,11,60,,,0,
2022-03-05 12:20:49,0.3,7593429,0.5,480042,1,42387,2,20134,5,2119,10,353,2,54,11,60,,,0,
2022-03-05 12:21:49,0.3,7942776,0.5,487813,1,39915,2,27905,5,1766,10,353,2,55,11,60,,,0,
2022-03-05 12:22:49,0.3,7930766,0.5,478982,1,38149,2,26492,5,1059,10,706,2,52,11,60,,,0,
2022-03-05 12:23:49,0.3,7449664,0.5,460261,1,34969,2,17661,5,1059,10,0,2,53,11,60,,,0,
2022-03-05 12:24:49,0.3,7300953,0.5,466972,1,39208,2,18368,5,1412,10,353,2,52,11,60,,,0,
2022-03-05 12:25:49,0.3,8165312,0.5,520310,1,43447,2,16955,5,1766,10,0,1,53,11,60,,,0,
2022-03-05 12:26:49,0.3,7451077,0.5,482161,1,40974,2,20840,5,1412,10,0,1,53,11,60,,,0,
2022-03-05 12:27:49,0.3,8222536,0.5,493465,1,44154,2,25079,5,0,10,706,1,54,11,60,,,0,
2022-03-05 12:28:49,0.3,7315789,0.5,468385,1,42741,2,18014,5,2119,10,706,1,53,11,60,,,0,
2022-03-05 12:29:49,0.3,7603320,0.5,473684,1,50158,2,26845,5,1059,10,0,1,54,11,60,,,0,
2022-03-05 12:30:49,0.3,8411515,0.5,524196,1,54044,2,44507,5,1766,10,353,2,54,11,60,,,0,
2022-03-05 12:31:49,0.3,7616036,0.5,513952,1,48392,2,35323,5,2119,10,0,2,52,11,60,,,0,
2022-03-05 12:32:49,0.3,7531967,0.5,487460,1,44154,2,25785,5,353,10,353,2,50,11,60,,,0,
2022-03-05 12:33:49,0.3,7206640,0.5,477216,1,41681,2,20487,5,1059,10,353,1,51,11,60,,,0,
2022-03-05 12:34:49,0.3,7430943,0.5,494524,1,41328,2,25432,5,353,10,0,1,53,11,60,,,0,
2022-03-05 12:35:49,0.3,6894030,0.5,464853,1,47333,2,14835,5,0,10,0,1,52,11,60,,,0,
2022-03-05 12:36:49,0.3,7702578,0.5,488873,1,37089,2,21547,5,1059,10,0,1,51,11,60,,,0,
2022-03-05 12:37:49,0.3,8266690,0.5,537619,1,45566,2,14129,5,1059,10,0,1,50,11,60,,,0,
2022-03-05 12:38:49,0.3,7777817,0.5,515365,1,41328,2,22960,5,353,10,0,1,52,11,60,,,0,
2022-03-05 12:39:49,0.3,7218297,0.5,479689,1,40268,2,16248,5,706,10,1059,1,54,11,60,,,0,
2022-03-05 12:40:49,0.3,8087248,0.5,507947,1,35323,2,16955,5,706,10,0,1,54,11,60,,,0,
2022-03-05 12:41:49,0.3,8434828,0.5,543270,1,47333,2,20487,5,1059,10,353,2,49,11,60,,,0,
2022-03-05 12:42:49,0.3,7804662,0.5,493465,1,34616,2,18721,5,353,10,353,2,50,11,60,,,0,
2022-03-05 12:43:49,0.3,7020840,0.5,437654,1,26139,2,17308,5,1412,10,353,1,51,11,60,,,0,
2022-03-05 12:44:49,0.3,7989756,0.5,463793,1,39915,2,15542,5,1766,10,0,2,51,11,60,,,0,
2022-03-05 12:45:49,0.3,7587424,0.5,468385,1,33910,2,20840,5,706,10,353,2,51,11,60,,,0,
2022-03-05 12:46:49,0.3,7506181,0.5,458142,1,34263,2,17661,5,1766,10,0,2,51,11,60,,,0,
2022-03-05 12:47:49,0.3,8203814,0.5,512186,1,37795,2,20487,5,706,10,0,2,52,11,60,,,0,
2022-03-05 12:48:49,0.3,7507594,0.5,450017,1,36029,2,21547,5,706,10,0,1,51,11,60,,,0,
2022-03-05 12:49:49,0.3,7600141,0.5,467679,1,33557,2,18721,5,706,10,706,1,52,11,60,,,0,
2022-03-05 12:50:49,0.3,7300953,0.5,489226,1,40621,2,18014,5,1412,10,353,1,53,11,60,,,0,
2022-03-05 12:51:49,0.3,7750618,0.5,470151,1,39208,2,20134,5,706,10,0,1,51,11,60,,,0,
2022-03-05 12:52:49,0.3,6800423,0.5,390321,1,27552,2,19780,5,1059,10,0,2,52,11,60,,,0,
2022-03-05 12:53:49,0.3,7800423,0.5,478982,1,40621,2,18014,5,1766,10,0,2,51,11,60,,,0,
2022-03-05 12:54:49,0.3,7238078,0.5,416813,1,32497,2,14129,5,1059,10,353,2,51,11,60,,,0,
2022-03-05 12:55:49,0.3,7784528,0.5,454962,1,34969,2,22960,5,1412,10,0,2,51,11,60,,,0,
2022-03-05 12:56:49,0.3,7507947,0.5,466972,1,38502,2,21193,5,706,10,0,1,53,11,60,,,0,
2022-03-05 12:57:49,0.3,6755563,0.5,388908,1,28965,2,15895,5,1059,10,0,1,51,11,60,,,0,
2022-03-05 12:58:49,0.3,7163546,0.5,440480,1,31790,2,25079,5,706,10,0,2,52,11,60,,,0,
2022-03-05 12:59:49,0.3,7488873,0.5,454609,1,28611,2,16601,5,1059,10,353,2,51,11,60,,,0,
2022-03-05 13:00:49,0.3,7124337,0.5,423878,1,37795,2,19780,5,2119,10,353,2,51,11,60,,,0,
2022-03-05 13:01:49,0.3,6750971,0.5,412928,1,33557,2,18014,5,1059,10,0,1,51,11,60,,,0,
2022-03-05 13:02:49,0.3,6413634,0.5,392440,1,31437,2,15895,5,2119,10,706,1,51,11,60,,,0,
2022-03-05 13:03:49,0.3,6227834,0.5,388202,1,25079,2,18721,5,1412,10,0,2,51,11,60,,,0,
2022-03-05 13:04:49,0.3,6807488,0.5,410102,1,38502,2,18721,5,706,10,353,2,49,11,60,,,0,
2022-03-05 13:05:49,0.3,6910985,0.5,422112,1,36736,2,17661,5,1059,10,0,1,49,11,60,,,0,
2022-03-05 13:06:49,0.3,7166372,0.5,430943,1,29318,2,23313,5,1412,10,353,2,50,11,60,,,0,
2022-03-05 13:07:49,0.3,6854821,0.5,401271,1,32850,2,19427,5,706,10,0,2,49,11,60,,,0,
2022-03-05 13:08:49,0.3,6640056,0.5,402684,1,30731,2,13776,5,0,10,706,2,50,11,60,,,0,
2022-03-05 13:09:49,0.3,7102790,0.5,439067,1,32144,2,23313,5,706,10,353,2,48,11,60,,,0,
2022-03-05 13:10:49,0.3,6282585,0.5,391027,1,35676,2,17661,5,1059,10,706,2,49,11,60,,,0,
2022-03-05 13:11:49,0.3,5869657,0.5,374426,1,27198,2,15895,5,1766,10,0,1,49,11,60,,,0,
2022-03-05 13:12:49,0.3,6372306,0.5,392087,1,33203,2,18368,5,706,10,0,2,49,11,60,,,0,
2022-03-05 13:13:49,0.3,7104909,0.5,440480,1,32497,2,22253,5,1059,10,706,2,50,11,60,,,0,
2022-03-05 13:14:49,0.3,6845284,0.5,399152,1,33557,2,15542,5,706,10,0,2,49,11,60,,,0,
2022-03-05 13:15:49,0.3,7442599,0.5,446485,1,40974,2,20487,5,1412,10,353,2,48,11,60,,,0,
2022-03-05 13:16:49,0.3,7432356,0.5,450724,1,35323,2,26492,5,706,10,353,2,47,11,60,,,0,
2022-03-05 13:17:49,0.3,6731896,0.5,397739,1,43447,2,21193,5,706,10,706,3,50,11,60,,,0,
2022-03-05 13:18:49,0.3,7143765,0.5,436241,1,27198,2,26492,5,706,10,0,3,48,11,60,,,0,
2022-03-05 13:19:49,0.3,7302013,0.5,427057,1,34969,2,20840,5,706,10,706,3,48,11,60,,,0,
2022-03-05 13:20:49,0.3,7463440,0.5,422818,1,45566,2,26139,5,1766,10,0,3,47,11,60,,,0,
2022-03-05 13:21:49,0.3,6793712,0.5,417167,1,32144,2,21193,5,1766,10,0,2,48,11,60,,,0,
2022-03-05 13:22:49,0.3,7571176,0.5,457788,1,28965,2,21193,5,1766,10,0,3,47,11,60,,,0,
2022-03-05 13:23:49,0.3,6979865,0.5,429883,1,36382,2,14129,5,706,10,0,2,47,11,60,,,0,
2022-03-05 13:24:49,0.3,7315083,0.5,442953,1,46979,2,23666,5,706,10,0,3,47,11,60,,,0,
2022-03-07 11:52:34,0.3,28158248,0.5,2353232,1,267396,2,197809,5,16955,10,3532,0,44,11,60,,,0,
2022-03-07 11:53:34,0.3,29330978,0.5,2419992,1,237018,2,152596,5,10243,10,0,0,43,11,60,,,0,
2022-03-07 11:54:34,0.3,28893676,0.5,2348640,1,255740,2,156128,5,18014,10,0,1,43,11,60,,,0,
2022-03-07 11:55:34,0.3,28619214,0.5,2360296,1,251501,2,145531,5,12009,10,0,-1,42,11,60,,,0,
2022-03-07 11:56:34,0.3,29210172,0.5,2386082,1,316142,2,244789,5,32850,10,0,1,42,11,60,,,0,
2022-03-07 11:57:34,0.3,32440480,0.5,2881314,1,388908,2,274461,5,31437,10,0,1,41,11,60,,,0,
2022-03-07 11:58:34,0.3,28880254,0.5,2317202,1,271635,2,240904,5,31084,10,0,1,40,11,60,,,0,
2022-03-07 11:59:34,0.3,29711762,0.5,2458495,1,322147,2,341222,5,50512,10,0,-1,43,11,60,,,0,
2022-03-07 12:00:34,0.3,28087600,0.5,2211939,1,251148,2,151183,5,15895,10,0,0,42,11,60,,,0,
2022-03-07 12:01:34,0.3,28535498,0.5,2286824,1,259625,2,138466,5,13422,10,0,0,42,11,60,,,0,
2022-03-07 12:02:34,0.3,28920522,0.5,2252207,1,253973,2,166725,5,22606,10,0,0,43,11,60,,,0,
2022-03-07 12:03:34,0.3,28194984,0.5,2219710,1,255033,2,155068,5,15895,10,0,1,42,11,60,,,0,
2022-03-07 12:04:34,0.3,28696220,0.5,2240197,1,266690,2,146238,5,14835,10,0,-1,44,11,60,,,0,
2022-03-07 12:05:34,0.3,30180854,0.5,2376192,1,250794,2,152243,5,13069,10,0,0,45,11,60,,,0,
2022-03-07 12:06:34,0.3,29262098,0.5,2296714,1,243023,2,159660,5,14129,10,0,1,43,11,60,,,0,
2022-03-07 12:07:34,0.3,28169198,0.5,2276227,1,263511,2,203461,5,21547,10,0,0,43,11,60,,,0,
2022-03-07 12:08:34,0.3,28363122,0.5,2245849,1,253973,2,166372,5,10596,10,0,1,44,11,60,,,0,
2022-03-07 12:09:34,0.3,27120098,0.5,2152243,1,245849,2,135994,5,10950,10,0,1,43,11,60,,,0,
2022-03-07 12:10:34,0.3,28950546,0.5,2291063,1,248322,2,148004,5,18014,10,0,1,42,11,60,,,0,
2022-03-07 12:11:34,0.3,27560578,0.5,2254680,1,300953,2,321087,5,39208,10,0,1,42,11,60,,,0,
2022-03-07 12:12:34,0.3,27792652,0.5,2155422,1,257152,2,196397,5,21193,10,0,0,41,11,60,,,0,
2022-03-07 12:13:34,0.3,28825856,0.5,2219357,1,244083,2,141999,5,13776,10,0,0,41,11,60,,,0,
2022-03-07 12:14:34,0.3,27423524,0.5,2067820,1,235605,2,130695,5,18721,10,0,0,44,11,60,,,0,
2022-03-07 12:15:34,0.3,27486046,0.5,2168491,1,234546,2,140939,5,13422,10,0,0,47,11,60,,,0,
2022-03-07 12:16:34,0.3,24252560,0.5,1854115,1,187213,2,117979,5,11656,10,0,-1,47,11,60,,,0,
2022-03-07 12:17:34,0.3,22666194,0.5,1748852,1,192511,2,93253,5,7771,10,0,-2,50,11,60,,,0,
2022-03-07 12:18:34,0.3,21133168,0.5,1597315,1,192158,2,101377,5,7064,10,0,-1,50,11,60,,,0,
2022-03-07 12:19:34,0.3,21208760,0.5,1576474,1,168491,2,100671,5,4945,10,0,-1,52,11,60,,,0,
2022-03-07 12:20:34,0.3,20283998,0.5,1504062,1,162839,2,90780,5,6004,10,0,-2,47,11,60,,,0,
2022-03-07 12:21:34,0.3,17819144,0.5,1275521,1,154715,2,76298,5,4592,10,0,-3,52,11,60,,,0,
2022-03-07 12:22:34,0.3,16546096,0.5,1174143,1,135994,2,78417,5,6358,10,0,-1,50,11,60,,,0,
2022-03-07 12:23:34,0.3,17461320,0.5,1205227,1,149417,2,79123,5,1059,10,0,-3,51,11,60,,,0,
2022-03-07 12:24:34,0.3,17723066,0.5,1266690,1,145531,2,74178,5,3885,10,0,-3,53,11,60,,,0,
2022-03-07 12:25:34,0.3,18120804,0.5,1258212,1,152596,2,64288,5,2119,10,0,-2,57,11,60,,,0,
2022-03-07 12:26:34,0.3,18677146,0.5,1375838,1,198516,2,160720,5,16248,10,0,-3,55,11,60,,,0,
2022-03-07 12:27:34,0.3,18628046,0.5,1328505,1,155775,2,101024,5,2472,10,0,-3,55,11,60,,,0,
2022-03-07 12:28:34,0.3,17602260,0.5,1261391,1,147297,2,80890,5,4945,10,0,-2,54,11,60,,,0,
2022-03-07 12:29:34,0.3,19104556,0.5,1336630,1,155068,2,81949,5,2119,10,0,-3,58,11,60,,,0,
2022-03-07 12:30:34,0.3,18692334,0.5,1342988,1,142705,2,90780,5,3179,10,0,-2,59,11,60,,,0,
2022-03-07 12:31:34,0.3,17814552,0.5,1262804,1,146944,2,92900,5,4945,10,0,-3,54,11,60,,,0,
2022-03-07 12:32:34,0.3,18506888,0.5,1291416,1,153302,2,128929,5,7771,10,0,-2,54,11,60,,,0,
2022-03-07 12:33:34,0.3,16920170,0.5,1152596,1,130695,2,95725,5,4945,10,0,-1,51,11,60,,,0,
2022-03-07 12:34:34,0.3,17324266,0.5,1215471,1,146591,2,87954,5,5298,10,0,-2,52,11,60,,,0,
2022-03-07 12:35:34,0.3,18933238,0.5,1363122,1,188979,2,109501,5,7771,10,0,-3,55,11,60,,,0,
2022-03-07 12:36:34,0.3,18289296,0.5,1256093,1,139879,2,83009,5,4238,10,0,-3,55,11,60,,,0,
2022-03-07 12:37:34,0.3,18695160,0.5,1295302,1,149417,2,81596,5,5298,10,0,-3,56,11,60,,,0,
2022-03-07 12:38:34,0.3,19154716,0.5,1348640,1,159660,2,83009,5,1412,10,0,-4,59,11,60,,,0,
2022-03-07 12:39:34,0.3,18662662,0.5,1298834,1,143412,2,72765,5,3532,10,0,-3,57,11,60,,,0,
2022-03-07 12:40:34,0.3,19162132,0.5,1339809,1,144471,2,84422,5,2825,10,0,-3,61,11,60,,,0,
2022-03-07 12:41:34,0.3,18438714,0.5,1256446,1,165665,2,97492,5,6004,10,0,-3,57,11,60,,,0,
2022-03-07 12:42:34,0.3,17488166,0.5,1244436,1,130342,2,88308,5,3532,10,0,-2,53,11,60,,,0,
2022-03-07 12:43:34,0.3,18126456,0.5,1254680,1,142352,2,84422,5,5298,10,0,-3,54,11,60,,,0,
2022-03-07 12:44:34,0.3,18612150,0.5,1317555,1,143058,2,81243,5,1766,10,0,-4,55,11,60,,,0,
2022-03-07 12:45:34,0.3,19429176,0.5,1368421,1,153655,2,70646,5,4592,10,0,-3,59,11,60,,,0,
2022-03-07 12:46:34,0.3,19607206,0.5,1370540,1,158954,2,88661,5,3885,10,0,-4,58,11,60,,,0,
2022-03-07 12:47:34,0.3,18370894,0.5,1258565,1,151889,2,106322,5,8477,10,0,-2,55,11,60,,,0,
2022-03-07 12:48:34,0.3,18119392,0.5,1262098,1,145884,2,88661,5,4945,10,0,-1,56,11,60,,,0,
2022-03-07 12:49:34,0.3,20198870,0.5,1363475,1,153655,2,87601,5,2119,10,0,-3,58,11,60,,,0,
2022-03-07 12:50:34,0.3,19904274,0.5,1342635,1,147297,2,84775,5,2472,10,0,-2,61,11,60,,,0,
2022-03-07 12:51:34,0.3,19777464,0.5,1361356,1,193924,2,143412,5,11303,10,0,-3,59,11,60,,,0,
2022-03-07 12:52:34,0.3,19678558,0.5,1327092,1,144471,2,84069,5,2825,10,0,-3,59,11,60,,,0,
2022-03-07 12:53:34,0.3,18181914,0.5,1241257,1,143058,2,82303,5,6004,10,0,-1,53,11,60,,,0,
2022-03-07 12:54:34,0.3,17328152,0.5,1205934,1,169198,2,121158,5,11656,10,0,0,49,11,60,,,0,
2022-03-07 12:55:34,0.3,18450370,0.5,1288943,1,153655,2,92193,5,4945,10,0,-1,51,11,60,,,0,
2022-03-07 12:56:34,0.3,18423172,0.5,1340515,1,226421,2,198869,5,13069,10,0,-1,51,11,60,,,0,
2022-03-07 12:57:34,0.3,18611798,0.5,1282232,1,161427,2,92193,5,3532,10,0,-2,54,11,60,,,0,
2022-03-07 12:58:34,0.3,18646414,0.5,1281879,1,149063,2,97845,5,4238,10,0,-2,54,11,60,,,0,
2022-03-07 12:59:34,0.3,18281172,0.5,1238078,1,147297,2,93253,5,4592,10,0,-1,51,11,60,,,0,
2022-03-07 13:00:34,0.3,18112680,0.5,1247262,1,151536,2,99258,5,7771,10,0,-2,52,11,60,,,0,
2022-03-07 13:01:34,0.3,18756622,0.5,1296714,1,146591,2,88308,5,3532,10,0,-2,54,11,60,,,0,
2022-03-07 13:02:34,0.3,19237372,0.5,1322854,1,160014,2,108089,5,6711,10,0,-2,58,11,60,,,0,
2022-03-07 13:03:34,0.3,18348992,0.5,1251854,1,140939,2,94666,5,3532,10,0,-2,53,11,60,,,0,
2022-03-07 13:04:34,0.3,19308724,0.5,1339102,1,144825,2,89367,5,3532,10,0,-2,57,11,60,,,0,
2022-03-07 13:05:34,0.3,19718120,0.5,1315436,1,145531,2,76651,5,1412,10,0,-4,60,11,60,,,0,
2022-03-07 13:06:34,0.3,18977746,0.5,1272695,1,137407,2,79477,5,4238,10,0,-2,58,11,60,,,0,
2022-03-07 13:07:34,0.3,19888024,0.5,1349346,1,142352,2,78064,5,3885,10,0,-2,61,11,60,,,0,
2022-03-07 13:08:34,0.3,19813846,0.5,1364888,1,165665,2,116919,5,5298,10,0,-3,59,11,60,,,0,
2022-03-07 13:09:34,0.3,19493464,0.5,1359590,1,175556,2,133521,5,9890,10,0,-1,60,11,60,,,0,
2022-03-07 13:10:34,0.3,19631578,0.5,1359943,1,170964,2,125044,5,6358,10,0,-3,56,11,60,,,0,
2022-03-07 13:11:34,0.3,18882374,0.5,1319321,1,159660,2,141646,5,7417,10,0,-3,59,11,60,,,0,
2022-03-07 13:12:34,0.3,18986930,0.5,1283998,1,150476,2,92900,5,3179,10,0,-2,59,11,60,,,0,
2022-03-07 13:13:34,0.3,17894384,0.5,1213352,1,150123,2,114800,5,6004,10,0,-2,57,11,60,,,0,
2022-03-07 13:14:34,0.3,17789120,0.5,1233133,1,143412,2,83009,5,6711,10,0,-2,58,11,60,,,0,
2022-03-07 13:15:34,0.3,18907806,0.5,1290356,1,147651,2,80536,5,2472,10,0,-3,58,11,60,,,0,
2022-03-07 13:16:34,0.3,19210878,0.5,1334157,1,157541,2,86895,5,4945,10,0,-2,61,11,60,,,0,
2022-03-07 13:17:34,0.3,17933592,0.5,1229600,1,149417,2,98551,5,5298,10,0,-2,54,11,60,,,0,
2022-03-07 13:18:34,0.3,19466972,0.5,1310844,1,156128,2,88308,5,2119,10,0,-2,57,11,60,,,0,
2022-03-07 13:19:34,0.3,19489226,0.5,1329212,1,157188,2,99964,5,6358,10,0,-2,58,11,60,,,0,
2022-03-07 13:20:34,0.3,20324620,0.5,1398092,1,149770,2,78770,5,3179,10,0,-2,59,11,60,,,0,
2022-03-07 13:21:34,0.3,19204874,0.5,1297068,1,148710,2,86895,5,2825,10,0,-3,56,11,60,,,0,
2022-03-07 13:22:34,0.3,19664076,0.5,1394207,1,139879,2,77004,5,2472,10,0,-2,58,11,60,,,0,
2022-03-07 13:23:34,0.3,19814906,0.5,1387495,1,168491,2,91840,5,5651,10,0,-3,61,11,60,,,0,
2022-03-07 13:24:34,0.3,17105262,0.5,1181914,1,127163,2,80536,5,5651,10,0,-1,53,11,60,,,0,
2022-03-07 13:25:34,0.3,18044860,0.5,1239844,1,153302,2,100317,5,3885,10,0,-2,52,11,60,,,0,
2022-03-07 13:26:34,0.3,18729424,0.5,1219357,1,143765,2,89014,5,2472,10,0,-1,56,11,60,,,0,
2022-03-07 13:27:34,0.3,19514658,0.5,1346520,1,133168,2,85482,5,3532,10,0,-2,56,11,60,,,0,
2022-03-07 13:28:34,0.3,18588484,0.5,1359943,1,193571,2,183327,5,12009,10,0,-1,57,11,60,,,0,
2022-03-07 13:29:34,0.3,19745320,0.5,1362062,1,156481,2,102437,5,8477,10,0,-2,59,11,60,,,0,
2022-03-07 13:30:34,0.3,18682090,0.5,1257506,1,138820,2,77357,5,5298,10,0,-2,56,11,60,,,0,
2022-03-07 13:31:34,0.3,19678558,0.5,1347933,1,176969,2,128223,5,4945,10,0,-1,57,11,60,,,0,
2022-03-07 20:15:18,0.3,25006358,0.5,1764040,1,166725,2,97138,5,6004,10,1412,-3,73,11,60,,,0,
2022-03-07 20:16:18,0.3,26582832,0.5,1831508,1,158601,2,56517,5,2472,10,353,-4,78,11,60,,,0,
2022-03-07 20:17:18,0.3,27274108,0.5,1954079,1,173790,2,83716,5,6358,10,1766,-4,81,11,60,,,0,
2022-03-07 20:18:18,0.3,26782408,0.5,1934652,1,166725,2,69233,5,3885,10,0,-4,83,11,60,,,0,
2022-03-07 20:19:18,0.3,29028258,0.5,2219357,1,202755,2,125397,5,9890,10,1059,-4,84,11,60,,,0,
2022-03-07 20:20:18,0.3,27191450,0.5,1883080,1,163899,2,68527,5,3532,10,353,-4,85,11,60,,,0,
2022-03-07 20:21:18,0.3,27351466,0.5,1874249,1,156128,2,68173,5,2119,10,0,-4,85,11,60,,,0,
2022-03-07 20:22:18,0.3,27618156,0.5,1860120,1,160367,2,81596,5,3179,10,1059,-4,86,11,60,,,0,
2022-03-07 20:23:18,0.3,27198162,0.5,1810667,1,157188,2,73472,5,706,10,0,-4,86,11,60,,,0,
2022-03-07 20:24:18,0.3,28635464,0.5,1939597,1,168138,2,66054,5,1412,10,0,-4,86,11,60,,,0,
2022-03-07 20:25:18,0.3,26967148,0.5,1814553,1,153302,2,77357,5,3179,10,706,-4,85,11,60,,,0,
2022-03-07 20:26:18,0.3,27352524,0.5,1869657,1,171317,2,68173,5,1412,10,353,-4,84,11,60,,,0,
2022-03-07 20:27:18,0.3,27947368,0.5,1884846,1,190392,2,120098,5,7064,10,353,-4,84,11,60,,,0,
2022-03-07 20:28:18,0.3,26906392,0.5,1773931,1,158954,2,92193,5,3885,10,1059,-3,83,11,60,,,0,
2022-03-07 20:29:18,0.3,29736134,0.5,2020134,1,174496,2,70646,5,3532,10,706,-4,84,11,60,,,0,
2022-03-07 20:30:18,0.3,30682090,0.5,2119039,1,183680,2,82303,5,1766,10,353,-4,86,11,60,,,0,
2022-03-07 20:31:18,0.3,30242670,0.5,2074885,1,178028,2,86188,5,2472,10,353,-4,85,11,60,,,0,
2022-03-07 20:32:18,0.3,27612504,0.5,1907099,1,173790,2,72059,5,1766,10,353,-4,86,11,60,,,0,
2022-03-07 20:33:18,0.3,29758036,0.5,2057930,1,174496,2,70999,5,706,10,706,-4,88,11,60,,,0,
2022-03-07 20:34:18,0.3,28725538,0.5,1960084,1,173083,2,69586,5,1412,10,353,-4,88,11,60,,,0,
2022-03-07 20:35:18,0.3,29770044,0.5,1998587,1,186153,2,76651,5,2472,10,0,-5,89,11,60,,,0,
2022-03-07 20:36:18,0.3,29723418,0.5,2027905,1,169904,2,126810,5,5298,10,0,-5,89,11,60,,,0,
2022-03-07 20:37:18,0.3,29906392,0.5,1996467,1,200282,2,128223,5,6358,10,353,-4,89,11,60,,,0,
2022-03-07 20:38:18,0.3,30404096,0.5,2004592,1,178735,2,127163,5,6004,10,706,-4,87,11,60,,,0,
2022-03-07 20:39:18,0.3,28842104,0.5,1920876,1,163546,2,125750,5,9890,10,3179,-4,86,11,60,,,0,
2022-03-07 20:40:18,0.3,31085482,0.5,2030024,1,160720,2,76298,5,1412,10,1059,-4,89,11,60,,,0,
2022-03-07 20:41:18,0.3,31092192,0.5,2048392,1,163899,2,102437,5,2825,10,0,-4,87,11,60,,,0,
2022-03-07 20:42:18,0.3,30414340,0.5,2058636,1,155422,2,86895,5,1766,10,353,-3,84,11,60,,,0,
2022-03-07 20:43:18,0.3,32487460,0.5,2310137,1,191451,2,110208,5,4592,10,1059,-4,84,11,60,,,0,
2022-03-07 20:44:18,0.3,32783468,0.5,2298834,1,178028,2,87601,5,1766,10,0,-4,85,11,60,,,0,
2022-03-07 20:45:18,0.3,34240196,0.5,2379018,1,164606,2,82303,5,1059,10,706,-4,86,11,60,,,0,
2022-03-07 20:46:18,0.3,31408336,0.5,2212292,1,154715,2,75238,5,706,10,353,-4,86,11,60,,,0,
2022-03-07 20:47:18,0.3,32363828,0.5,2266690,1,175909,2,110914,5,6004,10,1766,-4,84,11,60,,,0,
2022-03-07 20:48:18,0.3,33979512,0.5,2321794,1,175909,2,89367,5,3885,10,353,-4,85,11,60,,,0,
2022-03-07 20:49:18,0.3,32535852,0.5,2220416,1,174849,2,81596,5,1412,10,353,-4,84,11,60,,,0,
2022-03-07 20:50:18,0.3,36350052,0.5,2539738,1,205581,2,135994,5,3532,10,1059,-4,86,11,60,,,0,
2022-03-07 20:51:18,0.3,37581772,0.5,2577181,1,203814,2,97845,5,1412,10,706,-4,88,11,60,,,0,
2022-03-07 20:52:18,0.3,37697280,0.5,2662310,1,206993,2,137760,5,3885,10,706,-4,89,11,60,,,0,
2022-03-07 20:53:18,0.3,34103144,0.5,2356764,1,201342,2,173790,5,12009,10,1766,-4,88,11,60,,,0,
2022-03-07 20:54:18,0.3,35701164,0.5,2452490,1,188979,2,120098,5,6711,10,706,-4,85,11,60,,,0,
2022-03-07 20:55:18,0.3,35253268,0.5,2321441,1,176616,2,80890,5,2119,10,1412,-4,85,11,60,,,0,
2022-03-07 20:56:18,0.3,35137052,0.5,2387495,1,190038,2,93253,5,1059,10,1412,-4,85,11,60,,,0,
2022-03-07 20:57:18,0.3,35100316,0.5,2373366,1,191098,2,101024,5,3885,10,706,-3,85,11,60,,,0,
2022-03-07 20:58:18,0.3,34138112,0.5,2339102,1,193217,2,111974,5,6004,10,706,-3,83,11,60,,,0,
2022-03-07 20:59:18,0.3,34789824,0.5,2302013,1,180148,2,92546,5,4592,10,1412,-3,84,11,60,,,0,
2022-03-07 21:00:18,0.3,35889084,0.5,2440833,1,185093,2,95725,5,7064,10,2119,-4,85,11,60,,,0,
2022-03-07 21:01:18,0.3,35415752,0.5,2435535,1,200635,2,125397,5,6004,10,1766,-4,87,11,60,,,0,
2022-03-07 21:02:18,0.3,34982692,0.5,2375485,1,197103,2,114447,5,4238,10,4592,-4,88,11,60,,,0,
2022-03-07 21:03:18,0.3,36984456,0.5,2545743,1,200282,2,132462,5,4945,10,1059,-4,90,11,60,,,0,
2022-03-07 21:04:18,0.3,36926172,0.5,2567643,1,189685,2,113034,5,3179,10,2119,-4,89,11,60,,,0,
2022-03-07 21:05:18,0.3,36750972,0.5,2578594,1,208406,2,103850,5,2472,10,1059,-4,89,11,60,,,0,
2022-03-07 21:06:18,0.3,36075592,0.5,2456729,1,192158,2,105263,5,3179,10,706,-4,89,11,60,,,0,
2022-03-07 21:07:18,0.3,36963264,0.5,2509007,1,189685,2,103143,5,5298,10,353,-4,87,11,60,,,0,
2022-03-07 21:08:18,0.3,37077356,0.5,2557400,1,204874,2,96785,5,2472,10,706,-4,88,11,60,,,0,
2022-03-07 21:09:18,0.3,38971032,0.5,2680678,1,205581,2,94312,5,1412,10,353,-5,91,11,60,,,0,
2022-03-07 21:10:18,0.3,38422112,0.5,2677499,1,227128,2,97845,5,706,10,1059,-5,91,11,60,,,0,
2022-03-07 21:11:18,0.3,38158248,0.5,2644648,1,226421,2,162486,5,8124,10,353,-5,91,11,60,,,0,
2022-03-07 21:12:18,0.3,35767220,0.5,2520664,1,212292,2,193217,5,13069,10,3179,-4,90,11,60,,,0,
2022-03-07 21:13:18,0.3,37294948,0.5,2608265,1,193217,2,161780,5,9537,10,1059,-4,90,11,60,,,0,
2022-03-07 21:14:18,0.3,36026140,0.5,2563051,1,188625,2,125750,5,7417,10,2119,-4,90,11,60,,,0,
2022-03-07 21:15:18,0.3,35806428,0.5,2519957,1,201695,2,128929,5,4945,10,706,-4,90,11,60,,,0,
2022-03-07 21:16:18,0.3,38511124,0.5,2780642,1,192511,2,125397,5,3179,10,706,-4,91,11,60,,,0,
2022-03-07 21:17:18,0.3,35332392,0.5,2449311,1,209113,2,111268,5,4592,10,353,-4,87,11,60,,,0,
2022-03-07 21:18:18,0.3,34492756,0.5,2452490,1,197809,2,96432,5,2825,10,4945,-3,85,11,60,,,0,
2022-03-07 21:19:18,0.3,34751324,0.5,2418933,1,182267,2,97845,5,3179,10,706,-3,85,11,60,,,0,
2022-03-07 21:20:18,0.3,33090780,0.5,2267396,1,185093,2,98904,5,3885,10,706,-2,83,11,60,,,0,
2022-03-07 21:21:18,0.3,33906392,0.5,2348993,1,180501,2,101024,5,1059,10,353,-3,82,11,60,,,0,
2022-03-07 21:22:18,0.3,31602612,0.5,2238784,1,205227,2,177675,5,5651,10,706,-3,81,11,60,,,0,
2022-03-07 21:23:18,0.3,31923348,0.5,2168844,1,174496,2,133521,5,4592,10,706,-3,81,11,60,,,0,
2022-03-07 21:24:18,0.3,31525962,0.5,2225362,1,179088,2,104909,5,3885,10,353,-3,81,11,60,,,0,
2022-03-07 21:25:18,0.3,32525608,0.5,2260685,1,199929,2,149770,5,3885,10,353,-2,81,11,60,,,0,
2022-03-07 21:26:18,0.3,33757680,0.5,2352172,1,197456,2,111268,5,2472,10,353,-4,82,11,60,,,0,
2022-03-07 21:27:18,0.3,35316848,0.5,2458495,1,199929,2,102437,5,2825,10,706,-4,85,11,60,,,0,
2022-03-07 21:28:18,0.3,34718472,0.5,2442599,1,188979,2,93606,5,2472,10,1059,-4,85,11,60,,,0,
2022-03-07 21:29:18,0.3,35574000,0.5,2496997,1,191098,2,122924,5,4238,10,0,-4,86,11,60,,,0,
2022-03-07 21:30:18,0.3,34485692,0.5,2352878,1,182974,2,112681,5,1766,10,353,-3,85,11,60,,,0,
2022-03-07 21:31:18,0.3,34645708,0.5,2399505,1,190038,2,101024,5,1412,10,353,-4,83,11,60,,,0,
2022-03-07 21:32:18,0.3,35919460,0.5,2505828,1,180148,2,122924,5,3532,10,706,-3,84,11,60,,,0,
2022-03-07 21:33:18,0.3,36777108,0.5,2541858,1,203461,2,127163,5,3532,10,1059,-4,86,11,60,,,0,
2022-03-07 21:34:18,0.3,36673260,0.5,2565171,1,206287,2,131402,5,7417,10,1766,-3,87,11,60,,,0,
2022-03-07 21:35:18,0.3,36113740,0.5,2555987,1,224655,2,150476,5,6004,10,706,-4,85,11,60,,,0,
2022-03-07 21:36:18,0.3,34253972,0.5,2338749,1,210526,2,135641,5,7417,10,3179,-4,83,11,60,,,0,
2022-03-07 21:37:18,0.3,34868244,0.5,2427764,1,209819,2,152949,5,6358,10,1412,-3,83,11,60,,,0,
2022-03-07 21:38:18,0.3,37291768,0.5,2694807,1,245143,2,213705,5,16955,10,3885,-4,85,11,60,,,0,
2022-03-07 21:39:18,0.3,36990816,0.5,2583186,1,210526,2,131402,5,2825,10,1059,-4,89,11,60,,,0,
2022-03-07 21:40:18,0.3,37314376,0.5,2664076,1,194630,2,130695,5,2825,10,353,-4,90,11,60,,,0,
2022-03-07 21:41:18,0.3,37760508,0.5,2693747,1,219357,2,140233,5,5298,10,0,-4,88,11,60,,,0,
2022-03-07 21:42:18,0.3,36616036,0.5,2588837,1,212998,2,116213,5,3532,10,1059,-3,88,11,60,,,0,
2022-03-07 21:43:18,0.3,37369480,0.5,2659131,1,208760,2,118685,5,2472,10,706,-4,88,11,60,,,0,
2022-03-07 21:44:18,0.3,36664428,0.5,2648534,1,216531,2,107382,5,2825,10,0,-4,91,11,60,,,0,
2022-03-07 21:45:18,0.3,39015896,0.5,2809607,1,211232,2,98904,5,1766,10,0,-5,92,11,60,,,0,
2022-03-07 21:46:18,0.3,37741432,0.5,2761215,1,212645,2,114447,5,4592,10,353,-5,91,11,60,,,0,
2022-03-07 21:47:18,0.3,38144472,0.5,2802896,1,228894,2,97138,5,2119,10,353,-5,92,11,60,,,0,
2022-03-07 21:48:18,0.3,38499824,0.5,2889085,1,227128,2,119392,5,3179,10,353,-4,92,11,60,,,0,
2022-03-07 21:49:18,0.3,39128224,0.5,2793712,1,220416,2,107029,5,2472,10,0,-5,91,11,60,,,0,
2022-03-07 21:50:18,0.3,39683148,0.5,2871776,1,220063,2,114447,5,2472,10,0,-5,92,11,60,,,0,
2022-03-07 21:51:18,0.3,39103496,0.5,2823737,1,221829,2,121511,5,2472,10,353,-5,93,11,60,,,0,
2022-03-07 21:52:18,0.3,38663720,0.5,2942069,1,237018,2,134228,5,2119,10,0,-5,92,11,60,,,0,
2022-03-07 21:53:18,0.3,37328856,0.5,2804662,1,227481,2,125397,5,2825,10,353,-5,92,11,60,,,0,
2022-03-07 21:54:18,0.3,37318968,0.5,2745672,1,204521,2,105969,5,1412,10,353,-5,92,11,60,,,0,
2022-03-08 13:30:40,0.3,24386082,0.5,1576121,1,140939,2,92546,5,5298,10,353,1,65,11,60,,,0,
2022-03-08 13:31:40,0.3,24488872,0.5,1532673,1,150476,2,100671,5,9184,10,2119,1,67,11,60,,,0,
2022-03-08 13:32:40,0.3,24239844,0.5,1542211,1,155068,2,118332,5,10596,10,1412,2,61,11,60,,,0,
2022-03-08 13:33:40,0.3,24548568,0.5,1590957,1,148004,2,89367,5,5651,10,1766,1,66,11,60,,,0,
2022-03-08 13:34:40,0.3,29611444,0.5,1918403,1,180501,2,127870,5,6358,10,706,0,70,11,60,,,0,
2022-03-08 13:35:40,0.3,27160014,0.5,1763687,1,171670,2,111268,5,8830,10,2119,0,69,11,60,,,0,
2022-03-08 13:36:40,0.3,23866830,0.5,1498410,1,136347,2,99258,5,6711,10,1059,0,68,11,60,,,0,
2022-03-08 13:37:40,0.3,25548922,0.5,1747085,1,290710,2,359943,5,40974,10,15542,0,67,11,60,,,0,
2022-03-08 13:38:40,0.3,27740726,0.5,1821264,1,157894,2,100317,5,8124,10,706,1,68,11,60,,,0,
2022-03-08 13:39:40,0.3,30388202,0.5,2047686,1,180148,2,101730,5,3179,10,706,0,69,11,60,,,0,
2022-03-08 13:40:40,0.3,28634404,0.5,1896503,1,175556,2,106322,5,5651,10,353,0,68,11,60,,,0,
2022-03-08 13:41:40,0.3,28570822,0.5,1865065,1,159307,2,112681,5,8124,10,1412,0,72,11,60,,,0,
2022-03-08 13:42:40,0.3,27693040,0.5,1735429,1,162133,2,96785,5,3179,10,1059,0,74,11,60,,,0,
2022-03-08 13:43:40,0.3,26651360,0.5,1651006,1,156481,2,114447,5,5651,10,2119,0,72,11,60,,,0,
2022-03-08 13:44:40,0.3,30765806,0.5,2067820,1,163899,2,111974,5,6004,10,1059,-1,72,11,60,,,0,
2022-03-08 13:45:40,0.3,28349698,0.5,1901448,1,164252,2,97845,5,4592,10,353,-1,74,11,60,,,0,
2022-03-08 13:46:40,0.3,27502296,0.5,1775697,1,150830,2,95725,5,3885,10,1412,0,71,11,60,,,0,
2022-03-08 13:47:40,0.3,25613210,0.5,1663723,1,157188,2,89367,5,7064,10,2119,1,71,11,60,,,0,
2022-03-08 13:48:40,0.3,24587424,0.5,1543624,1,137054,2,108795,5,4592,10,1059,1,67,11,60,,,0,
2022-03-08 13:49:40,0.3,27832568,0.5,1796891,1,164252,2,108442,5,6711,10,1059,1,69,11,60,,,0,
2022-03-08 13:50:40,0.3,25941010,0.5,1649947,1,155422,2,103143,5,6004,10,1766,0,71,11,60,,,0,
2022-03-08 13:51:40,0.3,28283644,0.5,1809607,1,163193,2,111268,5,7064,10,1059,0,73,11,60,,,0,
2022-03-08 13:52:40,0.3,26456728,0.5,1726598,1,168138,2,105969,5,3532,10,353,0,71,11,60,,,0,
2022-03-08 13:53:40,0.3,28616036,0.5,1879547,1,170611,2,98551,5,4238,10,706,0,73,11,60,,,0,
2022-03-08 13:54:40,0.3,26523136,0.5,1689509,1,159307,2,95019,5,4592,10,2825,1,71,11,60,,,0,
2022-03-08 13:55:40,0.3,30004238,0.5,1965736,1,180854,2,127163,5,9537,10,3532,1,70,11,60,,,0,
2022-03-08 13:56:40,0.3,25897562,0.5,1648534,1,163546,2,93253,5,3885,10,2472,0,71,11,60,,,0,
2022-03-08 13:57:40,0.3,24025432,0.5,1526669,1,149417,2,110208,5,9537,10,3179,0,69,11,60,,,0,
2022-03-08 13:58:40,0.3,29918756,0.5,1974920,1,181561,2,104909,5,3885,10,706,-1,72,11,60,,,0,
2022-03-08 13:59:40,0.3,27577180,0.5,1753090,1,157541,2,105616,5,3885,10,1059,-1,71,11,60,,,0,
2022-03-08 14:00:40,0.3,33637228,0.5,2328859,1,188979,2,172024,5,7064,10,353,-1,74,11,60,,,0,
2022-03-08 14:01:40,0.3,26364888,0.5,1635464,1,163899,2,121158,5,7771,10,2825,1,69,11,60,,,0,
2022-03-08 14:02:40,0.3,26302366,0.5,1671494,1,161427,2,123631,5,7771,10,1766,0,64,11,60,,,0,
2022-03-08 14:03:40,0.3,27643942,0.5,1780289,1,146591,2,104909,5,8124,10,1059,0,71,11,60,,,0,
2022-03-08 14:04:40,0.3,25034970,0.5,1540445,1,159660,2,99258,5,8477,10,706,1,69,11,60,,,0,
2022-03-08 14:05:40,0.3,26432708,0.5,1688096,1,160367,2,98904,5,6004,10,2472,1,68,11,60,,,0,
2022-03-08 14:06:40,0.3,29541858,0.5,1912398,1,172024,2,111974,5,6004,10,706,0,67,11,60,,,0,
2022-03-08 14:07:40,0.3,30330978,0.5,1989756,1,182620,2,122924,5,6004,10,706,0,73,11,60,,,0,
2022-03-08 14:08:40,0.3,25433062,0.5,1596608,1,165665,2,111621,5,5651,10,1766,1,68,11,60,,,0,
2022-03-08 14:09:40,0.3,26373718,0.5,1749911,1,228541,2,215824,5,19074,10,7064,0,69,11,60,,,0,
2022-03-08 14:10:40,0.3,27064994,0.5,1736488,1,169198,2,145884,5,13776,10,2472,0,72,11,60,,,0,
2022-03-08 14:11:40,0.3,31794418,0.5,2096432,1,188979,2,168844,5,7771,10,1766,-1,72,11,60,,,0,
2022-03-08 14:12:40,0.3,29624514,0.5,1931826,1,172730,2,115153,5,4592,10,353,-1,72,11,60,,,0,
2022-03-08 14:13:40,0.3,29102790,0.5,1857294,1,167785,2,126810,5,5298,10,2119,0,72,11,60,,,0,
2022-03-08 14:14:40,0.3,27660544,0.5,1743553,1,174143,2,158247,5,15895,10,4238,0,70,11,60,,,0,
2022-03-08 14:15:40,0.3,24419992,0.5,1523489,1,159307,2,149063,5,9184,10,4238,0,70,11,60,,,0,
2022-03-08 14:16:40,0.3,27762980,0.5,1783821,1,166019,2,110914,5,5651,10,353,0,69,11,60,,,0,
2022-03-08 14:17:40,0.3,27158248,0.5,1746732,1,198516,2,184740,5,19427,10,3885,0,68,11,60,,,0,
2022-03-08 14:18:40,0.3,26755916,0.5,1721299,1,156128,2,115506,5,4238,10,0,0,69,11,60,,,0,
2022-03-08 14:19:40,0.3,25260684,0.5,1633698,1,162133,2,113387,5,5651,10,1766,0,70,11,60,,,0,
2022-03-08 14:20:40,0.3,26575060,0.5,1719886,1,178382,2,160367,5,9890,10,2472,0,69,11,60,,,0,
2022-03-08 14:21:40,0.3,31251854,0.5,2069939,1,207700,2,183680,5,9890,10,1766,0,72,11,60,,,0,
2022-03-08 14:22:40,0.3,31262450,0.5,2116213,1,186506,2,169551,5,13422,10,2119,1,68,11,60,,,0,
2022-03-08 14:23:40,0.3,30696572,0.5,2013422,1,184740,2,151183,5,10243,10,1412,1,69,11,60,,,0,
2022-03-08 14:24:40,0.3,25752736,0.5,1608618,1,166372,2,132462,5,10243,10,2472,2,65,11,60,,,0,
2022-03-08 14:25:40,0.3,29015894,0.5,1833980,1,186153,2,128929,5,7771,10,2825,2,66,11,60,,,0,
2022-03-08 14:26:40,0.3,28500176,0.5,1764040,1,193217,2,127516,5,8830,10,1412,3,62,11,60,,,0,
2022-03-08 14:27:40,0.3,25694100,0.5,1578594,1,155068,2,126457,5,7771,10,2472,3,57,11,60,,,0,
2022-03-08 14:28:40,0.3,24445778,0.5,1495937,1,151889,2,110561,5,8830,10,1059,4,52,11,60,,,0,
2022-03-08 14:29:40,0.3,24405510,0.5,1508300,1,151889,2,113034,5,6711,10,2472,6,49,11,60,,,0,
2022-03-08 14:30:40,0.3,27247968,0.5,1772871,1,188272,2,127516,5,9890,10,2472,6,49,11,60,,,0,
2022-03-08 14:31:40,0.3,27371952,0.5,1759448,1,158954,2,135641,5,7771,10,1059,3,53,11,60,,,0,
2022-03-08 14:32:40,0.3,28782762,0.5,1825150,1,197809,2,126103,5,7064,10,2825,3,60,11,60,,,0,
2022-03-08 14:33:40,0.3,28822676,0.5,1863652,1,207347,2,151536,5,9184,10,3532,3,60,11,60,,,0,
2022-03-08 14:34:40,0.3,28888378,0.5,1920522,1,190392,2,141646,5,9184,10,1766,3,61,11,60,,,0,
2022-03-08 14:35:40,0.3,27646768,0.5,1782409,1,168138,2,102790,5,8830,10,2825,4,59,11,60,,,0,
2022-03-08 14:36:40,0.3,25961850,0.5,1652419,1,166725,2,140939,5,10596,10,2825,4,57,11,60,,,0,
2022-03-08 14:37:40,0.3,24865064,0.5,1574355,1,164606,2,108442,5,7771,10,2119,3,56,11,60,,,0,
2022-03-08 14:38:40,0.3,29724124,0.5,1928293,1,177675,2,117979,5,4238,10,706,1,67,11,60,,,0,
2022-03-08 14:39:40,0.3,24956552,0.5,1565524,1,147651,2,102437,5,7064,10,1412,2,64,11,60,,,0,
2022-03-08 14:40:40,0.3,25807134,0.5,1695160,1,200282,2,193924,5,18721,10,6004,2,63,11,60,,,0,
2022-03-08 14:41:40,0.3,26321440,0.5,1670434,1,180501,2,144471,5,8830,10,1059,2,60,11,60,,,0,
2022-03-08 14:42:40,0.3,26078770,0.5,1613564,1,163193,2,131049,5,9184,10,3179,2,62,11,60,,,0,
2022-03-08 14:43:40,0.3,27332744,0.5,1807135,1,168491,2,128223,5,8830,10,353,3,62,11,60,,,0,
2022-03-08 14:44:40,0.3,26080536,0.5,1650653,1,174143,2,141999,5,9890,10,706,2,60,11,60,,,0,
2022-03-08 14:45:40,0.3,24870716,0.5,1612151,1,199929,2,234899,5,22960,10,14129,3,60,11,60,,,0,
2022-03-08 14:46:40,0.3,25737900,0.5,1684210,1,175909,2,144471,5,10243,10,1766,2,61,11,60,,,0,
2022-03-08 14:47:40,0.3,26550688,0.5,1818438,1,307665,2,353232,5,37442,10,10243,2,63,11,60,,,0,
2022-03-08 14:48:40,0.3,24963616,0.5,1626280,1,192511,2,190392,5,18721,10,3179,2,64,11,60,,,0,
2022-03-08 14:49:40,0.3,29162132,0.5,1922288,1,229600,2,228187,5,18721,10,2472,2,66,11,60,,,0,
2022-03-08 14:50:40,0.3,27975980,0.5,1841045,1,215118,2,177675,5,15542,10,2825,2,64,11,60,,,0,
2022-03-08 14:51:40,0.3,25767572,0.5,1687036,1,185093,2,157188,5,10596,10,2472,2,62,11,60,,,0,
2022-03-08 14:52:40,0.3,21059342,0.5,1365595,1,168138,2,146591,5,12716,10,1412,1,68,11,60,,,0,
2022-03-08 14:53:40,0.3,28747792,0.5,1937477,1,242317,2,276580,5,24726,10,3179,1,69,11,60,,,0,
2022-03-08 14:54:40,0.3,27197810,0.5,1730837,1,177322,2,169551,5,15895,10,2825,1,69,11,60,,,0,
2022-03-08 14:55:40,0.3,26074178,0.5,1678912,1,190038,2,174496,5,9537,10,3532,2,64,11,60,,,0,
2022-03-08 14:56:40,0.3,24584246,0.5,1511480,1,169551,2,110561,5,6004,10,1412,1,69,11,60,,,0,
2022-03-08 14:57:40,0.3,28919108,0.5,1852348,1,193217,2,158247,5,10596,10,3885,2,66,11,60,,,0,
2022-03-08 14:58:40,0.3,27831860,0.5,1770399,1,202048,2,158247,5,9537,10,2472,1,66,11,60,,,0,
2022-03-08 14:59:40,0.3,29668314,0.5,1893677,1,185446,2,154009,5,8477,10,3885,2,66,11,60,,,0,
2022-03-08 15:00:40,0.3,22994700,0.5,1468032,1,149417,2,114447,5,8477,10,1412,1,67,11,60,,,0,
2022-03-08 15:01:40,0.3,24938184,0.5,1567290,1,191098,2,169904,5,16248,10,2119,2,66,11,60,,,0,
2022-03-08 15:02:40,0.3,25723772,0.5,1638290,1,180501,2,143058,5,5651,10,1412,2,67,11,60,,,0,
2022-03-08 15:03:40,0.3,26353938,0.5,1749205,1,162839,2,118685,5,2119,10,1412,1,70,11,60,,,0,
2022-03-08 15:04:40,0.3,26026138,0.5,1660897,1,163899,2,114093,5,7417,10,1766,1,67,11,60,,,0,
2022-03-08 15:05:40,0.3,27184034,0.5,1777817,1,174849,2,117979,5,8830,10,2825,2,65,11,60,,,0,
2022-03-08 15:06:40,0.3,28301306,0.5,1819498,1,197103,2,132815,5,5651,10,1059,2,66,11,60,,,0,
2022-03-08 15:07:40,0.3,22679972,0.5,1425997,1,169904,2,111621,5,6711,10,1766,1,69,11,60,,,0,
2022-03-08 15:08:40,0.3,28687742,0.5,1871070,1,225008,2,202755,5,21547,10,4592,1,67,11,60,,,0,
2022-03-08 15:09:40,0.3,25722006,0.5,1672907,1,178028,2,143765,5,12716,10,2472,0,73,11,60,,,0,
2022-03-09 11:52:26,0.3,5301660,0.5,375132,1,69939,2,38855,5,2825,10,0,-9,52,11,60,,,0,
2022-03-09 11:53:26,0.3,5000353,0.5,350759,1,73119,2,46626,5,1766,10,0,-10,52,11,60,,,0,
2022-03-09 11:54:26,0.3,5057576,0.5,353938,1,62522,2,40621,5,1059,10,0,-9,53,11,60,,,0,
2022-03-09 11:55:26,0.3,5021547,0.5,348640,1,56163,2,37442,5,3532,10,0,-9,53,11,60,,,0,
2022-03-09 11:56:26,0.3,4801836,0.5,362416,1,61815,2,33557,5,1412,10,0,-9,52,11,60,,,0,
2022-03-09 11:57:26,0.3,4918403,0.5,378664,1,58636,2,37442,5,2119,10,0,-9,52,11,60,,,0,
2022-03-09 11:58:26,0.3,5054044,0.5,360649,1,65701,2,39915,5,2472,10,0,-9,51,11,60,,,0,
2022-03-09 11:59:26,0.3,4967149,0.5,354998,1,68527,2,33557,5,1766,10,0,-9,50,11,60,,,0,
2022-03-09 12:00:26,0.3,4969622,0.5,364535,1,72412,2,37795,5,1766,10,0,-9,51,11,60,,,0,
2022-03-09 12:01:26,0.3,5012716,0.5,389614,1,82656,2,42387,5,1412,10,0,-9,52,11,60,,,0,
2022-03-09 12:02:26,0.3,4744260,0.5,341222,1,70646,2,36736,5,1059,10,0,-9,50,11,60,,,0,
2022-03-09 12:03:26,0.3,4748145,0.5,379018,1,63581,2,41328,5,1059,10,0,-9,51,11,60,,,0,
2022-03-09 12:04:26,0.3,4655598,0.5,351112,1,61109,2,32497,5,1766,10,0,-9,50,11,60,,,0,
2022-03-09 12:05:26,0.3,4770046,0.5,361356,1,57576,2,33557,5,353,10,0,-9,51,11,60,,,0,
2022-03-09 12:06:26,0.3,4802543,0.5,360296,1,55104,2,39915,5,706,10,0,-9,50,11,60,,,0,
2022-03-09 12:07:26,0.3,4890144,0.5,371953,1,68880,2,34263,5,1412,10,0,-9,51,11,60,,,0,
2022-03-09 12:08:26,0.3,4481455,0.5,343341,1,59342,2,29671,5,1766,10,0,-9,51,11,60,,,0,
2022-03-09 12:09:26,0.3,4929706,0.5,365241,1,59696,2,38149,5,1766,10,0,-9,50,11,60,,,0,
2022-03-09 12:10:26,0.3,4768986,0.5,330625,1,51925,2,42387,5,1059,10,0,-9,51,11,60,,,0,
2022-03-09 12:11:26,0.3,4907806,0.5,331684,1,54397,2,35676,5,706,10,0,-9,53,11,60,,,0,
2022-03-09 12:12:26,0.3,4747085,0.5,349699,1,58636,2,40974,5,2119,10,0,-10,51,11,60,,,0,
2022-03-09 12:13:26,0.3,4756269,0.5,344401,1,65347,2,32497,5,706,10,0,-9,53,11,60,,,0,
2022-03-09 12:14:26,0.3,4735076,0.5,342281,1,61109,2,35676,5,2472,10,0,-9,52,11,60,,,0,
2022-03-09 12:15:26,0.3,4815966,0.5,335923,1,51571,2,36736,5,1412,10,0,-9,52,11,60,,,0,
2022-03-09 12:16:26,0.3,4529494,0.5,337689,1,57223,2,37442,5,2472,10,0,-9,51,11,60,,,0,
2022-03-09 12:17:26,0.3,4725538,0.5,341928,1,64641,2,30377,5,2472,10,0,-8,50,11,60,,,0,
2022-03-09 12:18:26,0.3,4701165,0.5,332744,1,59342,2,34263,5,353,10,0,-9,50,11,60,,,0,
2022-03-09 12:19:26,0.3,4750618,0.5,340868,1,57576,2,32850,5,1059,10,0,-8,50,11,60,,,0,
2022-03-09 12:20:26,0.3,4977746,0.5,344048,1,64288,2,38855,5,353,10,0,-8,51,11,60,,,0,
2022-03-09 12:21:26,0.3,4812433,0.5,323560,1,62522,2,32497,5,353,10,0,-8,51,11,60,,,0,
2022-03-09 12:22:26,0.3,4575061,0.5,292829,1,56870,2,38855,5,1766,10,0,-9,53,11,60,,,0,
2022-03-09 12:23:26,0.3,4324620,0.5,294242,1,48039,2,25785,5,706,10,0,-9,49,11,60,,,0,
2022-03-09 12:24:26,0.3,4141999,0.5,276227,1,50865,2,37795,5,2825,10,0,-9,49,11,60,,,0,
2022-03-09 12:25:26,0.3,4323913,0.5,282585,1,52631,2,39561,5,1412,10,0,-9,51,11,60,,,0,
2022-03-09 12:26:26,0.3,4491345,0.5,305192,1,56517,2,34263,5,1059,10,0,-8,51,11,60,,,0,
2022-03-09 12:27:26,0.3,4046979,0.5,267749,1,52278,2,37089,5,1412,10,0,-8,49,11,60,,,0,
2022-03-09 12:28:26,0.3,4298481,0.5,296361,1,54044,2,37089,5,1412,10,0,-8,51,11,60,,,0,
2022-03-09 12:29:26,0.3,4352172,0.5,299540,1,46979,2,29671,5,1412,10,0,-8,51,11,60,,,0,
2022-03-09 12:30:26,0.3,4166372,0.5,300247,1,48392,2,30731,5,1059,10,0,-8,49,11,60,,,0,
2022-03-09 12:31:26,0.3,4062875,0.5,269516,1,57930,2,61109,5,3179,10,0,-8,47,11,60,,,0,
2022-03-09 12:32:26,0.3,4215824,0.5,298834,1,52631,2,34616,5,353,10,0,-8,49,11,60,,,0,
2022-03-09 12:33:26,0.3,3996467,0.5,302013,1,53691,2,43094,5,3179,10,0,-9,47,11,60,,,0,
2022-03-09 12:34:26,0.3,4073472,0.5,307311,1,44860,2,36736,5,2119,10,0,-8,48,11,60,,,0,
2022-03-09 12:35:26,0.3,4138113,0.5,315789,1,59342,2,31084,5,1412,10,0,-8,48,11,60,,,0,
2022-03-09 12:36:26,0.3,4116566,0.5,310844,1,46273,2,31790,5,1412,10,0,-8,48,11,60,,,0,
2022-03-09 12:37:26,0.3,4137760,0.5,303426,1,54397,2,29671,5,1766,10,0,-8,49,11,60,,,0,
2022-03-09 12:38:26,0.3,3783821,0.5,285058,1,53338,2,31790,5,1059,10,0,-8,48,11,60,,,0,
2022-03-09 12:39:26,0.3,3791946,0.5,300600,1,48392,2,31790,5,1412,10,0,-8,47,11,60,,,0,
2022-03-09 12:40:26,0.3,3756976,0.5,281525,1,51571,2,36382,5,2119,10,0,-8,48,11,60,,,0,
2022-03-09 12:41:26,0.3,4099611,0.5,299540,1,61815,2,39208,5,1766,10,0,-8,49,11,60,,,0,
2022-03-09 12:42:26,0.3,4205934,0.5,299540,1,49452,2,36029,5,1059,10,0,-8,49,11,60,,,0,
2022-03-09 12:43:26,0.3,4298127,0.5,315083,1,52278,2,33910,5,706,10,0,-8,47,11,60,,,0,
2022-03-09 12:44:26,0.3,4078417,0.5,344754,1,55457,2,33910,5,706,10,0,-8,47,11,60,,,0,
2022-03-09 12:45:26,0.3,4189685,0.5,330271,1,54750,2,36382,5,1412,10,0,-8,45,11,60,,,0,
2022-03-09 12:46:26,0.3,4169904,0.5,322854,1,52278,2,39208,5,1766,10,0,-8,48,11,60,,,0,
2022-03-09 12:47:26,0.3,3945955,0.5,312963,1,51218,2,37442,5,2472,10,0,-8,48,11,60,,,0,
2022-03-09 12:48:26,0.3,4198869,0.5,334510,1,52984,2,34616,5,706,10,0,-8,47,11,60,,,0,
2022-03-09 12:49:26,0.3,3972447,0.5,368421,1,55104,2,31790,5,1412,10,0,-7,46,11,60,,,0,
2022-03-09 12:50:26,0.3,4210526,0.5,404803,1,52984,2,33557,5,2472,10,0,-7,45,11,60,,,0,
2022-03-09 12:51:26,0.3,4376192,0.5,453196,1,61109,2,39915,5,1412,10,0,-7,45,11,60,,,0,
2022-03-09 12:52:26,0.3,4117626,0.5,416460,1,63581,2,47686,5,2825,10,0,-7,44,11,60,,,0,
2022-03-09 12:53:26,0.3,4594489,0.5,459554,1,67114,2,28965,5,706,10,0,-7,47,11,60,,,0,
2022-03-09 12:54:26,0.3,4199576,0.5,416107,1,67820,2,46626,5,2825,10,0,-7,46,11,60,,,0,
2022-03-09 12:55:26,0.3,4037089,0.5,375485,1,55457,2,47333,5,1766,10,0,-8,46,11,60,,,0,
2022-03-09 12:56:26,0.3,3892970,0.5,350052,1,61109,2,41681,5,706,10,0,-8,47,11,60,,,0,
2022-03-09 12:57:26,0.3,3761921,0.5,362062,1,59696,2,31084,5,2119,10,0,-7,47,11,60,,,0,
2022-03-09 12:58:26,0.3,3855174,0.5,337336,1,56870,2,44507,5,4945,10,0,-7,44,11,60,,,0,
2022-03-09 12:59:26,0.3,3945249,0.5,333804,1,56517,2,66760,5,4945,10,0,-7,45,11,60,,,0,
2022-03-09 13:00:26,0.3,3858353,0.5,320381,1,79830,2,75944,5,4945,10,0,-8,43,11,60,,,0,
2022-03-09 13:01:26,0.3,3827622,0.5,317908,1,63228,2,50158,5,2472,10,0,-7,44,11,60,,,0,
2022-03-09 13:02:26,0.3,3664782,0.5,298481,1,51925,2,34969,5,1766,10,0,-7,44,11,60,,,0,
2022-03-09 13:03:26,0.3,3721653,0.5,288237,1,41681,2,27552,5,1059,10,0,-7,43,11,60,,,0,
2022-03-09 13:04:26,0.3,3604380,0.5,315083,1,53691,2,26845,5,706,10,0,-7,43,11,60,,,0,
2022-03-09 13:05:26,0.3,3734722,0.5,314729,1,55104,2,27905,5,2472,10,0,-8,42,11,60,,,0,
2022-03-09 13:06:26,0.3,3508300,0.5,315789,1,47686,2,25785,5,2472,10,0,-7,42,11,60,,,0,
2022-03-09 13:07:26,0.3,3470858,0.5,277993,1,52278,2,44860,5,4945,10,0,-7,42,11,60,,,0,
2022-03-09 13:08:26,0.3,3524196,0.5,302366,1,64288,2,110561,5,24373,10,0,-7,44,11,60,,,0,
2022-03-09 13:09:26,0.3,3673613,0.5,290710,1,68173,2,56163,5,7417,10,0,-8,46,11,60,,,0,
2022-03-09 13:10:26,0.3,3969975,0.5,316142,1,60049,2,37442,5,3885,10,0,-7,45,11,60,,,0,
2022-03-09 13:11:26,0.3,3939950,0.5,330978,1,56517,2,34616,5,1766,10,0,-7,44,11,60,,,0,
2022-03-09 13:12:26,0.3,3845637,0.5,299187,1,58636,2,34263,5,1059,10,0,-7,43,11,60,,,0,
2022-03-09 13:13:26,0.3,3641116,0.5,276933,1,53338,2,33203,5,3179,10,0,-7,45,11,60,,,0,
2022-03-09 13:14:26,0.3,3842105,0.5,320028,1,66760,2,42387,5,2472,10,0,-7,43,11,60,,,0,
2022-03-09 13:15:26,0.3,3660897,0.5,270222,1,52278,2,33557,5,2119,10,0,-7,42,11,60,,,0,
2022-03-09 13:16:26,0.3,3530554,0.5,306605,1,61815,2,34616,5,2825,10,0,-7,44,11,60,,,0,
2022-03-09 13:17:26,0.3,3453196,0.5,295302,1,59696,2,39561,5,3179,10,0,-7,44,11,60,,,0,
2022-03-09 13:18:26,0.3,3419286,0.5,264570,1,50158,2,39208,5,706,10,0,-7,45,11,60,,,0,
2022-03-09 13:19:26,0.3,3309431,0.5,288590,1,57930,2,39915,5,2119,10,0,-7,44,11,60,,,0,
2022-03-09 13:20:26,0.3,3410808,0.5,281879,1,54397,2,40974,5,2825,10,0,-7,43,11,60,,,0,
2022-03-09 13:21:26,0.3,3294242,0.5,284705,1,54044,2,34616,5,1766,10,0,-7,43,11,60,,,0,
2022-03-09 13:22:26,0.3,3149770,0.5,298481,1,46979,2,23666,5,706,10,0,-7,43,11,60,,,0,
2022-03-09 13:23:26,0.3,3400565,0.5,272695,1,50512,2,31437,5,706,10,0,-6,45,11,60,,,0,
2022-03-09 13:24:26,0.3,3238784,0.5,265983,1,61462,2,68880,5,7417,10,0,-7,44,11,60,,,0,
2022-03-09 13:25:26,0.3,3251148,0.5,270575,1,67114,2,83362,5,8830,10,0,-7,43,11,60,,,0,
2022-03-09 13:26:26,0.3,3466619,0.5,280466,1,64994,2,40268,5,1766,10,0,-7,42,11,60,,,0,
2022-03-09 13:27:26,0.3,3427764,0.5,258212,1,53691,2,30377,5,1766,10,0,-6,44,11,60,,,0,
2022-03-09 13:28:26,0.3,3583892,0.5,265630,1,58283,2,45920,5,3179,10,0,-7,46,11,60,,,0,
2022-03-09 13:29:26,0.3,3614270,0.5,286824,1,59342,2,79123,5,8477,10,0,-6,43,11,60,,,0,
2022-03-09 13:30:26,0.3,3465206,0.5,292122,1,61815,2,77004,5,6004,10,0,-7,41,11,60,,,0,
2022-03-09 13:31:26,0.3,3415047,0.5,279759,1,59342,2,42741,5,3179,10,0,-6,41,11,60,,,0,
2022-03-11 13:08:54,0.3,353,0.5,353,1,0,2,353,5,353,10,0,-1,45,10,60,,,0,
2022-03-11 13:13:54,0.3,13252561,0.5,842458,1,168138,2,126103,5,9537,10,2119,-1,47,11,60,,,0,
2022-03-11 13:14:54,0.3,13446838,0.5,852702,1,208053,2,198163,5,12363,10,3179,-1,47,11,60,,,0,
2022-03-11 13:15:54,0.3,14675379,0.5,851289,1,140586,2,105969,5,6004,10,706,-2,52,11,60,,,0,
2022-03-11 13:16:54,0.3,14050512,0.5,822324,1,143765,2,108795,5,7064,10,2472,-2,49,11,60,,,0,
2022-03-11 13:17:54,0.3,14437654,0.5,885906,1,159307,2,127163,5,9537,10,2472,-3,50,11,60,,,0,
2022-03-11 13:18:54,0.3,14801483,0.5,891910,1,164252,2,126810,5,8124,10,2472,0,51,11,60,,,0,
2022-03-11 13:19:54,0.3,14227834,0.5,823737,1,151183,2,109855,5,8477,10,1412,-1,46,11,60,,,0,
2022-03-11 13:20:54,0.3,14440127,0.5,865065,1,162486,2,114093,5,7417,10,1059,-2,45,11,60,,,0,
2022-03-11 13:21:54,0.3,14407276,0.5,797244,1,142352,2,104909,5,9184,10,1412,-1,48,11,60,,,0,
2022-03-11 13:22:54,0.3,13216178,0.5,763687,1,148004,2,104556,5,10243,10,1059,0,43,11,60,,,0,
2022-03-11 13:23:54,0.3,13865065,0.5,886965,1,202401,2,215824,5,13776,10,353,-2,46,11,60,,,0,
2022-03-11 13:24:54,0.3,14398092,0.5,843871,1,147651,2,93253,5,4238,10,353,-2,50,11,60,,,0,
2022-03-11 13:25:54,0.3,14514305,0.5,1067820,1,325326,2,356411,5,31437,10,6004,-2,48,11,60,,,0,
2022-03-11 13:26:54,0.3,14921935,0.5,1137760,1,348993,2,423525,5,48392,10,18721,0,46,11,60,,,0,
2022-03-11 13:27:54,0.3,14839985,0.5,895443,1,175556,2,151183,5,14482,10,2825,0,47,11,60,,,0,
2022-03-11 13:28:54,0.3,15202755,0.5,887672,1,155422,2,123984,5,8477,10,4592,-1,48,11,60,,,0,
2022-03-11 13:29:54,0.3,14318968,0.5,883080,1,164252,2,144825,5,14129,10,3179,0,46,11,60,,,0,
2022-03-11 13:30:54,0.3,15207700,0.5,925821,1,176616,2,142705,5,7417,10,3179,0,45,11,60,,,0,
2022-03-11 13:31:54,0.3,14802190,0.5,909925,1,161780,2,129282,5,6711,10,1766,-1,47,11,60,,,0,
2022-03-11 13:32:54,0.3,15503355,0.5,954786,1,155422,2,125397,5,7064,10,1766,-1,48,11,60,,,0,
2022-03-11 13:33:54,0.3,15552454,0.5,952313,1,171317,2,121511,5,6358,10,1766,-1,48,11,60,,,0,
2022-03-11 13:34:54,0.3,14617096,0.5,864358,1,174143,2,123277,5,10243,10,1412,0,47,11,60,,,0,
2022-03-11 13:35:54,0.3,13937124,0.5,794065,1,143765,2,99258,5,3532,10,1412,0,46,11,60,,,0,
2022-03-11 13:36:54,0.3,13908159,0.5,806782,1,156835,2,117979,5,8124,10,1059,0,45,11,60,,,0,
2022-03-11 13:37:54,0.3,13787707,0.5,825503,1,139879,2,121511,5,8830,10,4238,1,44,11,60,,,0,
2022-03-11 13:38:54,0.3,14689509,0.5,863652,1,163899,2,145884,5,8830,10,2825,-1,47,11,60,,,0,
2022-03-11 13:39:54,0.3,14299540,0.5,887672,1,175556,2,145178,5,10243,10,2825,0,47,11,60,,,0,
2022-03-11 13:40:54,0.3,14505828,0.5,910985,1,184740,2,155775,5,10950,10,1766,0,46,11,60,,,0,
2022-03-11 13:41:54,0.3,14945955,0.5,861533,1,162839,2,118685,5,6711,10,1412,-2,45,11,60,,,0,
2022-03-11 13:42:54,0.3,15690568,0.5,893677,1,170611,2,130695,5,10950,10,2825,-1,48,11,60,,,0,
2022-03-11 13:43:54,0.3,14819498,0.5,990815,1,267043,2,304132,5,22960,10,7417,0,46,11,60,,,0,
2022-03-11 13:44:54,0.3,15160014,0.5,874602,1,177322,2,124337,5,10243,10,1059,-1,50,11,60,,,0,
2022-03-11 13:45:54,0.3,14097138,0.5,861533,1,183680,2,162839,5,19074,10,3179,-1,46,11,60,,,0,
2022-03-11 13:46:54,0.3,14622394,0.5,831508,1,152243,2,110208,5,9184,10,2825,-1,49,11,60,,,0,
2022-03-11 13:47:54,0.3,14519251,0.5,978099,1,245143,2,204521,5,9890,10,4592,-2,48,11,60,,,0,
2022-03-11 13:48:54,0.3,14027905,0.5,863652,1,165665,2,108089,5,10596,10,2119,-1,48,11,60,,,0,
2022-03-11 13:49:54,0.3,14391027,0.5,1106676,1,329565,2,318262,5,19074,10,4592,0,47,11,60,,,0,
2022-03-11 13:50:54,0.3,14228541,0.5,870717,1,141999,2,123984,5,6358,10,1412,0,46,11,60,,,0,
2022-03-11 13:51:54,0.3,13866478,0.5,852702,1,167785,2,130695,5,8830,10,1059,0,48,11,60,,,0,
2022-03-11 13:52:54,0.3,12885552,0.5,777817,1,135641,2,110208,5,7771,10,1766,0,46,11,60,,,0,
2022-03-11 13:53:54,0.3,11855528,0.5,718474,1,129636,2,86188,5,6004,10,1059,-1,44,11,60,,,0,
2022-03-11 13:54:54,0.3,12128576,0.5,752737,1,139526,2,99611,5,6711,10,1766,-1,50,11,60,,,0,
2022-03-11 13:55:54,0.3,11833981,0.5,726951,1,126103,2,100317,5,4238,10,1412,-1,49,11,60,,,0,
2022-03-11 13:56:54,0.3,11899328,0.5,740021,1,166725,2,121158,5,10950,10,1766,-1,48,11,60,,,0,
2022-03-11 13:57:54,0.3,12032144,0.5,767573,1,193924,2,178382,5,16248,10,1766,-1,51,11,60,,,0,
2022-03-11 13:58:54,0.3,12126457,0.5,776050,1,215824,2,215118,5,15895,10,1412,-2,49,11,60,,,0,
2022-03-11 13:59:54,0.3,11645708,0.5,702225,1,162486,2,151536,5,8477,10,706,-2,49,11,60,,,0,
2022-03-11 14:00:54,0.3,12055457,0.5,740374,1,188272,2,180854,5,12363,10,1059,-1,50,11,60,,,0,
2022-03-11 14:01:54,0.3,12373013,0.5,718474,1,147651,2,98904,5,5651,10,1059,-1,53,11,60,,,0,
2022-03-11 14:02:54,0.3,12656658,0.5,740021,1,156835,2,110914,5,6358,10,353,-2,52,11,60,,,0,
2022-03-11 14:03:54,0.3,12115153,0.5,758036,1,177675,2,182267,5,9890,10,1059,-2,50,11,60,,,0,
2022-03-11 14:04:54,0.3,11446132,0.5,706110,1,131755,2,111268,5,7064,10,2472,0,48,11,60,,,0,
2022-03-11 14:05:54,0.3,11904627,0.5,725538,1,150123,2,124337,5,11303,10,2825,-1,48,11,60,,,0,
2022-03-11 14:06:54,0.3,11996467,0.5,711409,1,173083,2,145884,5,7417,10,1059,-2,50,11,60,,,0,
2022-03-11 14:07:54,0.3,11483221,0.5,722006,1,182974,2,183680,5,16601,10,6004,0,47,11,60,,,0,
2022-03-11 14:08:54,0.3,10774638,0.5,670787,1,146591,2,142352,5,9890,10,3179,-1,47,11,60,,,0,
2022-03-11 14:09:54,0.3,10742847,0.5,602967,1,110208,2,85482,5,3532,10,0,-2,50,11,60,,,0,
2022-03-11 14:10:54,0.3,10758742,0.5,661250,1,152596,2,138820,5,6711,10,2119,-1,52,11,60,,,0,
2022-03-11 14:11:54,0.3,10602260,0.5,606499,1,105616,2,98551,5,2825,10,1412,-1,51,11,60,,,0,
2022-03-11 14:12:54,0.3,10555280,0.5,645355,1,143412,2,131755,5,8830,10,1412,-1,51,11,60,,,0,
2022-03-11 14:13:54,0.3,10589544,0.5,654185,1,163193,2,155775,5,10243,10,2119,-2,50,11,60,,,0,
2022-03-11 14:14:54,0.3,10592723,0.5,620275,1,128223,2,90427,5,4238,10,1059,-2,49,11,60,,,0,
2022-03-11 14:15:54,0.3,10715648,0.5,680324,1,174849,2,150123,5,10596,10,706,-2,51,11,60,,,0,
2022-03-11 14:16:54,0.3,11013422,0.5,667608,1,121865,2,87601,5,6004,10,1059,-1,50,11,60,,,0,
2022-03-11 14:17:54,0.3,11089721,0.5,688802,1,116919,2,78064,5,3179,10,706,-2,49,11,60,,,0,
2022-03-11 14:18:54,0.3,10863299,0.5,626280,1,115860,2,80536,5,4945,10,706,-1,51,11,60,,,0,
2022-03-11 14:19:54,0.3,11020487,0.5,653832,1,113034,2,76298,5,3885,10,1059,-2,51,11,60,,,0,
2022-03-11 14:20:54,0.3,11131402,0.5,642529,1,120452,2,83362,5,4592,10,353,-2,53,11,60,,,0,
2022-03-11 14:21:54,0.3,11042034,0.5,624867,1,126457,2,72059,5,3179,10,0,-2,53,11,60,,,0,
2022-03-11 14:22:54,0.3,11178735,0.5,631578,1,129636,2,77357,5,3179,10,353,-2,52,11,60,,,0,
2022-03-11 14:23:54,0.3,10631225,0.5,641116,1,124690,2,99258,5,4238,10,3179,-2,50,11,60,,,0,
2022-03-11 14:24:54,0.3,10791946,0.5,658071,1,143412,2,117626,5,8830,10,2119,0,50,11,60,,,0,
2022-03-11 14:25:54,0.3,10694101,0.5,646061,1,119745,2,91840,5,6358,10,1059,-1,49,11,60,,,0,
2022-03-11 14:26:54,0.3,10929706,0.5,661956,1,161073,2,169198,5,13422,10,2825,-1,49,11,60,,,0,
2022-03-11 14:27:54,0.3,10762628,0.5,674673,1,151183,2,153655,5,13422,10,2472,-1,48,11,60,,,0,
2022-03-11 14:28:54,0.3,11514306,0.5,781702,1,194277,2,204168,5,13776,10,3885,-1,51,11,60,,,0,
2022-03-11 14:29:54,0.3,11485341,0.5,684917,1,125044,2,122924,5,6711,10,706,-1,52,11,60,,,0,
2022-03-11 14:30:54,0.3,10781349,0.5,667255,1,151889,2,137054,5,10243,10,353,-1,48,11,60,,,0,
2022-03-11 14:31:54,0.3,10546096,0.5,640762,1,127870,2,111974,5,7771,10,1059,-1,48,11,60,,,0,
2022-03-11 14:32:54,0.3,11563758,0.5,651713,1,126457,2,107735,5,3179,10,1766,-1,50,11,60,,,0,
2022-03-11 14:33:54,0.3,11929353,0.5,699046,1,141292,2,129989,5,8477,10,2119,-1,50,11,60,,,0,
2022-03-11 14:34:54,0.3,12396679,0.5,732956,1,126810,2,117626,5,9184,10,1412,-1,51,11,60,,,0,
2022-03-11 14:35:54,0.3,12149417,0.5,689509,1,130342,2,105263,5,4592,10,353,-1,53,11,60,,,0,
2022-03-11 14:36:54,0.3,11657011,0.5,641116,1,133168,2,104556,5,6711,10,1412,-2,51,11,60,,,0,
2022-03-11 14:37:54,0.3,11147297,0.5,648534,1,145531,2,137054,5,13422,10,2825,0,50,11,60,,,0,
2022-03-11 14:38:54,0.3,11535146,0.5,676086,1,140939,2,121511,5,6711,10,1059,-1,52,11,60,,,0,
2022-03-11 14:39:54,0.3,11335923,0.5,693747,1,134934,2,111268,5,8124,10,1766,-1,50,11,60,,,0,
2022-03-11 14:40:54,0.3,10732603,0.5,620628,1,120805,2,89014,5,5298,10,353,0,48,11,60,,,0,
2022-03-11 14:41:54,0.3,11459908,0.5,921229,1,351465,2,466266,5,53338,10,12363,-1,50,11,60,,,0,
2022-03-11 14:42:54,0.3,12162133,0.5,654892,1,125750,2,83716,5,4238,10,0,-1,53,11,60,,,0,
2022-03-11 14:43:54,0.3,11954786,0.5,661603,1,116919,2,78064,5,6004,10,353,-1,53,11,60,,,0,
2022-03-11 14:44:54,0.3,10861533,0.5,607559,1,123277,2,115860,5,6358,10,1412,0,49,11,60,,,0,
2022-03-11 14:45:54,0.3,11617449,0.5,649593,1,102437,2,77004,5,4238,10,1059,-1,49,11,60,,,0,
2022-03-11 14:46:54,0.3,11853762,0.5,652066,1,119392,2,80183,5,3532,10,1059,-1,50,11,60,,,0,
2022-03-11 14:47:54,0.3,11573295,0.5,655951,1,121865,2,96785,5,4238,10,353,0,48,11,60,,,0,
2022-03-11 14:48:54,0.3,11116213,0.5,830095,1,301660,2,491699,5,51218,10,13069,0,47,11,60,,,0,
2022-03-11 14:49:54,0.3,11672907,0.5,659131,1,131402,2,84422,5,4592,10,1059,-1,51,11,60,,,0,
2022-03-11 14:50:54,0.3,11469445,0.5,619569,1,109148,2,68527,5,2825,10,706,-1,54,11,60,,,0,
2022-03-11 14:51:54,0.3,11191451,0.5,615683,1,115506,2,75591,5,3532,10,706,-2,52,11,60,,,0,
2022-03-11 14:52:54,0.3,10260685,0.5,591663,1,109148,2,75591,5,6358,10,2472,-1,50,11,60,,,0,
2022-03-16 12:46:35,0.3,8967856,0.5,406570,1,102084,2,106322,5,12716,10,5651,8,56,11,60,,,0,
2022-03-16 12:47:35,0.3,9679971,0.5,404097,1,78417,2,45920,5,3532,10,353,7,60,11,60,,,0,
2022-03-16 12:48:35,0.3,10382197,0.5,396679,1,74885,2,31790,5,2119,10,0,7,58,11,60,,,0,
2022-03-16 12:49:35,0.3,10340515,0.5,421759,1,77711,2,40974,5,353,10,353,8,58,11,60,,,0,
2022-03-16 12:50:35,0.3,9994348,0.5,399858,1,62875,2,39561,5,1412,10,1059,7,56,11,60,,,0,
2022-03-16 12:51:35,0.3,10550335,0.5,421052,1,70999,2,43800,5,1059,10,353,7,56,11,60,,,0,
2022-03-16 12:52:35,0.3,10751678,0.5,401978,1,81243,2,40268,5,706,10,353,7,59,11,60,,,0,
2022-03-16 12:53:35,0.3,10820911,0.5,415400,1,71352,2,50158,5,1412,10,1412,8,59,11,60,,,0,
2022-03-16 12:54:35,0.3,11558813,0.5,440127,1,70293,2,42387,5,353,10,0,7,61,11,60,,,0,
2022-03-16 12:55:35,0.3,11006358,0.5,418933,1,74885,2,34616,5,706,10,0,7,60,11,60,,,0,
2022-03-16 12:56:35,0.3,12388555,0.5,459908,1,70646,2,44507,5,1766,10,353,7,60,11,60,,,0,
2022-03-16 12:57:35,0.3,12168845,0.5,459554,1,86895,2,90427,5,8124,10,353,7,61,11,60,,,0,
2022-03-16 12:58:35,0.3,11189332,0.5,416107,1,77711,2,64994,5,6711,10,3179,7,58,11,60,,,0,
2022-03-16 12:59:35,0.3,11796891,0.5,480395,1,97492,2,98198,5,12716,10,3532,7,61,11,60,,,0,
2022-03-16 13:00:35,0.3,12050865,0.5,446132,1,65701,2,38149,5,2119,10,353,7,60,11,60,,,0,
2022-03-16 13:01:35,0.3,12007771,0.5,433768,1,66760,2,45213,5,1059,10,0,7,59,11,60,,,0,
2022-03-16 13:02:35,0.3,12002472,0.5,441540,1,71352,2,73472,5,6711,10,1059,7,59,11,60,,,0,
2022-03-16 13:03:35,0.3,10875309,0.5,428117,1,98198,2,101730,5,11656,10,5651,7,59,11,60,,,0,
2022-03-16 13:04:35,0.3,10981632,0.5,429530,1,80536,2,76651,5,7064,10,3179,7,60,11,60,,,0,
2022-03-16 13:05:35,0.3,12484987,0.5,461321,1,91133,2,84775,5,10243,10,3179,7,60,11,60,,,0,
2022-03-16 13:06:35,0.3,12109502,0.5,479335,1,112681,2,114800,5,9184,10,2472,8,58,11,60,,,0,
2022-03-16 13:07:35,0.3,12264217,0.5,450724,1,92900,2,94312,5,10950,10,1059,9,58,11,60,,,0,
2022-03-16 13:08:35,0.3,11744966,0.5,435535,1,85482,2,60755,5,2119,10,1059,8,56,11,60,,,0,
2022-03-16 13:09:35,0.3,11435888,0.5,431649,1,74531,2,51925,5,1412,10,353,8,56,11,60,,,0,
2022-03-16 13:10:35,0.3,10808195,0.5,403391,1,76651,2,56517,5,2472,10,0,7,55,11,60,,,0,
2022-03-16 13:11:35,0.3,10832921,0.5,398445,1,71706,2,43094,5,706,10,353,8,58,11,60,,,0,
2022-03-16 13:12:35,0.3,9073472,0.5,364535,1,63581,2,40268,5,3532,10,1059,7,52,11,60,,,0,
2022-03-16 13:13:35,0.3,9981632,0.5,370893,1,61815,2,45566,5,1766,10,353,7,58,11,60,,,0,
2022-03-16 13:14:35,0.3,11226775,0.5,400211,1,66054,2,37795,5,706,10,1059,6,63,11,60,,,0,
2022-03-16 13:15:35,0.3,11063228,0.5,415754,1,74531,2,43800,5,3532,10,353,6,61,11,60,,,0,
2022-03-16 13:16:35,0.3,10347580,0.5,399505,1,69233,2,42387,5,2119,10,353,6,61,11,60,,,0,
2022-03-16 13:17:35,0.3,10321441,0.5,372659,1,78770,2,63228,5,6004,10,706,6,61,11,60,,,0,
2022-03-16 13:18:35,0.3,10862592,0.5,403744,1,76298,2,50865,5,706,10,706,6,61,11,60,,,0,
2022-03-16 13:19:35,0.3,10422112,0.5,392087,1,78770,2,73825,5,8830,10,2119,6,61,11,60,,,0,
2022-03-16 13:20:35,0.3,10751678,0.5,397032,1,96079,2,68173,5,7064,10,2472,5,64,11,60,,,0,
2022-03-16 13:21:35,0.3,10887319,0.5,429176,1,103850,2,140586,5,16248,10,3179,6,63,11,60,,,0,
2022-03-16 13:22:35,0.3,11172377,0.5,509713,1,168138,2,216178,5,27198,10,8830,6,61,11,60,,,0,
2022-03-16 13:23:35,0.3,11127163,0.5,398445,1,69939,2,34969,5,2119,10,706,7,59,11,60,,,0,
2022-03-16 13:24:35,0.3,10650300,0.5,395266,1,68173,2,37795,5,3179,10,1059,8,57,11,60,,,0,
2022-03-16 13:25:35,0.3,10645355,0.5,370540,1,68173,2,39561,5,1412,10,0,7,58,11,60,,,0,
2022-03-16 13:26:35,0.3,10611798,0.5,398445,1,67114,2,41681,5,706,10,0,7,60,11,60,,,0,
2022-03-16 13:27:35,0.3,10072765,0.5,344754,1,57930,2,36736,5,706,10,0,7,59,11,60,,,0,
2022-03-16 13:28:35,0.3,10524549,0.5,374426,1,60402,2,30377,5,1766,10,706,6,61,11,60,,,0,
2022-03-16 13:29:35,0.3,10315083,0.5,376192,1,67820,2,33203,5,1059,10,353,6,60,11,60,,,0,
2022-03-16 13:30:35,0.3,10303426,0.5,381843,1,76651,2,48746,5,2825,10,706,6,61,11,60,,,0,
2022-03-16 13:31:35,0.3,10366301,0.5,432709,1,118685,2,130695,5,8124,10,706,6,61,11,60,,,0,
2022-03-16 13:32:35,0.3,10440127,0.5,608618,1,207700,2,245496,5,23666,10,2825,6,62,11,60,,,0,
2022-03-16 13:33:35,0.3,10025432,0.5,442599,1,129989,2,178028,5,7417,10,1412,6,62,11,60,,,0,
2022-03-16 13:34:35,0.3,10286824,0.5,402684,1,97138,2,95725,5,3532,10,706,5,63,11,60,,,0,
2022-03-16 13:35:35,0.3,10062875,0.5,391381,1,84422,2,68527,5,2825,10,353,6,62,11,60,,,0,
2022-03-16 13:36:35,0.3,10619215,0.5,434475,1,97492,2,78417,5,4592,10,1766,6,63,11,60,,,0,
2022-03-16 13:37:35,0.3,10370187,0.5,372306,1,68880,2,57223,5,1059,10,353,6,61,11,60,,,0,
2022-03-16 13:38:35,0.3,9755916,0.5,376898,1,75591,2,50158,5,2825,10,706,7,60,11,60,,,0,
2022-03-16 13:39:35,0.3,9513599,0.5,365948,1,67114,2,46626,5,2472,10,1059,7,59,11,60,,,0,
2022-03-16 13:40:35,0.3,9487460,0.5,378311,1,69233,2,48039,5,1412,10,353,7,59,11,60,,,0,
2022-03-16 13:41:35,0.3,9275167,0.5,357470,1,67467,2,47333,5,3532,10,1059,7,59,11,60,,,0,
2022-03-16 13:42:35,0.3,9180501,0.5,343694,1,64641,2,37795,5,353,10,1059,6,59,11,60,,,0,
2022-03-16 13:43:35,0.3,9334864,0.5,365595,1,67820,2,62875,5,4238,10,2119,6,61,11,60,,,0,
2022-03-16 13:44:35,0.3,9406217,0.5,349346,1,65701,2,36382,5,1412,10,353,6,60,11,60,,,0,
2022-03-16 13:45:35,0.3,9175909,0.5,324973,1,75238,2,53691,5,4592,10,3179,6,60,11,60,,,0,
2022-03-16 13:46:35,0.3,8724832,0.5,329212,1,64994,2,38502,5,1059,10,0,6,58,11,60,,,0,
2022-03-16 13:47:35,0.3,8440127,0.5,348286,1,60049,2,44507,5,2472,10,353,6,58,11,60,,,0,
2022-03-16 13:48:35,0.3,8486400,0.5,353938,1,96785,2,95725,5,11656,10,4592,6,59,11,60,,,0,
2022-03-16 13:49:35,0.3,8746732,0.5,378311,1,98198,2,86188,5,8124,10,353,5,60,11,60,,,0,
2022-03-16 13:50:35,0.3,8234192,0.5,339456,1,73472,2,59342,5,4238,10,353,7,59,11,60,,,0,
2022-03-16 13:51:35,0.3,8238784,0.5,325326,1,71352,2,55104,5,2119,10,1059,7,57,11,60,,,0,
2022-03-16 13:52:35,0.3,7794772,0.5,330271,1,74178,2,50512,5,1766,10,706,6,54,11,60,,,0,
2022-03-16 13:53:35,0.3,7571176,0.5,311550,1,63581,2,44860,5,1059,10,0,6,58,11,60,,,0,
2022-03-16 13:54:35,0.3,6338749,0.5,252207,1,55810,2,33557,5,3885,10,706,5,60,11,60,,,0,
2022-03-16 13:55:35,0.3,7543624,0.5,294595,1,58636,2,36736,5,1766,10,1059,5,62,11,60,,,0,
2022-03-16 13:56:35,0.3,7708230,0.5,297068,1,58636,2,44154,5,4945,10,1766,6,65,11,60,,,0,
2022-03-16 13:57:35,0.3,5520310,0.5,265630,1,65701,2,36029,5,1412,10,1766,7,52,11,60,,,0,
2022-03-16 13:58:35,0.3,4089720,0.5,233486,1,53691,2,40621,5,3179,10,1059,7,52,11,60,,,0,
2022-03-16 13:59:35,0.3,6125044,0.5,299540,1,69233,2,46979,5,2472,10,1412,5,58,11,60,,,0,
2022-03-16 14:00:35,0.3,9814906,0.5,367008,1,72765,2,39208,5,706,10,706,5,62,11,60,,,0,
2022-03-16 14:01:35,0.3,7164959,0.5,269869,1,49805,2,44507,5,2472,10,0,4,60,11,60,,,0,
2022-03-16 14:02:35,0.3,4806782,0.5,243023,1,66407,2,54397,5,2472,10,706,4,58,11,60,,,0,
2022-03-16 14:03:35,0.3,4663369,0.5,290356,1,96785,2,83009,5,3885,10,1412,5,54,11,60,,,0,
2022-03-16 14:04:35,0.3,4811374,0.5,308724,1,134934,2,167078,5,11303,10,3179,6,55,11,60,,,0,
2022-03-16 14:05:35,0.3,3768632,0.5,240197,1,109855,2,152949,5,13422,10,1412,5,59,11,60,,,0,
2022-03-16 14:06:35,0.3,3257859,0.5,387142,1,226774,2,332038,5,22253,10,3532,4,60,11,60,,,0,
2022-03-16 14:07:35,0.3,1972447,0.5,193217,1,89367,2,102437,5,3179,10,0,3,65,11,60,,,0,
2022-03-16 14:08:35,0.3,2383256,0.5,325679,1,181208,2,297068,5,20840,10,2472,3,66,11,60,,,0,
2022-03-16 14:09:35,0.3,2772518,0.5,326739,1,183680,2,268456,5,19427,10,706,3,69,11,60,,,0,
2022-03-16 14:10:35,0.3,2920876,0.5,367361,1,185800,2,299540,5,18368,10,3885,3,71,11,60,,,0,
2022-03-16 14:11:35,0.3,3090074,0.5,654185,1,566584,2,1028258,5,103850,10,7771,3,71,11,60,,,0,
2022-03-16 14:12:35,0.3,2961850,0.5,404450,1,266690,2,465913,5,38149,10,4238,3,72,11,60,,,0,
2022-03-16 14:13:35,0.3,2785941,0.5,401978,1,276227,2,453549,5,33203,10,1766,3,70,11,60,,,0,
2022-03-16 14:14:35,0.3,2697986,0.5,474037,1,334864,2,547156,5,42741,10,1766,3,69,11,60,,,0,
2022-03-16 14:15:35,0.3,2651359,0.5,315789,1,173436,2,268456,5,18014,10,2472,3,70,11,60,,,0,
2022-03-16 14:16:35,0.3,2718120,0.5,324267,1,185446,2,263864,5,16601,10,1766,3,71,11,60,,,0,
2022-03-16 14:17:35,0.3,2759448,0.5,271635,1,129636,2,133874,5,6004,10,706,2,77,11,60,,,0,
2022-03-16 14:18:35,0.3,2564111,0.5,259625,1,98551,2,110208,5,6004,10,353,2,79,11,60,,,0,
2022-03-16 14:19:35,0.3,2512539,0.5,235252,1,91487,2,68173,5,3179,10,1766,1,80,11,60,,,0,
2022-03-16 14:20:35,0.3,2613564,0.5,222182,1,80183,2,64641,5,1059,10,706,1,81,11,60,,,0,
2022-03-16 14:21:35,0.3,2435888,0.5,219357,1,71352,2,47333,5,2119,10,353,1,81,11,60,,,0,
2022-03-16 14:22:35,0.3,2511480,0.5,204521,1,62168,2,52278,5,1412,10,706,1,81,11,60,,,0,
2022-03-16 14:23:35,0.3,2643588,0.5,226421,1,70646,2,46979,5,1059,10,0,1,83,11,60,,,0,
2022-03-16 14:24:35,0.3,2447191,0.5,216531,1,65347,2,48746,5,1059,10,353,1,82,11,60,,,0,
2022-03-16 14:25:35,0.3,2562345,0.5,220416,1,62168,2,42387,5,1766,10,353,1,83,11,60,,,0,
2022-03-18 13:02:34,0.3,6004,0.5,0,1,0,2,0,5,0,10,0,,,10,60,,,0,
2022-03-18 13:03:39,0.3,0,0.5,0,1,0,2,0,5,0,10,0,,,10,60,,,0,
2022-03-18 13:09:57,0.3,13212645,0.5,998587,1,133521,2,70999,5,2825,10,2472,8,47,11,60,,,0,
2022-03-18 13:10:57,0.3,13198163,0.5,945602,1,126103,2,62168,5,5298,10,1059,8,47,11,60,,,0,
2022-03-18 13:11:57,0.3,13464853,0.5,1051218,1,149063,2,105616,5,8124,10,2825,8,48,11,60,,,0,
2022-03-18 13:12:57,0.3,13536206,0.5,1018368,1,146591,2,92193,5,6004,10,1766,8,46,11,60,,,0,
2022-03-18 13:13:57,0.3,13879194,0.5,1031790,1,138466,2,87954,5,6004,10,2119,8,48,11,60,,,0,
2022-03-18 13:14:57,0.3,13852702,0.5,1058283,1,144825,2,77004,5,2119,10,1059,8,47,11,60,,,0,
2022-03-18 13:15:57,0.3,13837513,0.5,1024373,1,133521,2,83716,5,7064,10,353,8,48,11,60,,,0,
2022-03-18 13:16:57,0.3,13639703,0.5,1037442,1,170964,2,121865,5,10596,10,3179,8,46,11,60,,,0,
2022-03-18 13:17:57,0.3,13899682,0.5,1049805,1,169904,2,139879,5,14482,10,3532,8,46,11,60,,,0,
2022-03-18 13:18:57,0.3,13967855,0.5,1051571,1,146591,2,83716,5,8124,10,1412,8,47,11,60,,,0,
2022-03-18 13:19:57,0.3,13611091,0.5,1009537,1,155422,2,95372,5,5651,10,1059,8,46,11,60,,,0,
2022-03-18 13:20:57,0.3,13736488,0.5,1045920,1,157541,2,101377,5,4945,10,4592,8,48,11,60,,,0,
2022-03-18 13:21:57,0.3,13701872,0.5,1055810,1,170611,2,111974,5,8477,10,3532,8,48,11,60,,,0,
2022-03-18 13:22:57,0.3,13578947,0.5,1029318,1,143765,2,96785,5,6711,10,353,8,49,11,60,,,0,
2022-03-18 13:23:57,0.3,12779936,0.5,953373,1,147297,2,100317,5,4945,10,1059,9,46,11,60,,,0,
2022-03-18 13:24:57,0.3,12736842,0.5,977746,1,162486,2,79477,5,3179,10,353,7,47,11,60,,,0,
2022-03-18 13:25:57,0.3,13090427,0.5,955845,1,134934,2,80890,5,4945,10,1766,8,49,11,60,,,0,
2022-03-18 13:26:57,0.3,13501942,0.5,1000353,1,127516,2,77357,5,4238,10,353,8,50,11,60,,,0,
2022-03-18 13:27:57,0.3,13776757,0.5,1014835,1,160014,2,86541,5,7064,10,706,8,47,11,60,,,0,
2022-03-18 13:28:57,0.3,14250794,0.5,1167785,1,209819,2,156481,5,16955,10,2825,8,48,11,60,,,0,
2022-03-18 13:29:57,0.3,14473331,0.5,1052631,1,162839,2,93959,5,6004,10,2119,8,50,11,60,,,0,
2022-03-18 13:30:57,0.3,14811727,0.5,1069939,1,155775,2,79830,5,9184,10,3179,9,50,11,60,,,0,
2022-03-18 13:31:57,0.3,15062168,0.5,1114447,1,179795,2,129989,5,9537,10,4238,9,50,11,60,,,0,
2022-03-18 13:32:57,0.3,15158954,0.5,1130695,1,152596,2,75591,5,3179,10,706,8,49,11,60,,,0,
2022-03-18 13:33:57,0.3,14891557,0.5,1117626,1,173083,2,130342,5,9890,10,2472,8,51,11,60,,,0,
2022-03-18 13:34:57,0.3,14877075,0.5,1063581,1,156128,2,105616,5,8124,10,2472,9,48,11,60,,,0,
2022-03-18 13:35:57,0.3,14061815,0.5,1091133,1,176616,2,144471,5,12716,10,2119,8,48,11,60,,,0,
2022-03-18 13:36:57,0.3,13300600,0.5,957258,1,145178,2,83009,5,5298,10,1412,9,45,11,60,,,0,
2022-03-18 13:37:57,0.3,12637230,0.5,938890,1,172024,2,128576,5,14482,10,4592,9,45,11,60,,,0,
2022-03-18 13:38:57,0.3,11831861,0.5,947721,1,215824,2,216531,5,31084,10,8124,9,44,11,60,,,0,
2022-03-18 13:39:57,0.3,11065701,0.5,850582,1,143765,2,114447,5,9890,10,3179,10,42,11,60,,,0,
2022-03-18 13:40:57,0.3,11316142,0.5,875662,1,155775,2,89720,5,4592,10,2119,8,45,11,60,,,0,
2022-03-18 13:41:57,0.3,11524902,0.5,891910,1,158247,2,113740,5,7771,10,3885,9,47,11,60,,,0,
2022-03-18 13:42:57,0.3,11912045,0.5,963617,1,216531,2,221829,5,24019,10,8124,8,49,11,60,,,0,
2022-03-18 13:43:57,0.3,12287531,0.5,873896,1,149417,2,104909,5,4238,10,3179,8,48,11,60,,,0,
2022-03-18 13:44:57,0.3,12868244,0.5,1024726,1,222182,2,223242,5,29318,10,6711,9,50,11,60,,,0,
2022-03-18 13:45:57,0.3,13462380,0.5,998940,1,192864,2,176262,5,21193,10,5651,8,50,11,60,,,0,
2022-03-18 13:46:57,0.3,13874955,0.5,1116919,1,243023,2,297421,5,40268,10,6004,9,48,11,60,,,0,
2022-03-18 13:47:57,0.3,13948781,0.5,1059343,1,215471,2,233839,5,32144,10,9890,9,48,11,60,,,0,
2022-03-18 13:48:57,0.3,14574002,0.5,1093253,1,192511,2,163193,5,19780,10,3532,9,47,11,60,,,0,
2022-03-18 13:49:57,0.3,11913811,0.5,902861,1,172730,2,114093,5,9537,10,1059,9,45,11,60,,,0,
2022-03-18 13:50:57,0.3,11442953,0.5,944542,1,180148,2,138820,5,7771,10,706,7,46,11,60,,,0,
2022-03-18 13:51:57,0.3,10567997,0.5,836100,1,166372,2,97492,5,5298,10,2119,7,46,11,60,,,0,
2022-03-18 13:52:57,0.3,10060049,0.5,783115,1,158954,2,94312,5,4945,10,706,9,44,11,60,,,0,
2022-03-18 13:53:57,0.3,9880254,0.5,753797,1,145178,2,93253,5,6711,10,353,9,42,11,60,,,0,
2022-03-18 13:54:57,0.3,9176616,0.5,693394,1,141646,2,104909,5,7417,10,2472,8,44,11,60,,,0,
2022-03-18 13:55:57,0.3,9257859,0.5,905687,1,210879,2,163193,5,15188,10,2472,9,45,11,60,,,0,
2022-03-18 13:56:57,0.3,8593430,0.5,665489,1,140939,2,86541,5,6358,10,353,9,43,11,60,,,0,
2022-03-18 13:57:57,0.3,8974920,0.5,706464,1,151536,2,101024,5,9890,10,1412,10,42,11,60,,,0,
2022-03-18 13:58:57,0.3,10298834,0.5,864005,1,158954,2,92546,5,2472,10,353,7,49,11,60,,,0,
2022-03-18 13:59:57,0.3,9537619,0.5,755916,1,164606,2,84775,5,4238,10,1766,8,46,11,60,,,0,
2022-03-18 14:00:57,0.3,9776757,0.5,786294,1,155068,2,84775,5,3179,10,0,9,47,11,60,,,0,
2022-03-18 14:01:57,0.3,8916637,0.5,697633,1,129989,2,80536,5,7064,10,1412,8,45,11,60,,,0,
2022-03-18 14:02:57,0.3,8867538,0.5,690215,1,126810,2,79477,5,3532,10,706,9,48,11,60,,,0,
2022-03-18 14:03:57,0.3,9696927,0.5,734369,1,141999,2,78770,5,4592,10,1412,10,41,11,60,,,0,
2022-03-18 14:04:57,0.3,10071353,0.5,797244,1,152949,2,84422,5,4592,10,2119,9,44,11,60,,,0,
2022-03-18 14:05:57,0.3,9180501,0.5,728717,1,125397,2,77357,5,3532,10,706,7,49,11,60,,,0,
2022-03-18 14:06:57,0.3,9305545,0.5,723419,1,128223,2,86541,5,4592,10,353,8,47,11,60,,,0,
2022-03-18 14:07:57,0.3,8985517,0.5,717414,1,137760,2,89367,5,4238,10,1059,7,50,11,60,,,0,
2022-03-18 14:08:57,0.3,9711056,0.5,689862,1,131049,2,71352,5,2825,10,353,8,49,11,60,,,0,
2022-03-18 14:09:57,0.3,10396326,0.5,790533,1,143412,2,75591,5,3179,10,1412,7,47,11,60,,,0,
2022-03-18 14:10:57,0.3,10192158,0.5,783468,1,191805,2,132462,5,8830,10,1766,8,47,11,60,,,0,
2022-03-18 14:11:57,0.3,9555634,0.5,709643,1,132462,2,70646,5,1412,10,353,7,49,11,60,,,0,
2022-03-18 14:12:57,0.3,9682444,0.5,735782,1,142352,2,94666,5,4238,10,1412,8,48,11,60,,,0,
2022-03-18 14:13:57,0.3,9312257,0.5,715294,1,124337,2,60402,5,2472,10,1766,8,46,11,60,,,0,
2022-03-18 14:14:57,0.3,9382903,0.5,721299,1,141292,2,72059,5,3885,10,706,7,50,11,60,,,0,
2022-03-18 14:15:57,0.3,9322147,0.5,734722,1,142352,2,108089,5,9184,10,2119,9,45,11,60,,,0,
2022-03-18 14:16:57,0.3,8864005,0.5,716001,1,129636,2,80536,5,5298,10,3532,9,46,11,60,,,0,
2022-03-18 14:17:57,0.3,9650653,0.5,748852,1,145884,2,87248,5,5298,10,353,9,45,11,60,,,0,
2022-03-18 14:18:57,0.3,9510773,0.5,737548,1,148710,2,90780,5,3179,10,0,9,46,11,60,,,0,
2022-03-18 14:19:57,0.3,9505475,0.5,736135,1,141646,2,86895,5,6004,10,0,9,44,11,60,,,0,
2022-03-18 14:20:57,0.3,9552808,0.5,734369,1,137407,2,75591,5,4945,10,0,8,46,11,60,,,0,
2022-03-18 14:21:57,0.3,9900741,0.5,727304,1,153655,2,91840,5,7064,10,2472,9,43,11,60,,,0,
2022-03-18 14:22:57,0.3,9902508,0.5,748498,1,146591,2,92546,5,4592,10,0,8,46,11,60,,,0,
2022-03-18 14:23:57,0.3,9624514,0.5,737195,1,143058,2,85835,5,3179,10,0,9,43,11,60,,,0,
2022-03-18 14:24:57,0.3,9502649,0.5,746026,1,135287,2,77004,5,2825,10,706,10,42,11,60,,,0,
2022-03-18 14:25:57,0.3,9027199,0.5,740021,1,159660,2,80183,5,4945,10,3179,10,46,11,60,,,0,
2022-03-18 14:26:57,0.3,8837160,0.5,709290,1,153302,2,91840,5,4945,10,706,8,46,11,60,,,0,
2022-03-18 14:27:57,0.3,9388555,0.5,743906,1,143058,2,91133,5,6358,10,353,8,47,11,60,,,0,
2022-03-18 14:28:57,0.3,8930413,0.5,710702,1,125397,2,74531,5,3532,10,0,9,43,11,60,,,0,
2022-03-18 14:29:57,0.3,8941363,0.5,714941,1,135287,2,73119,5,2472,10,1412,9,46,11,60,,,0,
2022-03-18 14:30:57,0.3,9138467,0.5,695867,1,138466,2,76651,5,4592,10,1059,9,45,11,60,,,0,
2022-03-18 14:31:57,0.3,8462734,0.5,682444,1,118685,2,68880,5,4945,10,706,9,45,11,60,,,0,
2022-03-18 14:32:57,0.3,8972448,0.5,694454,1,142705,2,87248,5,4945,10,1412,8,48,11,60,,,0,
2022-03-18 14:33:57,0.3,9313317,0.5,714588,1,124337,2,77004,5,4592,10,706,7,50,11,60,,,0,
2022-03-18 14:34:57,0.3,9169904,0.5,703991,1,138820,2,84775,5,6358,10,706,9,47,11,60,,,0,
2022-03-18 14:35:57,0.3,9157894,0.5,720593,1,139879,2,79477,5,5298,10,1766,8,49,11,60,,,0,
2022-03-18 14:36:57,0.3,8446838,0.5,691275,1,140586,2,77004,5,2119,10,1766,7,49,11,60,,,0,
2022-03-18 14:37:57,0.3,7981278,0.5,657364,1,138466,2,81596,5,2472,10,353,7,48,11,60,,,0,
2022-03-18 14:38:57,0.3,8289650,0.5,708230,1,155068,2,133168,5,7771,10,1412,8,47,11,60,,,0,
2022-03-18 14:39:57,0.3,7775344,0.5,643588,1,168491,2,104556,5,6004,10,1059,9,45,11,60,,,0,
2022-03-18 14:40:57,0.3,7778523,0.5,632991,1,131755,2,85128,5,3532,10,353,9,45,11,60,,,0,
2022-03-18 14:41:57,0.3,8238078,0.5,662310,1,137407,2,87248,5,4945,10,706,9,46,11,60,,,0,
2022-03-18 14:42:57,0.3,8676439,0.5,713175,1,151183,2,80890,5,6358,10,1766,9,48,11,60,,,0,
2022-03-18 14:43:57,0.3,8686683,0.5,706110,1,137054,2,96079,5,4238,10,706,9,48,11,60,,,0,
2022-03-18 14:44:57,0.3,8761215,0.5,673613,1,138113,2,82656,5,6358,10,2119,8,49,11,60,,,0,
2022-03-18 14:45:57,0.3,8415754,0.5,623454,1,122924,2,67820,5,1766,10,0,8,45,11,60,,,0,
2022-03-18 14:46:57,0.3,8348640,0.5,637583,1,127870,2,67467,5,2119,10,706,8,48,11,60,,,0,
2022-03-18 14:47:57,0.3,8404450,0.5,658424,1,174143,2,116919,5,10596,10,706,9,48,11,60,,,0,
2022-03-18 14:48:57,0.3,8141646,0.5,652066,1,142352,2,145531,5,6711,10,353,10,41,11,60,,,0,
2022-03-19 09:23:30,0.3,8746732,0.5,1276227,1,568703,2,927587,5,134934,10,99964,1,78,11,60,,,0,
2022-03-19 09:24:30,0.3,12302719,0.5,3536912,1,2927587,2,9863299,5,3279406,10,2915224,1,81,11,60,,,0,
2022-03-19 09:25:30,0.3,7421759,0.5,723419,1,205227,2,269869,5,38502,10,38855,2,81,11,60,,,0,
2022-03-22 15:02:00,0.3,3923348,0.5,494171,1,208406,2,309431,5,43094,10,20487,10,42,11,60,,,0,
2022-03-22 15:03:00,0.3,3267749,0.5,408336,1,151889,2,222536,5,24019,10,3885,10,38,11,60,,,0,
2022-03-22 15:04:00,0.3,3784175,0.5,361356,1,91133,2,90780,5,7771,10,3532,9,39,11,60,,,0,
2022-03-22 15:05:00,0.3,4582126,0.5,400565,1,99611,2,102084,5,12009,10,2472,10,41,11,60,,,0,
2022-03-22 15:06:00,0.3,5573295,0.5,456022,1,92193,2,100671,5,10596,10,2472,9,42,11,60,,,0,
2022-03-22 15:07:00,0.3,5122924,0.5,460614,1,103143,2,106322,5,14835,10,5298,8,47,11,60,,,0,
2022-03-22 15:08:00,0.3,4526315,0.5,365948,1,72059,2,44860,5,2825,10,353,8,48,11,60,,,0,
2022-03-22 15:09:00,0.3,4196750,0.5,376545,1,95372,2,94666,5,10596,10,2119,9,45,11,60,,,0,
2022-03-22 15:10:00,0.3,4283998,0.5,398092,1,133168,2,151889,5,14482,10,2472,9,46,11,60,,,0,
2022-03-22 15:11:00,0.3,4201342,0.5,383610,1,110208,2,95372,5,8830,10,1412,8,46,11,60,,,0,
2022-03-22 15:12:00,0.3,4072412,0.5,364182,1,98904,2,104556,5,8830,10,3179,8,46,11,60,,,0,
2022-03-22 15:13:00,0.3,4051218,0.5,385729,1,110208,2,150830,5,19780,10,1766,8,47,11,60,,,0,
2022-03-22 15:14:00,0.3,3836806,0.5,333804,1,69939,2,45920,5,1059,10,1412,8,46,11,60,,,0,
2022-03-22 15:15:00,0.3,3879194,0.5,331684,1,70293,2,49099,5,2119,10,1766,8,45,11,60,,,0,
2022-03-22 15:16:00,0.3,3960791,0.5,431296,1,173083,2,231013,5,32144,10,4945,8,48,11,60,,,0,
2022-03-22 15:17:00,0.3,3692334,0.5,340162,1,75944,2,53338,5,2119,10,353,8,47,11,60,,,0,
2022-03-22 15:18:00,0.3,3556340,0.5,393853,1,104909,2,101024,5,13422,10,2119,8,47,11,60,,,0,
2022-03-22 15:19:00,0.3,3470505,0.5,329212,1,88308,2,57576,5,2825,10,0,8,47,11,60,,,0,
2022-03-22 15:20:00,0.3,2992582,0.5,288590,1,55457,2,34969,5,1766,10,0,8,46,11,60,,,0,
2022-03-22 15:21:00,0.3,2747085,0.5,300600,1,72412,2,55457,5,4238,10,1059,7,49,11,60,,,0,
2022-03-22 15:22:00,0.3,2461674,0.5,265277,1,71352,2,42387,5,1412,10,706,7,48,11,60,,,0,
2022-03-22 15:23:00,0.3,2231720,0.5,240197,1,72059,2,46626,5,3532,10,353,8,45,11,60,,,0,
2022-03-22 15:24:00,0.3,1901448,0.5,217944,1,61109,2,43447,5,3532,10,706,9,44,11,60,,,0,
2022-03-22 15:25:00,0.3,1847050,0.5,217590,1,60402,2,38502,5,1412,10,0,9,44,11,60,,,0,
2022-03-22 15:26:00,0.3,1711056,0.5,177675,1,66407,2,37442,5,706,10,353,8,44,11,60,,,0,
2022-03-22 15:27:00,0.3,1556693,0.5,214058,1,71352,2,89720,5,15895,10,2472,9,44,11,60,,,0,
2022-03-22 15:28:00,0.3,1413281,0.5,191805,1,60402,2,36029,5,3532,10,353,8,45,11,60,,,0,
2022-03-22 15:29:00,0.3,1560932,0.5,266690,1,126810,2,258919,5,36029,10,7771,9,44,11,60,,,0,
2022-03-22 15:30:00,0.3,1354291,0.5,194984,1,57223,2,40268,5,2119,10,706,8,44,11,60,,,0,
2022-03-22 15:31:00,0.3,1579653,0.5,394560,1,195690,2,260685,5,31437,10,8124,8,39,11,60,,,0,
2022-03-22 15:32:00,0.3,1285764,0.5,280466,1,128576,2,188272,5,21900,10,6004,9,41,11,60,,,0,
2022-03-22 15:33:00,0.3,1117626,0.5,206993,1,79830,2,99611,5,15542,10,2472,9,38,11,60,,,0,
2022-03-22 15:34:00,0.3,1096432,0.5,244789,1,128929,2,125044,5,6358,10,1412,8,38,11,60,,,0,
2022-03-22 15:35:00,0.3,1057223,0.5,167432,1,55457,2,34616,5,353,10,353,9,37,11,60,,,0,
2022-03-22 15:36:00,0.3,1006711,0.5,146238,1,60049,2,31437,5,1059,10,0,8,36,11,60,,,0,
2022-03-22 15:37:00,0.3,1003179,0.5,162486,1,56870,2,51925,5,6711,10,1059,9,37,11,60,,,0,
2022-03-22 15:38:00,0.3,987283,0.5,175556,1,50158,2,36382,5,2119,10,0,9,39,11,60,,,0,
2022-03-22 15:39:00,0.3,1055104,0.5,171670,1,60402,2,51925,5,3532,10,706,8,38,11,60,,,0,
2022-03-22 15:40:00,0.3,1167432,0.5,274461,1,135994,2,166725,5,19074,10,4945,9,37,11,60,,,0,
2022-03-22 15:41:00,0.3,1118686,0.5,296714,1,135641,2,183327,5,20840,10,3179,8,39,11,60,,,0,
2022-03-22 15:42:00,0.3,1030731,0.5,174849,1,62875,2,47333,5,3179,10,1059,8,40,11,60,,,0,
2022-03-22 15:43:00,0.3,1055104,0.5,173790,1,61462,2,50512,5,3179,10,1059,8,44,11,60,,,0,
2022-03-22 15:44:00,0.3,1154009,0.5,183327,1,53691,2,37795,5,2825,10,0,7,46,11,60,,,0,
2022-03-22 15:45:00,0.3,1133168,0.5,175203,1,54397,2,46273,5,4592,10,0,8,44,11,60,,,0,
2022-03-22 15:46:00,0.3,1176969,0.5,217590,1,91487,2,117979,5,14129,10,1766,7,48,11,60,,,0,
2022-03-22 15:47:00,0.3,1127516,0.5,170257,1,55457,2,45920,5,3532,10,3532,8,45,11,60,,,0,
2022-03-22 15:48:00,0.3,1076651,0.5,205581,1,117979,2,193924,5,28258,10,9184,8,42,11,60,,,0,
2022-03-22 15:49:00,0.3,994348,0.5,167078,1,75944,2,87248,5,11303,10,4592,8,43,11,60,,,0,
2022-03-22 15:50:00,0.3,964676,0.5,164252,1,64641,2,68173,5,2825,10,1059,8,44,11,60,,,0,
2022-03-22 15:51:00,0.3,951253,0.5,168491,1,71706,2,93253,5,10243,10,2472,8,44,11,60,,,0,
2022-03-22 15:52:00,0.3,1080183,0.5,243376,1,125750,2,179088,5,20840,10,6358,8,45,11,60,,,0,
2022-03-22 15:53:00,0.3,1016601,0.5,186859,1,91840,2,127163,5,14482,10,1766,8,43,11,60,,,0,
2022-03-22 15:54:00,0.3,984811,0.5,181561,1,88308,2,100671,5,4945,10,2119,7,42,11,60,,,0,
2022-03-22 15:55:00,0.3,910279,0.5,166019,1,69939,2,57930,5,4945,10,0,8,42,11,60,,,0,
2022-03-22 15:56:00,0.3,939244,0.5,152949,1,58636,2,43094,5,4592,10,353,8,42,11,60,,,0,
2022-03-22 15:57:00,0.3,945602,0.5,184387,1,68880,2,69939,5,7064,10,1059,8,44,11,60,,,0,
2022-03-22 15:58:00,0.3,949487,0.5,143058,1,52278,2,35323,5,1412,10,0,9,42,11,60,,,0,
2022-03-22 15:59:00,0.3,947015,0.5,168844,1,51571,2,61109,5,5298,10,1412,8,42,11,60,,,0,
2022-03-22 16:00:00,0.3,1023666,0.5,224302,1,86895,2,122571,5,19074,10,3179,8,41,11,60,,,0,
2022-03-22 16:01:00,0.3,996114,0.5,180501,1,86188,2,90427,5,12009,10,4592,9,41,11,60,,,0,
2022-03-22 16:02:00,0.3,968562,0.5,190745,1,111974,2,155068,5,15542,10,2472,8,38,11,60,,,0,
2022-03-22 16:03:00,0.3,931472,0.5,166725,1,73825,2,74531,5,4238,10,1059,8,38,11,60,,,0,
2022-03-22 16:04:00,0.3,958671,0.5,149770,1,65347,2,44507,5,1412,10,1059,7,40,11,60,,,0,
2022-03-22 16:05:00,0.3,934298,0.5,160720,1,56163,2,46626,5,2825,10,1059,9,40,11,60,,,0,
2022-03-22 16:06:00,0.3,1070999,0.5,193924,1,79477,2,81596,5,7064,10,2472,8,37,11,60,,,0,
2022-03-22 16:07:00,0.3,1155422,0.5,178735,1,88308,2,91840,5,8830,10,3179,9,38,11,60,,,0,
2022-03-22 16:08:00,0.3,1269162,0.5,232073,1,107735,2,127870,5,17661,10,3532,8,40,11,60,,,0,
2022-03-22 16:09:00,0.3,1262098,0.5,279053,1,147297,2,206287,5,13776,10,2825,8,42,11,60,,,0,
2022-03-22 16:10:00,0.3,1297068,0.5,233486,1,96785,2,107735,5,4238,10,706,8,41,11,60,,,0,
2022-03-22 16:11:00,0.3,1380784,0.5,219003,1,95019,2,93253,5,9184,10,1412,8,41,11,60,,,0,
2022-03-22 16:12:00,0.3,1354645,0.5,226774,1,92900,2,90780,5,5651,10,1059,8,44,11,60,,,0,
2022-03-22 16:13:00,0.3,1351465,0.5,206993,1,79477,2,66407,5,4592,10,353,8,42,11,60,,,0,
2022-03-22 16:14:00,0.3,1256799,0.5,170964,1,72765,2,43800,5,1412,10,353,9,44,11,60,,,0,
2022-03-22 16:15:00,0.3,1259625,0.5,176262,1,57930,2,45213,5,1059,10,0,9,39,11,60,,,0,
2022-03-22 16:16:00,0.3,1323560,0.5,171670,1,59342,2,34969,5,1412,10,0,8,42,11,60,,,0,
2022-03-22 16:17:00,0.3,1333097,0.5,187566,1,58989,2,38855,5,1766,10,353,8,40,11,60,,,0,
2022-03-22 16:18:00,0.3,1222536,0.5,276227,1,110208,2,126810,5,17308,10,3532,8,41,11,60,,,0,
2022-03-22 16:19:00,0.3,955845,0.5,164959,1,80183,2,101024,5,15542,10,3885,8,45,11,60,,,0,
2022-03-22 16:20:00,0.3,990462,0.5,149417,1,62875,2,68880,5,8124,10,706,7,46,11,60,,,0,
2022-03-22 16:21:00,0.3,985517,0.5,134228,1,47686,2,26845,5,706,10,0,8,46,11,60,,,0,
2022-03-22 16:22:00,0.3,1027198,0.5,146238,1,56870,2,41328,5,2472,10,353,8,45,11,60,,,0,
2022-03-22 16:23:00,0.3,991875,0.5,129636,1,52631,2,28965,5,706,10,0,7,44,11,60,,,0,
2022-03-22 16:24:00,0.3,918756,0.5,129989,1,46626,2,33203,5,706,10,353,8,43,11,60,,,0,
2022-03-22 16:25:00,0.3,993641,0.5,151889,1,54750,2,58636,5,4238,10,706,7,42,11,60,,,0,
2022-03-22 16:26:00,0.3,951960,0.5,157894,1,63935,2,81243,5,7771,10,2119,8,41,11,60,,,0,
2022-03-22 16:27:00,0.3,985164,0.5,143765,1,49099,2,33910,5,2472,10,353,8,40,11,60,,,0,
2022-03-22 16:28:00,0.3,989049,0.5,152949,1,59696,2,35323,5,1412,10,706,8,39,11,60,,,0,
2022-03-22 16:29:00,0.3,1113034,0.5,315083,1,155422,2,201695,5,23313,10,4238,8,37,11,60,,,0,
2022-03-22 16:30:00,0.3,1059343,0.5,180148,1,66760,2,34263,5,2825,10,0,9,38,11,60,,,0,
2022-03-22 16:31:00,0.3,1140233,0.5,188979,1,63581,2,47333,5,2119,10,706,8,36,11,60,,,0,
2022-03-22 16:32:00,0.3,1093606,0.5,157541,1,50512,2,32144,5,353,10,0,9,36,11,60,,,0,
2022-03-22 16:33:00,0.3,1135994,0.5,168844,1,50865,2,31437,5,1059,10,353,9,40,11,60,,,0,
2022-03-22 16:34:00,0.3,1183327,0.5,158247,1,50865,2,30731,5,1412,10,0,9,41,11,60,,,0,
2022-03-22 16:35:00,0.3,1164252,0.5,162486,1,54044,2,25785,5,1059,10,706,9,42,11,60,,,0,
2022-03-22 16:36:00,0.3,1145884,0.5,160367,1,58989,2,30377,5,0,10,0,9,39,11,60,,,0,
2022-03-22 16:37:00,0.3,1166372,0.5,159307,1,57223,2,24373,5,0,10,0,9,39,11,60,,,0,
2022-03-22 16:38:00,0.3,1195337,0.5,170964,1,50865,2,29318,5,353,10,706,9,39,11,60,,,0,
2022-03-22 16:39:00,0.3,1341575,0.5,186506,1,58636,2,36382,5,1059,10,0,9,40,11,60,,,0,
2022-03-22 16:40:00,0.3,1584952,0.5,207700,1,57223,2,33910,5,706,10,706,9,40,11,60,,,0,
2022-03-22 16:41:00,0.3,1456375,0.5,189685,1,55457,2,25785,5,1412,10,0,8,45,11,60,,,0,
2022-03-22 16:42:00,0.3,1298481,0.5,174849,1,57223,2,27905,5,1412,10,0,7,43,11,60,,,0,
2022-03-22 16:43:00,0.3,1226775,0.5,163546,1,51571,2,26492,5,353,10,353,7,47,11,60,,,0,
2022-03-22 16:44:00,0.3,1173083,0.5,189332,1,53691,2,37089,5,2472,10,353,8,48,11,60,,,0,
2022-03-22 16:45:00,0.3,1146238,0.5,154362,1,48746,2,29671,5,706,10,0,7,49,11,60,,,0,
2022-03-22 16:46:00,0.3,1130342,0.5,162839,1,50512,2,31790,5,706,10,353,7,49,11,60,,,0,
2022-03-22 16:47:00,0.3,1174849,0.5,192864,1,81243,2,51925,5,1766,10,0,6,50,11,60,,,0,
2022-03-22 16:48:00,0.3,1223949,0.5,221476,1,85128,2,78064,5,6004,10,0,7,50,11,60,,,0,
2022-03-22 16:49:00,0.3,1268456,0.5,178382,1,57930,2,39561,5,1059,10,0,8,49,11,60,,,0,
2022-03-22 16:50:00,0.3,1270575,0.5,193571,1,51571,2,33203,5,1412,10,0,8,49,11,60,,,0,
2022-03-22 16:51:00,0.3,1388908,0.5,206993,1,60049,2,52631,5,1412,10,1412,8,48,11,60,,,0,
2022-03-23 13:17:56,0.3,20476510,0.5,1478276,1,225362,2,144825,5,10596,10,5298,10,51,11,60,,,0,
2022-03-23 13:18:56,0.3,20595196,0.5,1474037,1,220063,2,149770,5,10243,10,3885,9,54,11,60,,,0,
2022-03-23 13:19:56,0.3,20316496,0.5,1436594,1,209819,2,117626,5,7771,10,1766,9,56,11,60,,,0,
2022-03-23 13:20:56,0.3,20137406,0.5,1410455,1,210879,2,158954,5,8124,10,1412,11,54,11,60,,,0,
2022-03-23 13:21:56,0.3,19829388,0.5,1469445,1,223949,2,196750,5,14129,10,706,11,51,11,60,,,0,
2022-03-23 13:22:56,0.3,19929352,0.5,1477923,1,217590,2,166725,5,13776,10,1766,12,48,11,60,,,0,
2022-03-23 13:23:56,0.3,19792652,0.5,1440480,1,233839,2,189332,5,14835,10,1059,12,47,11,60,,,0,
2022-03-23 13:24:56,0.3,20146590,0.5,1428117,1,243023,2,172730,5,9890,10,3885,12,47,11,60,,,0,
2022-03-23 13:25:56,0.3,19848816,0.5,1408336,1,199576,2,150830,5,9184,10,1766,12,49,11,60,,,0,
2022-03-23 13:26:56,0.3,19285058,0.5,1370187,1,209113,2,121865,5,2472,10,706,10,53,11,60,,,0,
2022-03-23 13:27:56,0.3,20372306,0.5,1480395,1,212292,2,118685,5,4592,10,706,11,56,11,60,,,0,
2022-03-23 13:28:56,0.3,20796890,0.5,1532673,1,225715,2,172730,5,10243,10,1766,12,47,11,60,,,0,
2022-03-23 13:29:56,0.3,19983398,0.5,1416813,1,233839,2,141999,5,5298,10,2472,11,51,11,60,,,0,
2022-03-23 13:30:56,0.3,19962910,0.5,1478276,1,226774,2,149417,5,8477,10,2119,12,45,11,60,,,0,
2022-03-23 13:31:56,0.3,19351818,0.5,1456375,1,229247,2,152243,5,8477,10,3179,12,45,11,60,,,0,
2022-03-23 13:32:56,0.3,19933238,0.5,1424231,1,210879,2,144118,5,10950,10,1412,11,46,11,60,,,0,
2022-03-23 13:33:56,0.3,20398092,0.5,1495937,1,217237,2,155068,5,12363,10,1412,12,47,11,60,,,0,
2022-03-23 13:34:56,0.3,20521016,0.5,1505828,1,227128,2,170964,5,12716,10,1766,12,51,11,60,,,0,
2022-03-23 13:35:56,0.3,19878488,0.5,1494878,1,232779,2,165312,5,12363,10,2119,11,47,11,60,,,0,
2022-03-23 13:36:56,0.3,19273402,0.5,1437654,1,221476,2,148357,5,7771,10,1059,11,50,11,60,,,0,
2022-03-23 13:37:56,0.3,18661956,0.5,1373013,1,213352,2,151183,5,9184,10,2472,11,47,11,60,,,0,
2022-03-23 13:38:56,0.3,18459908,0.5,1355351,1,214058,2,127163,5,9890,10,1412,11,47,11,60,,,0,
2022-03-23 13:39:56,0.3,16837512,0.5,1235252,1,193217,2,137054,5,9184,10,706,11,46,11,60,,,0,
2022-03-23 13:40:56,0.3,17088308,0.5,1241610,1,199929,2,138113,5,12009,10,1059,11,49,11,60,,,0,
2022-03-23 13:41:56,0.3,16656305,0.5,1197809,1,209819,2,128929,5,9890,10,706,12,45,11,60,,,0,
2022-03-23 13:42:56,0.3,17211232,0.5,1238784,1,207347,2,132462,5,8830,10,1766,11,49,11,60,,,0,
2022-03-23 13:43:56,0.3,17423172,0.5,1256799,1,194630,2,141292,5,10243,10,706,11,46,11,60,,,0,
2022-03-23 13:44:56,0.3,18030378,0.5,1290356,1,216178,2,154715,5,14482,10,1766,12,47,11,60,,,0,
2022-03-23 13:45:56,0.3,18478628,0.5,1359943,1,239138,2,226774,5,19427,10,6358,12,47,11,60,,,0,
2022-03-23 13:46:56,0.3,18898976,0.5,1412221,1,229247,2,193571,5,14835,10,1059,12,47,11,60,,,0,
2022-03-23 13:47:56,0.3,19092546,0.5,1433062,1,219710,2,172024,5,10243,10,2119,12,47,11,60,,,0,
2022-03-23 13:48:56,0.3,19262450,0.5,1445072,1,267396,2,226068,5,22960,10,3885,11,46,11,60,,,0,
2022-03-23 13:49:56,0.3,19327092,0.5,1446485,1,223949,2,174143,5,13776,10,2825,11,47,11,60,,,0,
2022-03-23 13:50:56,0.3,19016602,0.5,1373013,1,230307,2,158601,5,7771,10,2825,11,49,11,60,,,0,
2022-03-23 13:51:56,0.3,18549982,0.5,1328859,1,214058,2,164252,5,13069,10,1412,12,46,11,60,,,0,
2022-03-23 13:52:56,0.3,19093252,0.5,1364888,1,208053,2,150123,5,10243,10,1766,12,48,11,60,,,0,
2022-03-23 13:53:56,0.3,19346520,0.5,1373366,1,212998,2,139173,5,7417,10,2825,12,48,11,60,,,0,
2022-03-23 13:54:56,0.3,19689862,0.5,1397386,1,203108,2,135641,5,8830,10,706,11,47,11,60,,,0,
2022-03-23 13:55:56,0.3,19541858,0.5,1361356,1,191451,2,150830,5,9890,10,2119,11,46,11,60,,,0,
2022-03-23 13:56:56,0.3,19521016,0.5,1385376,1,197456,2,137760,5,6004,10,1059,12,46,11,60,,,0,
2022-03-23 13:57:56,0.3,18991522,0.5,1331331,1,208760,2,162486,5,13776,10,2825,12,43,11,60,,,0,
2022-03-23 13:58:56,0.3,19055456,0.5,1334864,1,191451,2,127870,5,8830,10,3179,12,45,11,60,,,0,
2022-03-23 13:59:56,0.3,19117272,0.5,1353232,1,219003,2,152596,5,9537,10,1059,12,45,11,60,,,0,
2022-03-23 14:00:56,0.3,18983044,0.5,1336630,1,212998,2,145178,5,7417,10,2119,12,47,11,60,,,0,
2022-03-23 14:01:56,0.3,19253620,0.5,1340162,1,230660,2,191451,5,17661,10,3179,12,47,11,60,,,0,
2022-03-23 14:02:56,0.3,19214764,0.5,1339809,1,192158,2,130695,5,6358,10,1412,11,47,11,60,,,0,
2022-03-23 14:03:56,0.3,19100670,0.5,1338396,1,205581,2,128576,5,9184,10,1059,12,48,11,60,,,0,
2022-03-23 14:04:56,0.3,19276580,0.5,1367714,1,226774,2,164606,5,13069,10,1412,12,47,11,60,,,0,
2022-03-23 14:05:56,0.3,19369834,0.5,1330272,1,212292,2,156835,5,9890,10,1059,12,44,11,60,,,0,
2022-03-23 14:06:56,0.3,19668668,0.5,1334864,1,213352,2,148357,5,7417,10,2825,12,44,11,60,,,0,
2022-03-23 14:07:56,0.3,20440480,0.5,1379018,1,192511,2,125044,5,4238,10,0,11,50,11,60,,,0,
2022-03-23 14:08:56,0.3,20526316,0.5,1414341,1,186506,2,145531,5,9890,10,2472,12,47,11,60,,,0,
2022-03-23 14:09:56,0.3,19230660,0.5,1346520,1,189685,2,118332,5,5651,10,1412,11,47,11,60,,,0,
2022-03-23 14:10:56,0.3,19604026,0.5,1347933,1,205934,2,140586,5,10950,10,1412,12,46,11,60,,,0,
2022-03-23 14:11:56,0.3,20000000,0.5,1373719,1,210879,2,145531,5,10243,10,3179,13,45,11,60,,,0,
2022-03-23 14:12:56,0.3,20332744,0.5,1377251,1,191805,2,133168,5,11656,10,2472,11,48,11,60,,,0,
2022-03-23 14:13:56,0.3,19618508,0.5,1318262,1,210526,2,143765,5,13422,10,1412,13,45,11,60,,,0,
2022-03-23 14:14:56,0.3,19229600,0.5,1291769,1,196750,2,123631,5,4592,10,1059,12,45,11,60,,,0,
2022-03-23 14:15:56,0.3,19221830,0.5,1267749,1,180148,2,139173,5,10596,10,1766,12,47,11,60,,,0,
2022-03-23 14:16:56,0.3,19194278,0.5,1312257,1,187919,2,128223,5,9890,10,1412,12,47,11,60,,,0,
2022-03-23 14:17:56,0.3,19483574,0.5,1363475,1,204168,2,163899,5,13069,10,706,13,44,11,60,,,0,
2022-03-23 14:18:56,0.3,19498764,0.5,1374426,1,214411,2,152243,5,10950,10,1766,12,47,11,60,,,0,
2022-03-23 14:19:56,0.3,17910632,0.5,1276933,1,204168,2,129282,5,7417,10,2119,12,46,11,60,,,0,
2022-03-23 14:20:56,0.3,16536559,0.5,1174496,1,211939,2,166372,5,11656,10,4945,11,45,11,60,,,0,
2022-03-23 14:21:56,0.3,15908866,0.5,1066054,1,149770,2,83362,5,6004,10,706,10,47,11,60,,,0,
2022-03-23 14:22:56,0.3,16326033,0.5,1084775,1,135287,2,81949,5,3179,10,1412,11,48,11,60,,,0,
2022-03-23 14:23:56,0.3,16883786,0.5,1149417,1,152243,2,71706,5,2472,10,353,11,49,11,60,,,0,
2022-03-23 14:24:56,0.3,17267042,0.5,1145884,1,160367,2,90780,5,4945,10,1766,12,46,11,60,,,0,
2022-03-23 14:25:56,0.3,18546450,0.5,1200282,1,168491,2,87954,5,3532,10,1059,10,52,11,60,,,0,
2022-03-23 14:26:56,0.3,18848110,0.5,1235959,1,149770,2,106676,5,2119,10,1766,12,48,11,60,,,0,
2022-03-23 14:27:56,0.3,18614270,0.5,1251501,1,180854,2,111974,5,6711,10,1766,12,45,11,60,,,0,
2022-03-23 14:28:56,0.3,18649946,0.5,1260332,1,188979,2,116566,5,7064,10,1059,13,43,11,60,,,0,
2022-03-23 14:29:56,0.3,18564112,0.5,1237725,1,171670,2,106322,5,6358,10,3179,13,43,11,60,,,0,
2022-03-23 14:30:56,0.3,19214412,0.5,1256446,1,189685,2,112681,5,8830,10,1059,13,43,11,60,,,0,
2022-03-23 14:31:56,0.3,18704698,0.5,1270929,1,185800,2,120805,5,11656,10,1412,13,41,11,60,,,0,
2022-03-23 14:32:56,0.3,19041680,0.5,1265630,1,157894,2,109855,5,7064,10,1059,12,44,11,60,,,0,
2022-03-23 14:33:56,0.3,19269516,0.5,1306605,1,173083,2,113034,5,6358,10,1412,12,44,11,60,,,0,
2022-03-23 14:34:56,0.3,19671494,0.5,1306605,1,154009,2,116919,5,8477,10,1766,12,49,11,60,,,0,
2022-03-23 14:35:56,0.3,19546450,0.5,1284351,1,203461,2,134581,5,8124,10,3532,13,46,11,60,,,0,
2022-03-23 14:36:56,0.3,18892264,0.5,1327092,1,216531,2,211586,5,16248,10,3179,13,42,11,60,,,0,
2022-03-23 14:37:56,0.3,19342988,0.5,1365241,1,229600,2,218297,5,16955,10,1766,13,48,11,60,,,0,
2022-03-23 14:38:56,0.3,18207700,0.5,1284351,1,196043,2,141646,5,7417,10,2472,11,46,11,60,,,0,
2022-03-23 14:39:56,0.3,18344400,0.5,1246909,1,182267,2,123984,5,6004,10,0,12,45,11,60,,,0,
2022-03-23 14:40:56,0.3,18461674,0.5,1254327,1,161073,2,121158,5,3885,10,1412,11,48,11,60,,,0,
2022-03-23 14:41:56,0.3,18895796,0.5,1238784,1,184740,2,122571,5,6711,10,1412,12,45,11,60,,,0,
2022-03-23 14:42:56,0.3,18565878,0.5,1289650,1,210879,2,155068,5,12716,10,2825,12,47,11,60,,,0,
2022-03-23 14:43:56,0.3,19180854,0.5,1360649,1,178382,2,105616,5,2825,10,353,12,48,11,60,,,0,
2022-03-23 14:44:56,0.3,19193218,0.5,1328152,1,168491,2,102084,5,6358,10,1766,11,50,11,60,,,0,
2022-03-23 14:45:56,0.3,19548568,0.5,1382197,1,187566,2,110208,5,4238,10,1059,11,50,11,60,,,0,
2022-03-23 14:46:56,0.3,18859060,0.5,1306605,1,182974,2,110914,5,9184,10,1766,12,46,11,60,,,0,
2022-03-23 14:47:56,0.3,19166724,0.5,1345814,1,171317,2,129636,5,7771,10,2472,12,44,11,60,,,0,
2022-03-23 14:48:56,0.3,18615682,0.5,1281525,1,186506,2,125044,5,9184,10,2825,13,42,11,60,,,0,
2022-03-23 14:49:56,0.3,18929352,0.5,1345460,1,184740,2,121158,5,9890,10,2472,12,43,11,60,,,0,
2022-03-23 14:50:56,0.3,19139880,0.5,1376192,1,178382,2,105616,5,6004,10,353,12,46,11,60,,,0,
2022-03-23 14:51:56,0.3,19141292,0.5,1352172,1,189685,2,124337,5,8830,10,2119,13,45,11,60,,,0,
2022-03-23 14:52:56,0.3,19398798,0.5,1375838,1,174143,2,84775,5,2472,10,0,11,49,11,60,,,0,
2022-03-23 14:53:56,0.3,18723066,0.5,1287530,1,160014,2,95725,5,2825,10,0,10,50,11,60,,,0,
2022-03-23 14:54:56,0.3,18976686,0.5,1305192,1,167785,2,103496,5,3885,10,0,11,47,11,60,,,0,
2022-03-23 14:55:56,0.3,19104202,0.5,1494524,1,249735,2,182974,5,10950,10,2119,12,48,11,60,,,0,
2022-03-23 14:56:56,0.3,18518898,0.5,1368774,1,234546,2,174849,5,15542,10,3179,13,43,11,60,,,0,
2022-03-24 14:28:31,0.3,17234898,0.5,1126103,1,166019,2,94312,5,3532,10,3885,12,51,11,60,,,0,
2022-03-24 14:29:31,0.3,16839632,0.5,1210526,1,158954,2,90074,5,2825,10,353,13,51,11,60,,,0,
2022-03-24 14:30:31,0.3,16051571,0.5,1194277,1,209466,2,162133,5,9184,10,1766,14,48,11,60,,,0,
2022-03-24 14:31:31,0.3,16666548,0.5,1192864,1,185446,2,127163,5,7064,10,4238,14,50,11,60,,,0,
2022-03-24 14:32:31,0.3,17234192,0.5,1285058,1,193571,2,142352,5,6004,10,706,13,48,11,60,,,0,
2022-03-24 14:33:31,0.3,16452490,0.5,1228187,1,211586,2,177675,5,16601,10,3885,16,44,11,60,,,0,
2022-03-24 14:34:31,0.3,16847756,0.5,1227128,1,168844,2,109855,5,6358,10,1059,15,47,11,60,,,0,
2022-03-24 14:35:31,0.3,16574355,0.5,1267749,1,189685,2,112681,5,5298,10,1059,14,46,11,60,,,0,
2022-03-24 14:36:31,0.3,18489580,0.5,1295302,1,159660,2,78064,5,1412,10,353,13,50,11,60,,,0,
2022-03-24 14:37:31,0.3,19372306,0.5,1420699,1,196043,2,103850,5,2119,10,706,14,48,11,60,,,0,
2022-03-24 14:38:31,0.3,18973154,0.5,1343694,1,184740,2,101024,5,4945,10,2119,14,47,11,60,,,0,
2022-03-24 14:39:31,0.3,16715648,0.5,1204521,1,167785,2,94666,5,4592,10,1059,14,46,11,60,,,0,
2022-03-24 14:40:31,0.3,15918403,0.5,1103143,1,149770,2,88661,5,1766,10,353,13,47,11,60,,,0,
2022-03-24 14:41:31,0.3,16531614,0.5,1135994,1,163193,2,78417,5,706,10,0,13,50,11,60,,,0,
2022-03-24 14:42:31,0.3,16619215,0.5,1295302,1,231720,2,217590,5,14835,10,3532,14,43,11,60,,,0,
2022-03-24 14:43:31,0.3,17434122,0.5,1307665,1,191098,2,111268,5,6358,10,2119,14,49,11,60,,,0,
2022-03-24 14:44:31,0.3,16849522,0.5,1303426,1,208406,2,117979,5,5298,10,1766,15,46,11,60,,,0,
2022-03-24 14:45:31,0.3,17408336,0.5,1304132,1,215471,2,155068,5,7771,10,0,15,44,11,60,,,0,
2022-03-24 14:46:31,0.3,16747439,0.5,1257152,1,206287,2,120452,5,11303,10,1766,15,42,11,60,,,0,
2022-03-24 14:47:31,0.3,17493818,0.5,1253973,1,200635,2,160720,5,9537,10,2119,16,42,11,60,,,0,
2022-03-24 14:48:31,0.3,17248322,0.5,1305898,1,212645,2,108795,5,6711,10,706,16,45,11,60,,,0,
2022-03-24 14:49:31,0.3,17202048,0.5,1287530,1,180854,2,102437,5,3179,10,0,15,46,11,60,,,0,
2022-03-24 14:50:31,0.3,16521017,0.5,1203108,1,190392,2,135287,5,4592,10,353,14,45,11,60,,,0,
2022-03-24 14:51:31,0.3,15896856,0.5,1203108,1,190745,2,122571,5,3179,10,706,14,43,11,60,,,0,
2022-03-24 14:52:31,0.3,15511126,0.5,1216884,1,172377,2,104909,5,4592,10,353,16,42,11,60,,,0,
2022-03-24 14:53:31,0.3,15713175,0.5,1182974,1,203461,2,134228,5,3532,10,1059,15,43,11,60,,,0,
2022-03-24 14:54:31,0.3,15344048,0.5,1183327,1,199576,2,142705,5,8830,10,1412,15,42,11,60,,,0,
2022-03-24 14:55:31,0.3,14842811,0.5,1135287,1,194630,2,149417,5,9184,10,353,16,40,11,60,,,0,
2022-03-24 14:56:31,0.3,15235959,0.5,1304839,1,249735,2,221476,5,10243,10,2472,15,42,11,60,,,0,
2022-03-24 14:57:31,0.3,15304132,0.5,1308724,1,290003,2,327799,5,18014,10,1412,14,43,11,60,,,0,
2022-03-24 14:58:31,0.3,15962204,0.5,1277287,1,244083,2,206287,5,9184,10,1412,15,45,11,60,,,0,
2022-03-24 14:59:31,0.3,15933239,0.5,1201695,1,223949,2,209466,5,13422,10,1412,16,41,11,60,,,0,
2022-03-24 15:00:31,0.3,15909925,0.5,1193571,1,184740,2,117979,5,4592,10,0,14,45,11,60,,,0,
2022-03-24 15:01:31,0.3,15159660,0.5,1207347,1,220063,2,168491,5,7417,10,1059,16,41,11,60,,,0,
2022-03-24 15:02:31,0.3,13873896,0.5,1092900,1,176262,2,96432,5,3179,10,1059,14,44,11,60,,,0,
2022-03-24 15:03:31,0.3,13539032,0.5,1022960,1,167078,2,83716,5,1766,10,353,13,45,11,60,,,0,
2022-03-24 15:04:31,0.3,13564818,0.5,1023313,1,196750,2,120098,5,6711,10,1766,15,42,11,60,,,0,
2022-03-24 15:05:31,0.3,13552455,0.5,1012716,1,168138,2,89014,5,3885,10,706,15,43,11,60,,,0,
2022-03-24 15:06:31,0.3,13880607,0.5,1043447,1,192511,2,134934,5,6358,10,0,15,45,11,60,,,0,
2022-03-24 15:07:31,0.3,13586365,0.5,1054397,1,174849,2,103496,5,6004,10,1766,14,46,11,60,,,0,
2022-03-24 15:08:31,0.3,13937124,0.5,1028965,1,172377,2,98904,5,5651,10,0,16,45,11,60,,,0,
2022-03-24 15:09:31,0.3,13534086,0.5,979512,1,172024,2,105969,5,4592,10,706,15,43,11,60,,,0,
2022-03-24 15:10:31,0.3,14220416,0.5,1019780,1,176969,2,112681,5,6358,10,353,15,46,11,60,,,0,
2022-03-24 15:11:31,0.3,14089014,0.5,1115506,1,239844,2,189332,5,14482,10,1766,16,43,11,60,,,0,
2022-03-24 15:12:31,0.3,14639703,0.5,1050512,1,181208,2,133521,5,6711,10,2119,14,45,11,60,,,0,
2022-03-24 15:13:31,0.3,14880254,0.5,1035676,1,182974,2,120805,5,6358,10,706,15,44,11,60,,,0,
2022-03-24 15:14:31,0.3,15318262,0.5,1017308,1,160014,2,98198,5,1412,10,706,15,44,11,60,,,0,
2022-03-24 15:15:31,0.3,16238431,0.5,1058636,1,205227,2,132462,5,8477,10,1412,15,45,11,60,,,0,
2022-03-24 15:16:31,0.3,16438360,0.5,1052984,1,182974,2,126810,5,8124,10,2119,15,44,11,60,,,0,
2022-03-24 15:17:31,0.3,16650653,0.5,1085835,1,176616,2,111268,5,4592,10,1412,15,48,11,60,,,0,
2022-03-24 15:18:31,0.3,16283998,0.5,1034616,1,168138,2,125397,5,3179,10,353,16,46,11,60,,,0,
2022-03-24 15:19:31,0.3,16506888,0.5,1013422,1,169198,2,104203,5,3885,10,706,15,47,11,60,,,0,
2022-03-24 15:20:31,0.3,16673260,0.5,1150476,1,221123,2,198516,5,9537,10,1059,15,45,11,60,,,0,
2022-03-24 15:21:31,0.3,16495937,0.5,1212998,1,331331,2,286824,5,16955,10,2119,15,45,11,60,,,0,
2022-03-24 15:22:31,0.3,16540091,0.5,1119745,1,234546,2,181208,5,7417,10,353,16,45,11,60,,,0,
2022-03-24 15:23:31,0.3,16475450,0.5,1055104,1,187566,2,133874,5,3532,10,353,15,49,11,60,,,0,
2022-03-24 15:24:31,0.3,16654892,0.5,1071352,1,176262,2,103850,5,4592,10,353,14,47,11,60,,,0,
2022-03-24 15:25:31,0.3,16388555,0.5,1053691,1,208760,2,129282,5,7417,10,706,15,48,11,60,,,0,
2022-03-24 15:26:31,0.3,14951254,0.5,994348,1,185800,2,149417,5,3885,10,1412,16,44,11,60,,,0,
2022-03-24 15:27:31,0.3,14107735,0.5,973860,1,194984,2,123984,5,3885,10,1412,16,42,11,60,,,0,
2022-03-24 15:28:31,0.3,13922995,0.5,983751,1,187566,2,114447,5,3179,10,706,15,44,11,60,,,0,
2022-03-24 15:29:31,0.3,14292122,0.5,977746,1,170257,2,104556,5,6004,10,0,15,43,11,60,,,0,
2022-03-24 15:30:31,0.3,14507241,0.5,981631,1,175909,2,115860,5,3532,10,1059,15,43,11,60,,,0,
2022-03-24 15:31:31,0.3,14557400,0.5,992582,1,188625,2,116213,5,5298,10,706,15,43,11,60,,,0,
2022-03-24 15:32:31,0.3,15408689,0.5,995761,1,170611,2,107029,5,2825,10,0,15,47,11,60,,,0,
2022-03-24 15:33:31,0.3,15295302,0.5,1035676,1,177675,2,114447,5,3179,10,353,16,44,11,60,,,0,
2022-03-24 15:34:31,0.3,14978452,0.5,1036029,1,235605,2,166725,5,15895,10,2119,15,42,11,60,,,0,
2022-03-24 15:35:31,0.3,15474037,0.5,1042387,1,190745,2,146944,5,7417,10,1412,14,44,11,60,,,0,
2022-03-24 15:36:31,0.3,14829742,0.5,998940,1,176616,2,116213,5,4945,10,353,15,42,11,60,,,0,
2022-03-24 15:37:31,0.3,14602260,0.5,1047686,1,224655,2,192864,5,14835,10,706,17,43,11,60,,,0,
2022-03-24 15:38:31,0.3,14406216,0.5,927940,1,193924,2,132462,5,8124,10,1412,15,43,11,60,,,0,
2022-03-24 15:39:31,0.3,13794065,0.5,944895,1,198869,2,122571,5,6711,10,1059,16,42,11,60,,,0,
2022-03-24 15:40:31,0.3,13943836,0.5,941716,1,190745,2,111974,5,4592,10,1412,14,47,11,60,,,0,
2022-03-24 15:41:31,0.3,13356764,0.5,1006711,1,221123,2,176969,5,14129,10,1059,16,42,11,60,,,0,
2022-03-24 15:42:31,0.3,13537619,0.5,1009184,1,227481,2,179441,5,10596,10,706,16,41,11,60,,,0,
2022-03-24 15:43:31,0.3,13262804,0.5,939950,1,173790,2,116213,5,3885,10,1059,15,43,11,60,,,0,
2022-03-24 15:44:31,0.3,12511833,0.5,944542,1,187213,2,112327,5,7064,10,706,16,42,11,60,,,0,
2022-03-24 15:45:31,0.3,12926881,0.5,948781,1,177322,2,136700,5,12009,10,2472,16,43,11,60,,,0,
2022-03-24 15:46:31,0.3,13022960,0.5,939244,1,180148,2,141292,5,5298,10,1766,16,42,11,60,,,0,
2022-03-24 15:47:31,0.3,13464147,0.5,943482,1,163193,2,116213,5,4238,10,1059,15,45,11,60,,,0,
2022-03-24 15:48:31,0.3,13050159,0.5,928293,1,165665,2,131402,5,5298,10,706,16,45,11,60,,,0,
2022-03-24 15:49:31,0.3,13217591,0.5,997174,1,186859,2,148357,5,11303,10,706,16,45,11,60,,,0,
2022-03-24 15:50:31,0.3,13936771,0.5,950900,1,175203,2,127870,5,6711,10,353,15,43,11,60,,,0,
2022-03-24 15:51:31,0.3,15223949,0.5,1017661,1,180501,2,120098,5,5298,10,353,14,46,11,60,,,0,
2022-03-24 15:52:31,0.3,14558459,0.5,959378,1,200989,2,125044,5,10596,10,1766,16,46,11,60,,,0,
2022-03-24 15:53:31,0.3,12755916,0.5,931826,1,179795,2,120805,5,5298,10,1412,16,43,11,60,,,0,
2022-03-24 15:54:31,0.3,11850936,0.5,914871,1,194984,2,116566,5,3885,10,1059,16,41,11,60,,,0,
2022-03-24 15:55:31,0.3,12516778,0.5,962204,1,188979,2,122924,5,6004,10,706,15,43,11,60,,,0,
2022-03-24 15:56:31,0.3,13381137,0.5,962557,1,179795,2,109855,5,5298,10,0,15,43,11,60,,,0,
2022-03-24 15:57:31,0.3,13460967,0.5,956199,1,194984,2,126810,5,4945,10,1412,16,43,11,60,,,0,
2022-03-24 15:58:31,0.3,13211586,0.5,934298,1,221829,2,169198,5,14129,10,1766,16,42,11,60,,,0,
2022-03-24 15:59:31,0.3,13062522,0.5,925821,1,175909,2,119039,5,7064,10,1059,16,42,11,60,,,0,
2022-03-24 16:00:31,0.3,12835747,0.5,948428,1,178382,2,126457,5,5651,10,0,17,43,11,60,,,0,
2022-03-24 16:01:31,0.3,12808195,0.5,920522,1,183327,2,119745,5,4238,10,353,16,41,11,60,,,0,
2022-03-24 16:02:31,0.3,13607559,0.5,974214,1,197809,2,165665,5,6004,10,2119,16,45,11,60,,,0,
2022-03-24 16:03:31,0.3,13740727,0.5,987990,1,209466,2,207347,5,12716,10,3179,15,46,11,60,,,0,
2022-03-24 16:04:31,0.3,13623807,0.5,1018721,1,168491,2,116919,5,6711,10,1059,14,47,11,60,,,0,
2022-03-24 16:05:31,0.3,13308371,0.5,939950,1,180148,2,115860,5,5298,10,2119,15,48,11,60,,,0,
2022-03-24 16:06:31,0.3,12183327,0.5,897562,1,165312,2,118332,5,6004,10,353,16,44,11,60,,,0,
2022-03-24 16:07:31,0.3,11450371,0.5,910279,1,193571,2,124337,5,6711,10,2825,16,42,11,60,,,0,
2022-03-24 22:39:38,0.3,5285058,0.5,871776,1,304132,2,198869,5,10596,10,10243,7,54,11,60,,,0,
2022-03-24 22:40:38,0.3,5377251,0.5,848110,1,296361,2,185446,5,1766,10,1059,6,55,11,60,,,0,
2022-03-24 22:41:38,0.3,5280113,0.5,841752,1,333804,2,190038,5,3179,10,353,6,55,11,60,,,0,
2022-03-24 22:42:38,0.3,5365948,0.5,957612,1,383256,2,320381,5,14482,10,1766,7,53,11,60,,,0,
2022-03-24 22:43:38,0.3,5349346,0.5,889791,1,370187,2,282938,5,8124,10,1766,7,52,11,60,,,0,
2022-03-24 22:44:38,0.3,5279759,0.5,867184,1,332038,2,188625,5,2472,10,0,6,54,11,60,,,0,
2022-03-24 22:45:38,0.3,5279406,0.5,858707,1,290356,2,218650,5,2119,10,353,6,52,11,60,,,0,
2022-03-24 22:46:38,0.3,5282232,0.5,884493,1,324973,2,203461,5,1059,10,353,6,55,11,60,,,0,
2022-03-24 22:47:38,0.3,5453196,0.5,869657,1,336276,2,196397,5,1766,10,0,6,56,11,60,,,0,
2022-03-24 22:48:38,0.3,5600847,0.5,843164,1,324267,2,207700,5,3179,10,353,6,57,11,60,,,0,
2022-03-24 22:49:38,0.3,5399505,0.5,927234,1,350406,2,230660,5,3885,10,706,6,54,11,60,,,0,
2022-03-24 22:50:38,0.3,5539738,0.5,854821,1,315789,2,204874,5,1766,10,353,6,56,11,60,,,0,
2022-03-24 22:51:38,0.3,5557047,0.5,888731,1,298834,2,196043,5,1412,10,353,6,55,11,60,,,0,
2022-03-24 22:52:38,0.3,5530201,0.5,866478,1,315789,2,200989,5,4945,10,0,6,55,11,60,,,0,
2022-03-24 22:53:38,0.3,5611798,0.5,870363,1,314023,2,196750,5,706,10,706,6,56,11,60,,,0,
2022-03-24 22:54:38,0.3,5744613,0.5,904274,1,315789,2,201342,5,3885,10,0,6,57,11,60,,,0,
2022-03-24 22:55:38,0.3,5552808,0.5,887672,1,302366,2,210526,5,2119,10,0,6,54,11,60,,,0,
2022-03-24 22:56:38,0.3,5444719,0.5,873542,1,322500,2,202048,5,3179,10,353,6,53,11,60,,,0,
2022-03-24 22:57:38,0.3,5657718,0.5,890144,1,330978,2,190745,5,2119,10,353,6,55,11,60,,,0,
2022-03-24 22:58:38,0.3,5695160,0.5,893677,1,325326,2,194984,5,3532,10,353,6,56,11,60,,,0,
2022-03-24 22:59:38,0.3,5881314,0.5,930766,1,334157,2,257506,5,6711,10,1412,6,57,11,60,,,0,
2022-03-24 23:00:38,0.3,6682797,0.5,1139526,1,435888,2,356764,5,13422,10,1059,6,57,11,60,,,0,
2022-03-24 23:01:38,0.3,6194277,0.5,1034263,1,411162,2,314023,5,4592,10,353,6,58,11,60,,,0,
2022-03-24 23:02:38,0.3,5995054,0.5,928293,1,315083,2,198163,5,2825,10,1059,5,59,11,60,,,0,
2022-03-24 23:03:38,0.3,5891204,0.5,907453,1,284705,2,195337,5,3532,10,353,6,58,11,60,,,0,
2022-03-24 23:04:38,0.3,5790533,0.5,935005,1,336983,2,217944,5,3885,10,353,6,56,11,60,,,0,
2022-03-24 23:05:38,0.3,5566937,0.5,916637,1,345107,2,269162,5,7417,10,0,7,54,11,60,,,0,
2022-03-24 23:06:38,0.3,5759449,0.5,942069,1,352878,2,297068,5,13069,10,2119,6,56,11,60,,,0,
2022-03-24 23:07:38,0.3,6176262,0.5,1235605,1,541858,2,512892,5,20487,10,3179,6,57,11,60,,,0,
2022-03-24 23:08:38,0.3,6148710,0.5,1347580,1,691275,2,838572,5,64641,10,7771,6,58,11,60,,,0,
2022-03-24 23:09:38,0.3,5815966,0.5,963970,1,334157,2,223595,5,3885,10,353,6,57,11,60,,,0,
2022-03-24 23:10:38,0.3,5658777,0.5,909219,1,323913,2,189685,5,2825,10,706,6,54,11,60,,,0,
2022-03-24 23:11:38,0.3,5518544,0.5,900388,1,331331,2,217944,5,5298,10,0,7,53,11,60,,,0,
2022-03-24 23:12:38,0.3,5419993,0.5,854821,1,327799,2,214058,5,4238,10,353,7,52,11,60,,,0,
2022-03-24 23:13:38,0.3,5544330,0.5,901448,1,337336,2,221476,5,4592,10,1412,7,53,11,60,,,0,
2022-03-24 23:14:38,0.3,5401978,0.5,876368,1,335217,2,226774,5,4592,10,0,7,51,11,60,,,0,
2022-03-24 23:15:38,0.3,5354998,0.5,925821,1,340515,2,255386,5,6004,10,0,7,53,11,60,,,0,
2022-03-24 23:16:38,0.3,5372659,0.5,873896,1,300600,2,205227,5,3885,10,1059,7,51,11,60,,,0,
2022-03-24 23:17:38,0.3,5840339,0.5,1187919,1,529141,2,597668,5,34969,10,3532,7,53,11,60,,,0,
2022-03-24 23:18:38,0.3,5567644,0.5,890144,1,328152,2,205227,5,4592,10,353,7,54,11,60,,,0,
2022-03-24 23:19:38,0.3,5610031,0.5,900741,1,328152,2,197456,5,3885,10,0,6,55,11,60,,,0,
2022-03-24 23:20:38,0.3,5463087,0.5,868950,1,320381,2,191098,5,3885,10,353,6,55,11,60,,,0,
2022-03-24 23:21:38,0.3,5562345,0.5,898269,1,340515,2,219710,5,4945,10,1412,6,55,11,60,,,0,
2022-03-24 23:22:38,0.3,5638643,0.5,931119,1,364182,2,257506,5,10243,10,706,6,56,11,60,,,0,
2022-03-24 23:23:38,0.3,5592723,0.5,938184,1,351819,2,275521,5,6004,10,353,7,55,11,60,,,0,
2022-03-24 23:24:38,0.3,5551748,0.5,896149,1,296361,2,187213,5,1766,10,353,6,53,11,60,,,0,
2022-03-24 23:25:38,0.3,5442599,0.5,935005,1,339102,2,244789,5,7417,10,1412,7,51,11,60,,,0,
2022-03-24 23:26:38,0.3,5329212,0.5,897562,1,299540,2,181208,5,2472,10,706,7,52,11,60,,,0,
2022-03-24 23:27:38,0.3,5501589,0.5,906040,1,336983,2,210173,5,4238,10,706,6,53,11,60,,,0,
2022-03-24 23:28:38,0.3,5692334,0.5,1058636,1,441893,2,357824,5,12363,10,1059,6,55,11,60,,,0,
2022-03-24 23:29:38,0.3,5572589,0.5,884139,1,312610,2,190038,5,2119,10,353,7,53,11,60,,,0,
2022-03-24 23:30:38,0.3,5545037,0.5,889791,1,309431,2,174496,5,3179,10,353,6,53,11,60,,,0,
2022-03-24 23:31:38,0.3,5529848,0.5,883786,1,284351,2,197103,5,2119,10,0,6,54,11,60,,,0,
2022-03-24 23:32:38,0.3,5489226,0.5,871070,1,342281,2,256446,5,8124,10,706,7,53,11,60,,,0,
2022-03-24 23:33:38,0.3,5637583,0.5,878134,1,320028,2,228894,5,5651,10,706,6,56,11,60,,,0,
2022-03-24 23:34:38,0.3,5607206,0.5,859060,1,307311,2,230307,5,5651,10,0,6,56,11,60,,,0,
2022-03-24 23:35:38,0.3,5640056,0.5,899682,1,314023,2,214411,5,3532,10,353,6,55,11,60,,,0,
2022-03-24 23:36:38,0.3,5731543,0.5,898975,1,313316,2,220770,5,4592,10,706,5,57,11,60,,,0,
2022-03-24 23:37:38,0.3,5910279,0.5,997527,1,323560,2,219357,5,3885,10,353,5,57,11,60,,,0,
2022-03-24 23:38:38,0.3,5861886,0.5,962204,1,329565,2,209466,5,706,10,706,6,56,11,60,,,0,
2022-03-24 23:39:38,0.3,6205581,0.5,962204,1,350052,2,217237,5,2119,10,0,5,58,11,60,,,0,
2022-03-24 23:40:38,0.3,6076651,0.5,999293,1,323207,2,181914,5,2825,10,353,5,58,11,60,,,0,
2022-03-24 23:41:38,0.3,6051218,0.5,1059696,1,399505,2,388908,5,11303,10,2119,5,58,11,60,,,0,
2022-03-24 23:42:38,0.3,5956905,0.5,985517,1,336983,2,189332,5,2825,10,0,5,57,11,60,,,0,
2022-03-24 23:43:38,0.3,5889438,0.5,953020,1,336983,2,221829,5,2472,10,706,5,57,11,60,,,0,
2022-03-24 23:44:38,0.3,5873896,0.5,919109,1,338043,2,208406,5,2825,10,353,6,56,11,60,,,0,
2022-03-24 23:45:38,0.3,5816319,0.5,927587,1,326033,2,206993,5,3532,10,353,5,57,11,60,,,0,
2022-03-24 23:46:38,0.3,5805015,0.5,895090,1,320028,2,206287,5,2825,10,353,5,57,11,60,,,0,
2022-03-24 23:47:38,0.3,5709996,0.5,928647,1,338396,2,209819,5,2825,10,0,6,56,11,60,,,0,
2022-03-24 23:48:38,0.3,5740374,0.5,895443,1,310137,2,186153,5,1766,10,0,5,57,11,60,,,0,
2022-03-24 23:49:38,0.3,5788060,0.5,958671,1,364888,2,229954,5,4592,10,353,5,58,11,60,,,0,
2022-03-24 23:50:38,0.3,5867184,0.5,906746,1,297068,2,187919,5,3179,10,0,5,57,11,60,,,0,
2022-03-24 23:51:38,0.3,5902508,0.5,932885,1,347580,2,202401,5,3532,10,0,5,60,11,60,,,0,
2022-03-24 23:52:38,0.3,5798304,0.5,880607,1,320734,2,209819,5,1412,10,353,6,57,11,60,,,0,
2022-03-24 23:53:38,0.3,5871070,0.5,937477,1,306252,2,188272,5,2472,10,0,6,56,11,60,,,0,
2022-03-24 23:54:38,0.3,5883080,0.5,951960,1,352172,2,237725,5,4238,10,353,5,57,11,60,,,0,
2022-03-24 23:55:38,0.3,6627340,0.5,1020487,1,326033,2,204874,5,2472,10,353,5,59,11,60,,,0,
2022-03-24 23:56:38,0.3,5944895,0.5,882020,1,324620,2,183680,5,4945,10,353,5,59,11,60,,,0,
2022-03-24 23:57:38,0.3,5909219,0.5,940303,1,307665,2,226421,5,4592,10,706,6,57,11,60,,,0,
2022-03-24 23:58:38,0.3,6019781,0.5,906393,1,338749,2,195690,5,3532,10,353,6,57,11,60,,,0,
2022-03-24 23:59:38,0.3,5966796,0.5,938537,1,329565,2,200989,5,3885,10,0,6,56,11,60,,,0,
2022-03-25 00:00:38,0.3,5742140,0.5,894736,1,317202,2,190038,5,2472,10,353,6,56,11,60,,,0,
2022-03-25 00:01:38,0.3,5770752,0.5,931472,1,334864,2,208406,5,2119,10,1412,5,58,11,60,,,0,
2022-03-25 00:02:38,0.3,5930060,0.5,862592,1,326033,2,207700,5,2119,10,0,5,58,11,60,,,0,
2022-03-25 00:03:38,0.3,5944189,0.5,925821,1,310137,2,236665,5,8124,10,1766,6,57,11,60,,,0,
2022-03-25 00:04:38,0.3,6007771,0.5,942776,1,308371,2,191451,5,1766,10,0,5,59,11,60,,,0,
2022-03-25 00:05:38,0.3,6177675,0.5,895443,1,339809,2,208760,5,1059,10,353,5,61,11,60,,,0,
2022-03-25 00:06:38,0.3,6214765,0.5,969622,1,330978,2,206287,5,4238,10,0,5,59,11,60,,,0,
2022-03-25 00:07:38,0.3,6229954,0.5,925821,1,327446,2,203108,5,3179,10,0,5,59,11,60,,,0,
2022-03-25 00:08:38,0.3,6322147,0.5,957965,1,305545,2,194630,5,1059,10,0,5,61,11,60,,,0,
2022-03-25 00:09:38,0.3,6436241,0.5,1089720,1,454962,2,410455,5,16248,10,2119,5,61,11,60,,,0,
2022-03-25 00:10:38,0.3,6294242,0.5,969622,1,325679,2,219710,5,1412,10,353,5,61,11,60,,,0,
2022-03-25 00:11:38,0.3,6337336,0.5,1008124,1,320381,2,216178,5,3532,10,353,5,61,11,60,,,0,
2022-03-25 00:12:38,0.3,6425644,0.5,922995,1,335570,2,213705,5,3179,10,353,5,62,11,60,,,0,
2022-03-25 00:13:38,0.3,6527022,0.5,970681,1,324267,2,219003,5,2119,10,353,5,62,11,60,,,0,
2022-03-25 00:14:38,0.3,6491699,0.5,965383,1,329918,2,220770,5,2472,10,0,5,61,11,60,,,0,
2022-03-25 00:15:38,0.3,6332744,0.5,1028965,1,375485,2,309784,5,10243,10,353,5,59,11,60,,,0,
2022-03-25 00:16:38,0.3,6237725,0.5,1034263,1,363122,2,308018,5,7064,10,1412,5,59,11,60,,,0,
2022-03-25 00:17:38,0.3,6300247,0.5,987283,1,331331,2,217590,5,4945,10,353,5,59,11,60,,,0,
2022-03-25 00:18:38,0.3,6440480,0.5,970681,1,334157,2,221476,5,2472,10,0,5,61,11,60,,,0,
2022-03-25 13:16:51,0.3,1766,0.5,0,1,0,2,353,5,706,10,1766,,,10,60,,,0,
2022-03-25 13:17:55,0.3,1059,0.5,0,1,0,2,353,5,0,10,1766,,,10,60,,,0,
2022-03-25 13:19:31,0.3,353,0.5,0,1,0,2,0,5,0,10,0,,,10,60,,,0,
2022-03-25 13:28:58,0.3,12955492,0.5,1595196,1,438714,2,313670,5,16248,10,6004,15,43,10,60,,,0,
2022-03-25 13:30:53,0.3,12812080,0.5,1592723,1,427410,2,254680,5,11656,10,2472,17,40,11,60,,,0,
2022-03-25 13:31:53,0.3,12638643,0.5,1630166,1,422465,2,278346,5,12716,10,4945,16,39,11,60,,,0,
2022-03-25 13:32:53,0.3,12500529,0.5,1603673,1,433768,2,267396,5,14835,10,3179,17,39,11,60,,,0,
2022-03-25 13:33:53,0.3,12365595,0.5,1589191,1,446132,2,278346,5,15542,10,3179,15,36,11,60,,,0,
2022-03-25 13:34:53,0.3,12363475,0.5,1614270,1,427410,2,273401,5,11656,10,4238,16,39,11,60,,,0,
2022-03-25 13:35:53,0.3,12545390,0.5,1634051,1,417167,2,259272,5,13422,10,1059,16,36,11,60,,,0,
2022-03-25 13:36:53,0.3,12365948,0.5,1618509,1,429530,2,259978,5,12716,10,2825,16,36,11,60,,,0,
2022-03-25 13:37:53,0.3,12272342,0.5,1660543,1,448604,2,281525,5,11303,10,1412,16,35,11,60,,,0,
2022-03-25 13:38:53,0.3,12440127,0.5,1600847,1,432002,2,257506,5,13422,10,1412,16,35,11,60,,,0,
2022-03-25 13:39:53,0.3,12523136,0.5,1618862,1,431296,2,265983,5,13776,10,3179,16,37,11,60,,,0,
2022-03-25 13:40:53,0.3,12574355,0.5,1673260,1,435888,2,258212,5,9184,10,1766,17,36,11,60,,,0,
2022-03-25 13:41:53,0.3,12657718,0.5,1639703,1,417167,2,255033,5,10596,10,2119,16,37,11,60,,,0,
2022-03-25 13:42:53,0.3,12550688,0.5,1589191,1,389614,2,258565,5,12009,10,1766,16,36,11,60,,,0,
2022-03-25 13:43:53,0.3,12636171,0.5,1649240,1,428823,2,261391,5,9537,10,3179,16,37,11,60,,,0,
2022-03-25 13:44:53,0.3,12788060,0.5,1646414,1,437301,2,264217,5,10950,10,4238,16,38,11,60,,,0,
2022-03-25 13:45:53,0.3,12836453,0.5,1647474,1,444719,2,304486,5,20487,10,3532,16,39,11,60,,,0,
2022-03-25 13:46:53,0.3,12690922,0.5,1651006,1,432356,2,291416,5,14482,10,3179,16,38,11,60,,,0,
2022-03-25 13:47:53,0.3,12465559,0.5,1619569,1,427057,2,311550,5,21547,10,6004,17,37,11,60,,,0,
2022-03-25 13:48:53,0.3,12448251,0.5,1619569,1,425997,2,272341,5,10950,10,2825,16,38,11,60,,,0,
2022-03-25 13:49:53,0.3,12563405,0.5,1608972,1,424584,2,280466,5,14835,10,2119,16,39,11,60,,,0,
2022-03-25 13:50:53,0.3,12685623,0.5,1612151,1,418226,2,276933,5,13776,10,5298,16,39,11,60,,,0,
2022-03-25 13:51:53,0.3,12481102,0.5,1580007,1,421759,2,251854,5,9537,10,3532,15,40,11,60,,,0,
2022-03-25 13:52:53,0.3,12489932,0.5,1598728,1,410102,2,258212,5,9890,10,2119,15,40,11,60,,,0,
2022-03-25 13:53:53,0.3,12636877,0.5,1612504,1,434122,2,267396,5,13776,10,3885,16,41,11,60,,,0,
2022-03-25 13:54:53,0.3,12528788,0.5,1627693,1,427057,2,245849,5,8124,10,1766,15,42,11,60,,,0,
2022-03-25 13:55:53,0.3,12812787,0.5,1586012,1,437654,2,233839,5,9184,10,1059,15,43,11,60,,,0,
2022-03-25 13:56:53,0.3,12753797,0.5,1590957,1,411162,2,248675,5,9184,10,3179,16,42,11,60,,,0,
2022-03-25 13:57:53,0.3,12857647,0.5,1607205,1,412575,2,255033,5,9890,10,706,14,43,11,60,,,0,
2022-03-25 13:58:53,0.3,12724479,0.5,1583186,1,413634,2,250794,5,11303,10,2472,15,43,11,60,,,0,
2022-03-25 13:59:53,0.3,12613564,0.5,1604026,1,410455,2,255033,5,10596,10,1059,15,41,11,60,,,0,
2022-03-25 14:00:53,0.3,12745673,0.5,1604733,1,432709,2,253620,5,9537,10,2119,14,43,11,60,,,0,
2022-03-25 14:01:53,0.3,12902861,0.5,1582832,1,417873,2,262804,5,7771,10,1059,15,43,11,60,,,0,
2022-03-25 14:02:53,0.3,12723419,0.5,1614623,1,418580,2,243023,5,12363,10,2825,15,42,11,60,,,0,
2022-03-25 14:03:53,0.3,12825856,0.5,1644648,1,435888,2,258565,5,9184,10,2119,14,43,11,60,,,0,
2022-03-25 14:04:53,0.3,12917343,0.5,1622748,1,400211,2,246909,5,9890,10,1412,15,44,11,60,,,0,
2022-03-25 14:05:53,0.3,12758036,0.5,1601554,1,433415,2,249028,5,10243,10,2119,15,43,11,60,,,0,
2022-03-25 14:06:53,0.3,12999293,0.5,1640762,1,412575,2,252914,5,9184,10,3179,14,44,11,60,,,0,
2022-03-25 14:07:53,0.3,13082303,0.5,1595549,1,438361,2,271282,5,12363,10,4238,15,45,11,60,,,0,
2022-03-25 14:08:53,0.3,13249381,0.5,1648887,1,424938,2,271635,5,9537,10,2119,14,44,11,60,,,0,
2022-03-25 14:09:53,0.3,13393500,0.5,1645708,1,453903,2,253267,5,10950,10,1059,14,45,11,60,,,0,
2022-03-25 14:10:53,0.3,13375839,0.5,1654892,1,432356,2,267043,5,9537,10,1412,14,45,11,60,,,0,
2022-03-25 14:11:53,0.3,13314376,0.5,1658424,1,426704,2,274108,5,8124,10,2472,14,44,11,60,,,0,
2022-03-25 14:12:53,0.3,13335570,0.5,1643235,1,448957,2,275167,5,14482,10,2472,15,43,11,60,,,0,
2022-03-25 14:13:53,0.3,13305899,0.5,1652419,1,469092,2,313316,5,13069,10,4592,15,44,11,60,,,0,
2022-03-25 14:14:53,0.3,12953020,0.5,1619569,1,442599,2,288237,5,16248,10,6358,15,42,11,60,,,0,
2022-03-25 14:15:53,0.3,12920876,0.5,1742847,1,568350,2,628399,5,70646,10,14482,15,42,11,60,,,0,
2022-03-25 14:16:53,0.3,13219003,0.5,1627693,1,456375,2,336630,5,14835,10,2472,14,46,11,60,,,0,
2022-03-25 14:17:53,0.3,13697280,0.5,1637937,1,444719,2,279406,5,9184,10,2472,14,46,11,60,,,0,
2022-03-25 14:18:53,0.3,13242317,0.5,1608618,1,433415,2,251148,5,9890,10,1059,14,42,11,60,,,0,
2022-03-25 14:19:53,0.3,12969975,0.5,1646767,1,419639,2,263157,5,8477,10,1412,14,42,11,60,,,0,
2022-03-25 14:20:53,0.3,13126103,0.5,1646061,1,434828,2,255386,5,6711,10,2825,14,43,11,60,,,0,
2022-03-25 14:21:53,0.3,12951254,0.5,1600141,1,458495,2,268809,5,11656,10,1059,14,43,11,60,,,0,
2022-03-25 14:22:53,0.3,13361003,0.5,1630166,1,454609,2,281879,5,12716,10,1766,13,46,11,60,,,0,
2022-03-25 14:23:53,0.3,13214411,0.5,1676439,1,457788,2,268809,5,10596,10,1412,13,44,11,60,,,0,
2022-03-25 14:24:53,0.3,13009890,0.5,1652066,1,431296,2,263864,5,12363,10,706,14,44,11,60,,,0,
2022-03-25 14:25:53,0.3,13240551,0.5,1644648,1,436948,2,267043,5,10950,10,1059,13,43,11,60,,,0,
2022-03-25 14:26:53,0.3,13021547,0.5,1619922,1,459554,2,276227,5,9890,10,1766,14,45,11,60,,,0,
2022-03-25 14:27:53,0.3,13058636,0.5,1646414,1,440127,2,263511,5,6711,10,2472,12,48,11,60,,,0,
2022-03-25 14:28:53,0.3,13010243,0.5,1625927,1,443306,2,266690,5,9184,10,1766,14,45,11,60,,,0,
2022-03-25 14:29:53,0.3,13008830,0.5,1593429,1,439420,2,255740,5,11303,10,1766,14,42,11,60,,,0,
2022-03-25 14:30:53,0.3,12940657,0.5,1605793,1,430236,2,258212,5,10950,10,2119,14,42,11,60,,,0,
2022-03-25 14:31:53,0.3,12977746,0.5,1656658,1,445072,2,272341,5,12009,10,1766,14,43,11,60,,,0,
2022-03-25 14:32:53,0.3,13017661,0.5,1592723,1,445072,2,259272,5,7771,10,1412,14,44,11,60,,,0,
2022-03-25 14:33:53,0.3,13084069,0.5,1613564,1,433768,2,279406,5,11303,10,2119,14,42,11,60,,,0,
2022-03-25 14:34:53,0.3,13028611,0.5,1622748,1,462027,2,269869,5,15188,10,1412,14,42,11,60,,,0,
2022-03-25 14:35:53,0.3,12635464,0.5,1579300,1,439067,2,270222,5,8124,10,1412,14,41,11,60,,,0,
2022-03-25 14:36:53,0.3,12719887,0.5,1600494,1,428117,2,255740,5,6358,10,3179,15,42,11,60,,,0,
2022-03-25 14:37:53,0.3,12708583,0.5,1600141,1,437301,2,277640,5,6358,10,1766,14,41,11,60,,,0,
2022-03-25 14:38:53,0.3,12886259,0.5,1590957,1,438361,2,277993,5,9537,10,1412,14,41,11,60,,,0,
2022-03-25 14:39:53,0.3,12885552,0.5,1671494,1,473330,2,393147,5,29318,10,9184,15,43,11,60,,,0,
2022-03-25 14:40:53,0.3,12898269,0.5,1680324,1,535853,2,440480,5,24019,10,3885,14,43,11,60,,,0,
2022-03-25 14:41:53,0.3,13075238,0.5,1697986,1,511126,2,400211,5,28611,10,5298,14,43,11,60,,,0,
2022-03-25 14:42:53,0.3,12926881,0.5,1664429,1,460261,2,281525,5,11303,10,706,14,42,11,60,,,0,
2022-03-25 14:43:53,0.3,12811727,0.5,1633345,1,465913,2,269162,5,12363,10,2472,14,43,11,60,,,0,
2022-03-25 14:44:53,0.3,12766866,0.5,1614270,1,445425,2,275521,5,8830,10,2472,15,43,11,60,,,0,
2022-03-25 14:45:53,0.3,12741787,0.5,1625927,1,454609,2,299894,5,13422,10,2472,15,43,11,60,,,0,
2022-03-25 14:46:53,0.3,12957965,0.5,1598375,1,446485,2,282232,5,11656,10,1766,15,43,11,60,,,0,
2022-03-25 14:47:53,0.3,12966796,0.5,1602613,1,439773,2,266336,5,10596,10,2119,14,45,11,60,,,0,
2022-03-25 14:48:53,0.3,12655598,0.5,1614623,1,458495,2,287530,5,12716,10,1059,15,44,11,60,,,0,
2022-03-25 14:49:53,0.3,12515718,0.5,1576121,1,464853,2,259272,5,10950,10,1412,15,42,11,60,,,0,
2022-03-25 14:50:53,0.3,12493818,0.5,1597668,1,444719,2,275874,5,10596,10,1766,15,43,11,60,,,0,
2022-03-25 14:51:53,0.3,12623807,0.5,1611444,1,428823,2,248675,5,8830,10,706,15,42,11,60,,,0,
2022-03-25 14:52:53,0.3,12624514,0.5,1611444,1,426704,2,286471,5,15188,10,4238,16,41,11,60,,,0,
2022-03-25 14:53:53,0.3,12301660,0.5,1634404,1,450017,2,304132,5,12009,10,1059,15,41,11,60,,,0,
2022-03-25 14:54:53,0.3,12419639,0.5,1574355,1,448251,2,271635,5,12363,10,4945,16,40,11,60,,,0,
2022-03-25 14:55:53,0.3,12797951,0.5,1651006,1,463087,2,336276,5,21547,10,3885,15,40,11,60,,,0,
2022-03-25 14:56:53,0.3,12927234,0.5,1658777,1,475803,2,309431,5,14482,10,2472,15,41,11,60,,,0,
2022-03-25 14:57:53,0.3,12607912,0.5,1621688,1,476156,2,279406,5,13776,10,1412,15,42,11,60,,,0,
2022-03-25 14:58:53,0.3,12130342,0.5,1575061,1,449311,2,292476,5,10950,10,1766,15,42,11,60,,,0,
2022-03-25 14:59:53,0.3,12308724,0.5,1581066,1,445778,2,278346,5,10243,10,2119,15,41,11,60,,,0,
2022-03-25 15:00:53,0.3,12126457,0.5,1598021,1,420346,2,258565,5,8477,10,1412,15,43,11,60,,,0,
2022-03-25 15:01:53,0.3,12244436,0.5,1578240,1,438361,2,265630,5,12716,10,706,15,42,11,60,,,0,
2022-03-25 15:02:53,0.3,12055457,0.5,1571176,1,441540,2,273754,5,11656,10,1412,15,42,11,60,,,0,
2022-03-25 15:03:53,0.3,12067114,0.5,1554221,1,435888,2,286824,5,9890,10,1059,15,41,11,60,,,0,
2022-03-25 15:04:53,0.3,11885552,0.5,1505121,1,439420,2,278700,5,14129,10,3179,15,41,11,60,,,0,
2022-03-25 15:05:53,0.3,11753444,0.5,1560226,1,424938,2,278700,5,9184,10,1766,15,42,11,60,,,0,
2022-03-25 15:06:53,0.3,11522077,0.5,1535499,1,440833,2,278346,5,10243,10,1766,15,42,11,60,,,0,
2022-03-25 15:07:53,0.3,11288237,0.5,1506534,1,423878,2,268456,5,14482,10,2472,16,42,11,60,,,0,
2022-03-25 15:08:53,0.3,11346874,0.5,1531967,1,458142,2,285764,5,9184,10,1059,15,41,11,60,,,0,
2022-03-25 15:09:53,0.3,11073825,0.5,1522077,1,459554,2,268809,5,6711,10,1412,15,41,11,60,,,0,
2022-04-30 08:02:25,0.3,14835,0.5,0,1,0,2,1766,5,2472,10,2825,4,60,10,60,,,0,
2022-04-30 08:04:55,0.3,706,0.5,0,1,0,2,0,5,0,10,0,3,63,10,60,,,0,
2022-04-30 08:41:49,0.3,26852702,0.5,2383610,1,981278,2,1992582,5,413281,10,345814,7,48,15,60,,,0,
2022-04-30 08:42:49,0.3,23478628,0.5,1783821,1,600141,2,1148004,5,201695,10,127870,8,48,15,60,,,0,
2022-04-30 08:43:49,0.3,23509714,0.5,1548922,1,409749,2,546096,5,89720,10,69939,7,49,15,60,,,0,
2022-04-30 08:44:49,0.3,19794066,0.5,1164606,1,221829,2,196397,5,13069,10,11656,9,44,15,60,,,0,
2022-04-30 08:45:49,0.3,27598728,0.5,1667961,1,369127,2,305898,5,29318,10,13069,8,44,15,60,,,0,
2022-04-30 08:46:49,0.3,26143058,0.5,1569056,1,304132,2,238078,5,13776,10,8124,9,43,15,60,,,0,
2022-04-30 08:47:49,0.3,26664428,0.5,1604026,1,311197,2,229954,5,9184,10,2825,10,40,15,60,,,0,
2022-04-30 08:48:49,0.3,21585658,0.5,1276580,1,269162,2,179795,5,7064,10,1059,11,39,15,60,,,0,
2022-04-30 08:49:49,0.3,25836100,0.5,1546096,1,291063,2,222536,5,10950,10,3532,11,37,15,60,,,0,
2022-04-30 08:50:49,0.3,21714942,0.5,1378664,1,354291,2,460614,5,80183,10,44154,8,42,15,60,,,0,
2022-04-30 08:51:49,0.3,24374072,0.5,1514659,1,364182,2,477216,5,86188,10,39561,10,41,15,60,,,0,
2022-04-30 08:52:49,0.3,22530200,0.5,1648887,1,620628,2,1218650,5,310490,10,158954,11,39,15,60,,,0,
2022-04-30 08:53:49,0.3,22812786,0.5,1473684,1,448251,2,788767,5,229954,10,113740,11,38,15,60,,,0,
2022-04-30 08:54:49,0.3,21974214,0.5,1327446,1,305192,2,336630,5,50512,10,26845,11,39,15,60,,,0,
2022-04-30 08:55:49,0.3,21171670,0.5,1250794,1,246555,2,186859,5,7064,10,1412,12,37,15,60,,,0,
2022-04-30 08:56:49,0.3,20021900,0.5,1212998,1,271635,2,299894,5,38149,10,18368,13,33,15,60,,,0,
2022-04-30 08:57:49,0.3,15981278,0.5,1006711,1,226774,2,276227,5,34616,10,19074,14,32,15,60,,,0,
2022-04-30 08:58:49,0.3,22353938,0.5,1720240,1,580007,2,988343,5,230660,10,111268,13,35,15,60,,,0,
2022-04-30 08:59:49,0.3,23226068,0.5,1760508,1,767573,2,1849876,5,523843,10,302013,13,34,15,60,,,0,
2022-04-30 09:00:49,0.3,21608972,0.5,1526315,1,536206,2,1038855,5,232426,10,120098,14,33,15,60,,,0,
2022-04-30 09:01:49,0.3,24705050,0.5,1783468,1,598021,2,1091133,5,237371,10,134581,13,35,15,60,,,0,
2022-04-30 09:02:49,0.3,21259978,0.5,1974214,1,956199,2,2476863,5,707170,10,433768,13,32,15,60,,,0,
2022-04-30 09:03:49,0.3,17477216,0.5,1488873,1,820204,2,2052278,5,572942,10,311903,15,31,15,60,,,0,
2022-04-30 09:04:49,0.3,23309078,0.5,1486047,1,377251,2,617449,5,135641,10,80890,13,34,15,60,,,0,
2022-04-30 09:05:49,0.3,16915224,0.5,1351819,1,551748,2,1100671,5,260332,10,156835,13,36,15,60,,,0,
2022-04-30 09:06:49,0.3,21194276,0.5,1871070,1,959025,2,2111974,5,587071,10,308724,11,35,15,60,,,0,
2022-04-30 09:07:49,0.3,12410809,0.5,792652,1,185093,2,207700,5,36382,10,35676,5,49,15,60,,,0,
2022-04-30 09:08:49,0.3,10240551,0.5,648534,1,116566,2,75238,5,2825,10,3179,3,41,15,60,,,0,
2022-04-30 09:09:49,0.3,7393500,0.5,503708,1,112327,2,65347,5,3179,10,2119,0,31,15,60,,,0,
2022-04-30 09:10:49,0.3,5659837,0.5,432356,1,105616,2,52984,5,1059,10,706,-1,34,15,60,,,0,
2022-04-30 09:11:49,0.3,6649593,0.5,459554,1,105969,2,54750,5,1412,10,0,-3,43,15,60,,,0,
2022-04-30 09:12:49,0.3,5002119,0.5,503002,1,132108,2,79123,5,706,10,353,-4,31,15,60,,,0,
2022-04-30 09:13:49,0.3,3778523,0.5,912751,1,361003,2,211232,5,1766,10,706,-4,30,15,60,,,0,
2022-04-30 09:14:49,0.3,2173790,0.5,624514,1,214058,2,88661,5,1059,10,353,-5,41,15,60,,,0,
2022-04-30 09:15:49,0.3,1909925,0.5,526315,1,170257,2,80183,5,1059,10,0,-7,44,15,60,,,0,
2022-04-30 09:16:49,0.3,202401,0.5,70293,1,12363,2,5298,5,0,10,353,-10,54,15,60,,,0,
2022-04-30 09:17:49,0.3,282232,0.5,94312,1,29671,2,16248,5,353,10,0,-11,51,15,60,,,0,
2022-04-30 09:18:49,0.3,300600,0.5,119392,1,31084,2,15895,5,0,10,0,-13,47,15,60,,,0,
2022-04-30 09:19:49,0.3,606852,0.5,230660,1,77357,2,30731,5,0,10,353,-15,45,15,60,,,0,
2022-04-30 09:20:49,0.3,574355,0.5,184387,1,55810,2,34263,5,353,10,706,-17,40,15,60,,,0,
2022-04-30 09:21:49,0.3,851995,0.5,302013,1,104909,2,34263,5,0,10,0,-18,35,15,60,,,0,
2022-04-30 09:22:49,0.3,403037,0.5,161073,1,55104,2,31084,5,706,10,1059,-18,33,15,60,,,0,
2022-04-30 09:23:49,0.3,677145,0.5,320734,1,111974,2,48039,5,706,10,0,-18,31,15,60,,,0,
2022-04-30 09:24:49,0.3,939597,0.5,506534,1,160367,2,75591,5,1766,10,706,-18,29,15,60,,,0,
2022-04-30 09:25:49,0.3,750618,0.5,401978,1,141292,2,69939,5,706,10,353,-18,29,15,60,,,0,
2022-04-30 09:26:49,0.3,1092193,0.5,641469,1,232073,2,118332,5,0,10,0,-18,32,15,60,,,0,
2022-04-30 09:27:49,0.3,2142705,0.5,870010,1,324620,2,127516,5,1059,10,0,-18,33,15,60,,,0,
2022-04-30 09:28:49,0.3,545037,0.5,182620,1,50865,2,21547,5,353,10,0,-18,33,15,60,,,0,
2022-04-30 09:29:49,0.3,551748,0.5,92193,1,24373,2,7064,5,706,10,0,-18,32,15,60,,,0,
2022-04-30 09:30:49,0.3,836453,0.5,130695,1,36736,2,9537,5,353,10,0,-18,30,15,60,,,0,
2022-04-30 09:31:49,0.3,739314,0.5,102790,1,24373,2,15895,5,0,10,353,-18,29,15,60,,,0,
2022-04-30 09:32:49,0.3,533733,0.5,96432,1,21193,2,9537,5,1766,10,1766,-18,28,15,60,,,0,
2022-04-30 09:33:49,0.3,446838,0.5,83009,1,20840,2,8830,5,1766,10,1412,-18,28,15,60,,,0,
2022-04-30 09:34:49,0.3,607205,0.5,70646,1,15188,2,9184,5,1059,10,10950,-18,28,15,60,,,0,
2022-04-30 09:35:49,0.3,779583,0.5,75944,1,13422,2,4238,5,0,10,1059,-18,27,15,60,,,0,
2022-04-30 09:36:49,0.3,560226,0.5,71706,1,7417,2,6004,5,706,10,706,-18,27,15,60,,,0,
2022-04-30 09:37:49,0.3,706464,0.5,73472,1,3532,2,3179,5,0,10,0,-18,26,15,60,,,0,
2022-04-30 09:38:49,0.3,694101,0.5,84775,1,4592,2,3885,5,706,10,0,-18,25,15,60,,,0,
2022-04-30 09:39:49,0.3,691628,0.5,78417,1,4945,2,4592,5,353,10,353,-18,23,15,60,,,0,
2022-04-30 09:40:49,0.3,632991,0.5,66760,1,2825,2,4945,5,353,10,353,-18,22,15,60,,,0,
2022-04-30 09:41:49,0.3,513599,0.5,57223,1,1766,2,353,5,353,10,353,-18,20,15,60,,,0,
2022-04-30 09:42:49,0.3,446838,0.5,51218,1,1412,2,706,5,0,10,0,-18,19,15,60,,,0,
2022-04-30 09:43:49,0.3,682797,0.5,75944,1,2472,2,353,5,353,10,0,-18,17,15,60,,,0,
2022-04-30 09:44:49,0.3,732603,0.5,77357,1,1412,2,353,5,0,10,0,-18,15,15,60,,,0,
2022-04-30 09:45:49,0.3,383610,0.5,40621,1,2472,2,0,5,0,10,353,-18,14,15,60,,,0,
2022-04-30 09:46:49,0.3,421052,0.5,50512,1,1766,2,0,5,353,10,353,-18,13,15,60,,,0,
2022-04-30 09:47:49,0.3,606146,0.5,62875,1,2119,2,1766,5,0,10,0,-18,12,15,60,,,0,
2022-04-30 09:48:49,0.3,564464,0.5,59696,1,1766,2,706,5,0,10,0,-18,11,15,60,,,0,
2022-04-30 09:49:49,0.3,493465,0.5,56163,1,353,2,1059,5,0,10,0,-18,10,15,60,,,0,
2022-04-30 09:50:49,0.3,553161,0.5,59696,1,2119,2,0,5,0,10,0,-18,9,15,60,,,0,
2022-04-30 09:51:49,0.3,559872,0.5,66407,1,1059,2,0,5,0,10,0,-18,9,15,60,,,0,
2022-04-30 09:52:49,0.3,577181,0.5,57223,1,2119,2,1412,5,353,10,0,-18,8,15,60,,,0,
2022-04-30 09:53:49,0.3,536206,0.5,64641,1,706,2,0,5,0,10,0,-18,8,15,60,,,0,
2022-04-30 09:54:49,0.3,583892,0.5,52278,1,706,2,353,5,0,10,353,-18,7,15,60,,,0,
2022-04-30 09:55:49,0.3,476510,0.5,53338,1,1412,2,353,5,0,10,0,-18,7,15,60,,,0,
2022-04-30 09:56:49,0.3,439773,0.5,46273,1,353,2,353,5,0,10,0,-18,7,15,60,,,0,
2022-04-30 09:57:49,0.3,442599,0.5,40974,1,706,2,353,5,353,10,0,-18,6,15,60,,,0,
2022-04-30 09:58:49,0.3,381137,0.5,35323,1,353,2,0,5,0,10,353,-18,6,15,60,,,0,
2022-04-30 09:59:49,0.3,419992,0.5,32850,1,2119,2,353,5,0,10,0,-18,6,15,60,,,0,
2022-04-30 10:00:49,0.3,233839,0.5,23666,1,706,2,706,5,706,10,353,-18,5,15,60,,,0,
2022-04-30 10:01:49,0.3,244436,0.5,27905,1,0,2,1766,5,0,10,0,-18,5,15,60,,,0,
2022-04-30 10:02:49,0.3,391027,0.5,44507,1,3532,2,3532,5,706,10,0,-18,5,15,60,,,0,
2022-04-30 10:03:49,0.3,379371,0.5,39208,1,353,2,353,5,353,10,353,-18,5,15,60,,,0,
2022-04-30 10:04:49,0.3,172730,0.5,15188,1,0,2,0,5,0,10,0,-18,5,15,60,,,0,
2022-04-30 10:05:49,0.3,156481,0.5,18721,1,706,2,0,5,0,10,0,-18,4,15,60,,,0,
2022-04-30 10:06:49,0.3,226774,0.5,21900,1,353,2,0,5,0,10,0,-18,4,15,60,,,0,
2022-04-30 10:07:49,0.3,301306,0.5,30377,1,0,2,706,5,0,10,0,-18,4,15,60,,,0,
2022-04-30 10:08:49,0.3,260332,0.5,29671,1,1059,2,353,5,0,10,0,-18,4,15,60,,,0,
2022-04-30 10:09:49,0.3,214765,0.5,20134,1,353,2,706,5,0,10,0,-18,4,15,60,,,0,
2022-04-30 10:10:49,0.3,184740,0.5,19427,1,2472,2,4945,5,706,10,706,-18,4,15,60,,,0,
2022-04-30 10:11:49,0.3,198163,0.5,15542,1,0,2,353,5,353,10,0,-18,4,15,60,,,0,
2022-04-30 10:12:49,0.3,194984,0.5,18368,1,706,2,1412,5,353,10,0,-18,4,15,60,,,0,
2022-04-30 10:13:49,0.3,162839,0.5,21900,1,353,2,1059,5,0,10,0,-18,4,15,60,,,0,
2022-04-30 10:14:49,0.3,181914,0.5,29671,1,1059,2,353,5,0,10,353,-18,4,15,60,,,0,
2022-04-30 10:15:49,0.3,126457,0.5,13776,1,353,2,706,5,1059,10,0,-18,4,15,60,,,0,
2022-04-30 10:16:49,0.3,153302,0.5,44154,1,706,2,353,5,0,10,0,-18,4,15,60,,,0,
2022-04-30 10:17:49,0.3,208760,0.5,33557,1,1059,2,1412,5,1412,10,0,-17,4,15,60,,,0,
2022-04-30 10:18:49,0.3,98551,0.5,12363,1,353,2,706,5,353,10,0,-17,4,15,60,,,0,
2022-04-30 10:19:49,0.3,84069,0.5,9890,1,353,2,2119,5,1059,10,0,-16,3,15,60,,,0,
2022-04-30 10:20:49,0.3,116213,0.5,29318,1,0,2,0,5,0,10,353,-16,4,15,60,,,0,
2022-04-30 10:21:49,0.3,110208,0.5,19780,1,0,2,1059,5,706,10,353,-15,4,15,60,,,0,
2022-04-30 10:22:49,0.3,93959,0.5,13422,1,1059,2,706,5,353,10,353,-14,4,15,60,,,0,
2022-04-30 10:23:49,0.3,59696,0.5,6711,1,353,2,3532,5,353,10,706,-13,4,15,60,,,0,
2022-04-30 10:24:49,0.3,128223,0.5,134228,1,7771,2,3179,5,706,10,706,-12,4,15,60,,,0,
2022-04-30 10:25:49,0.3,151183,0.5,123277,1,9184,2,1059,5,353,10,0,-12,4,15,60,,,0,
2022-04-30 10:26:49,0.3,175909,0.5,116566,1,8124,2,706,5,706,10,0,-11,4,15,60,,,0,
2022-04-30 10:27:49,0.3,520310,0.5,132108,1,4592,2,1412,5,706,10,0,-10,3,15,60,,,0,
2022-04-30 10:28:49,0.3,475097,0.5,126810,1,3179,2,353,5,0,10,0,-10,4,15,60,,,0,
2022-04-30 10:29:49,0.3,462734,0.5,96785,1,3179,2,706,5,706,10,0,-9,4,15,60,,,0,
2022-04-30 10:30:49,0.3,438714,0.5,85128,1,2472,2,706,5,0,10,0,-9,4,15,60,,,0,
2022-04-30 10:31:49,0.3,338749,0.5,41681,1,1412,2,0,5,353,10,0,-8,4,15,60,,,0,
2022-04-30 10:32:49,0.3,256093,0.5,14482,1,4592,2,4592,5,0,10,706,-7,4,15,60,,,0,
2022-04-30 10:33:49,0.3,138113,0.5,9890,1,1766,2,6004,5,1412,10,706,-7,4,15,60,,,0,
2022-04-30 10:34:49,0.3,3326033,0.5,788413,1,450017,2,763334,5,123277,10,134228,-18,3,15,60,,,0,
2022-04-30 10:35:49,0.3,1109855,0.5,553867,1,288943,2,450017,5,28965,10,27905,-18,3,15,60,,,0,
2022-04-30 10:36:49,0.3,2694101,0.5,545037,1,494878,2,784528,5,93606,10,49805,-18,3,15,60,,,0,
2022-04-30 10:37:49,0.3,386082,0.5,34616,1,1059,2,4592,5,0,10,0,-18,3,15,60,,,0,
2022-04-30 10:38:49,0.3,429530,0.5,32144,1,706,2,0,5,706,10,706,-18,3,15,60,,,0,
2022-04-30 10:39:49,0.3,833627,0.5,145531,1,51218,2,132462,5,19780,10,27905,-18,3,15,60,,,0,
2022-04-30 10:40:49,0.3,960438,0.5,126457,1,33557,2,63228,5,7417,10,8477,-18,3,15,60,,,0,
2022-04-30 10:41:49,0.3,910279,0.5,89720,1,3179,2,706,5,353,10,1059,-18,3,15,60,,,0,
2022-04-30 10:42:49,0.3,764040,0.5,74178,1,6711,2,7064,5,706,10,1059,-18,3,15,60,,,0,
2022-04-30 10:43:49,0.3,910985,0.5,99964,1,10596,2,7771,5,353,10,1059,-18,3,15,60,,,0,
2022-04-30 10:44:49,0.3,1149063,0.5,116566,1,11656,2,9184,5,1059,10,1059,-18,3,15,60,,,0,
2022-04-30 10:45:49,0.3,1166372,0.5,120098,1,9890,2,7064,5,353,10,1766,-18,3,15,60,,,0,
2022-04-30 10:46:49,0.3,1273754,0.5,152243,1,28258,2,38502,5,14129,10,6004,-18,3,15,60,,,0,
2022-04-30 10:47:49,0.3,1192511,0.5,210879,1,57223,2,32144,5,3179,10,3532,-18,3,15,60,,,0,
2022-04-30 10:48:49,0.3,1472624,0.5,237371,1,61109,2,38855,5,4592,10,2119,-18,4,15,60,,,0,
2022-04-30 10:49:49,0.3,2346520,0.5,736135,1,277287,2,161427,5,1412,10,706,-18,10,15,60,,,0,
2022-04-30 10:50:49,0.3,2189332,0.5,844577,1,353938,2,285058,5,16601,10,20840,-18,23,15,60,,,0,
2022-04-30 10:51:49,0.3,1490639,0.5,566937,1,220063,2,134934,5,2472,10,1766,-18,33,15,60,,,0,
2022-04-30 10:52:49,0.3,785588,0.5,262098,1,108089,2,66407,5,1766,10,3179,-18,42,15,60,,,0,
2022-04-30 10:53:49,0.3,1936771,0.5,584245,1,222889,2,172377,5,4238,10,1059,-18,51,15,60,,,0,
2022-04-30 10:54:49,0.3,766160,0.5,220770,1,84069,2,58636,5,2472,10,1059,-18,60,15,60,,,0,
2022-04-30 10:55:49,0.3,546803,0.5,161780,1,60402,2,49099,5,2825,10,1766,-16,67,15,60,,,0,
2022-04-30 10:56:49,0.3,572942,0.5,157188,1,60049,2,39561,5,2825,10,1766,-13,71,15,60,,,0,
2022-04-30 10:57:49,0.3,3553161,0.5,903567,1,317202,2,249735,5,4592,10,706,-9,60,15,60,,,0,
2022-04-30 10:58:49,0.3,6434122,0.5,1632991,1,687036,2,559519,5,3532,10,1412,-6,30,15,60,,,0,
2022-04-30 10:59:49,0.3,9258212,0.5,861179,1,255033,2,197456,5,1412,10,706,-6,43,15,60,,,0,
2022-04-30 11:00:49,0.3,26243022,0.5,1582832,1,251501,2,235959,5,5298,10,2472,-5,73,15,60,,,0,
2022-04-30 11:01:49,0.3,37646060,0.5,2225008,1,305898,2,233486,5,6711,10,1059,-2,73,15,60,,,0,
2022-04-30 11:02:49,0.3,38319320,0.5,2182974,1,300600,2,245143,5,4592,10,706,2,62,15,60,,,0,
2022-04-30 11:03:49,0.3,33732956,0.5,5305192,1,2930766,2,6147297,5,1152596,10,1039561,5,73,15,60,,,0,
2022-04-30 11:04:49,0.3,8689862,0.5,818085,1,276933,2,361003,5,27905,10,13776,5,89,15,60,,,0,
2022-04-30 11:05:49,0.3,10192511,0.5,577534,1,101730,2,72412,5,1059,10,706,5,83,15,60,,,0,
2022-04-30 11:06:49,0.3,21956198,0.5,1214411,1,178028,2,171670,5,4592,10,1412,6,67,15,60,,,0,
2022-04-30 11:07:49,0.3,13184387,0.5,736135,1,103496,2,103143,5,2472,10,2119,6,68,15,60,,,0,
2022-04-30 11:08:49,0.3,11199576,0.5,620275,1,94312,2,83716,5,2472,10,706,6,82,15,60,,,0,
2022-04-30 11:09:49,0.3,12519604,0.5,670787,1,108442,2,92193,5,3532,10,1059,7,87,15,60,,,0,
2022-04-30 11:10:49,0.3,10389615,0.5,586012,1,90780,2,66407,5,2472,10,0,7,82,15,60,,,0,
2022-04-30 11:11:49,0.3,11523843,0.5,602967,1,92900,2,76651,5,2472,10,0,8,80,15,60,,,0,
2022-04-30 11:12:49,0.3,20373366,0.5,1096432,1,160720,2,139526,5,5298,10,706,9,63,15,60,,,0,
2022-04-30 11:13:49,0.3,33181914,0.5,1812433,1,248322,2,214765,5,6358,10,1412,8,52,15,60,,,0,
2022-04-30 11:14:49,0.3,33756268,0.5,1905333,1,261744,2,214058,5,6358,10,706,9,60,15,60,,,0,
2022-04-30 11:15:49,0.3,39890496,0.5,2251148,1,308724,2,246909,5,9537,10,3179,9,55,15,60,,,0,
2022-04-30 11:16:49,0.3,32330978,0.5,1809254,1,245849,2,209819,5,6711,10,706,9,50,15,60,,,0,
2022-04-30 11:17:49,0.3,22286118,0.5,1170964,1,163899,2,128929,5,4945,10,1412,10,59,15,60,,,0,
2022-04-30 11:18:49,0.3,40481456,0.5,2164252,1,290710,2,248322,5,7771,10,2119,10,53,15,60,,,0,
2022-04-30 11:19:49,0.3,25587424,0.5,1350759,1,194277,2,147297,5,4945,10,1059,10,53,15,60,,,0,
2022-04-30 11:20:49,0.3,25092192,0.5,1327092,1,198869,2,146944,5,6358,10,1059,10,58,15,60,,,0,
2022-04-30 11:21:49,0.3,25443306,0.5,1350406,1,189685,2,141646,5,6358,10,706,10,56,15,60,,,0,
2022-04-30 11:22:49,0.3,26010950,0.5,1372659,1,193217,2,149417,5,3179,10,353,11,65,15,60,,,0,
2022-04-30 11:23:49,0.3,7429530,0.5,375132,1,54044,2,38502,5,1059,10,0,11,63,15,60,,,0,
2022-04-30 11:24:49,0.3,29899328,0.5,1537972,1,216178,2,155068,5,7064,10,1412,11,52,15,60,,,0,
2022-04-30 11:25:49,0.3,41486400,0.5,2242317,1,302366,2,222182,5,8124,10,1766,11,49,15,60,,,0,
2022-04-30 11:26:49,0.3,29481454,0.5,1499116,1,204168,2,162839,5,4238,10,1412,11,45,15,60,,,0,
2022-04-30 11:27:49,0.3,18497704,0.5,973154,1,139526,2,91487,5,3532,10,0,11,54,15,60,,,0,
2022-04-30 11:28:49,0.3,15966089,0.5,813140,1,114800,2,85482,5,3885,10,1059,12,65,15,60,,,0,
2022-04-30 11:29:49,0.3,12699046,0.5,645355,1,92900,2,65701,5,2472,10,353,12,68,15,60,,,0,
2022-04-30 11:30:49,0.3,12788414,0.5,673613,1,91487,2,60755,5,2472,10,0,12,58,15,60,,,0,
2022-04-30 11:31:49,0.3,19909218,0.5,1051571,1,149417,2,105263,5,4238,10,1059,12,45,15,60,,,0,
2022-04-30 11:32:49,0.3,37294596,0.5,1942776,1,263157,2,202755,5,8830,10,1059,12,47,15,60,,,0,
2022-04-30 11:33:49,0.3,18690922,0.5,976333,1,126457,2,92193,5,4945,10,353,12,52,15,60,,,0,
2022-04-30 11:34:49,0.3,28339808,0.5,1500176,1,186506,2,146238,5,5651,10,1412,12,44,15,60,,,0,
2022-04-30 11:35:49,0.3,43424584,0.5,2285411,1,320734,2,214058,5,6358,10,2472,12,49,15,60,,,0,
2022-04-30 11:36:49,0.3,34443660,0.5,1802190,1,255740,2,178028,5,8830,10,1059,12,50,15,60,,,0,
2022-04-30 11:37:49,0.3,26876014,0.5,1426351,1,210879,2,143765,5,7771,10,353,12,47,15,60,,,0,
2022-04-30 11:38:49,0.3,28276934,0.5,1492758,1,220416,2,161427,5,2119,10,0,12,48,15,60,,,0,
2022-04-30 11:39:49,0.3,23853408,0.5,1270222,1,185800,2,143412,5,3532,10,1412,13,56,15,60,,,0,
2022-04-30 11:40:49,0.3,10087954,0.5,551042,1,104556,2,172024,5,47333,10,38855,13,54,15,60,,,0,
2022-04-30 11:41:49,0.3,13531261,0.5,753444,1,122218,2,216531,5,65701,10,38502,13,56,15,60,,,0,
2022-04-30 11:42:49,0.3,9483574,0.5,570116,1,207700,2,559872,5,208406,10,143765,14,41,15,60,,,0,
2022-04-30 11:43:49,0.3,11810314,0.5,636524,1,102790,2,101024,5,13422,10,9184,13,36,15,60,,,0,
2022-04-30 11:44:49,0.3,31431296,0.5,1705757,1,282938,2,301660,5,35676,10,31437,13,41,15,60,,,0,
2022-07-06 19:00:12,0.3,99999999,0.5,22949134,1,1567290,2,347227,5,2472,10,706,,,15,60,,,0,
2023-03-01 16:20:30,0.3,42042388,0.5,7191098,1,593429,2,143765,5,0,10,0,,,100,60,,,0,
2023-03-01 16:46:10,0.3,1766,0.5,0,1,0,2,0,5,0,10,2119,25,19,100,60,,,0,
2023-03-01 16:47:35,0.3,1140939,0.5,637937,1,580713,2,1438007,5,237371,10,126810,24,18,100,60,,,0,
2023-03-01 16:49:00,0.3,1006004,0.5,682797,1,584599,2,1436948,5,225362,10,46979,23,19,100,60,,,0,
2023-06-14 16:21:37,0.3,3986577,0.5,911338,1,155068,2,73825,5,9184,10,5298,,,100,60,,,0,
2023-06-14 16:27:17,0.3,6022960,0.5,1175203,1,303779,2,293889,5,26492,10,6358,,,100,60,,,0,
2023-10-19 17:50:48,0.3,17986224,0.5,2859766,1,231013,2,43447,5,1059,10,353,,,100,60,,,0,
2023-10-26 17:08:30,0.3,0,0.5,0,1,0,2,0,5,0,10,0,,,100,60,,,0,
2023-10-26 17:18:20,0.3,2008477,0.5,520664,1,135287,2,137407,5,9537,10,10243,,,100,60,,,0,
2023-10-26 17:40:19,0.3,5648887,0.5,1480395,1,322147,2,176262,5,15542,10,12009,22,23,100,60,,,0,
2024-05-29 14:17:14,0.3,2404804,0.5,169904,1,61462,2,46626,5,1412,10,706,,,100,60,,,0,
2024-05-29 14:58:53,0.3,0,0.5,0,1,0,2,0,5,0,10,0,,,100,60,,,0,
2024-10-16 16:37:24,0.3,2338396,0.5,178735,1,83362,2,118332,5,33203,10,30731,,,100,60,,,0,
2025-05-29 10:27:57,0.3,3596962,0.5,689155,1,175203,2,69586,5,2825,10,2119,,,100,60,,,0,
2026-02-07 09:16:41,0.3,2437654,0.5,329212,1,26845,2,10950,5,1766,10,2472,,,100,60,,,0,
2026-02-07 09:17:41,0.3,5416460,0.5,810667,1,58283,2,11656,5,0,10,0,,,100,60,,,0,
2026-02-07 09:18:41,0.3,6410102,0.5,821617,1,64641,2,8124,5,0,10,0,,,100,60,,,0,
2026-02-07 09:19:41,0.3,6700812,0.5,947015,1,70293,2,9890,5,0,10,0,,,100,60,,,0,
2026-02-07 09:20:41,0.3,7666548,0.5,1094312,1,84775,2,10243,5,0,10,0,,,100,60,,,0,
2026-02-07 09:21:41,0.3,7449311,0.5,1148004,1,251501,2,228894,5,11656,10,353,,,100,60,,,0,
2026-02-07 09:22:41,0.3,6598375,0.5,963617,1,92900,2,34263,5,0,10,0,,,100,60,,,0,
2026-02-07 09:23:41,0.3,6131049,0.5,966089,1,63935,2,6004,5,353,10,0,,,100,60,,,0,
2026-02-07 09:24:41,0.3,5483574,0.5,708936,1,40974,2,10243,5,0,10,0,,,100,60,,,0,
2026-02-07 09:25:41,0.3,4533733,0.5,638290,1,43447,2,7064,5,0,10,0,,,100,60,,,0,
2026-02-07 09:26:41,0.3,5865771,0.5,833274,1,63228,2,4238,5,0,10,0,,,100,60,,,0,
2026-02-07 09:27:41,0.3,5087954,0.5,677499,1,36736,2,7064,5,0,10,0,,,100,60,,,0,
2026-02-07 09:28:41,0.3,5698339,0.5,767220,1,57576,2,11303,5,0,10,0,,,100,60,,,0,
2026-02-07 09:29:41,0.3,3750264,0.5,489579,1,45566,2,10243,5,0,10,0,,,100,60,,,0,
2026-02-07 09:30:41,0.3,3134581,0.5,386789,1,26845,2,4945,5,0,10,0,,,100,60,,,0,
2026-02-07 09:31:41,0.3,6638643,0.5,1015542,1,70646,2,4945,5,0,10,0,,,100,60,,,0,
2026-02-07 09:32:41,0.3,5732956,0.5,876722,1,79830,2,9890,5,0,10,0,,,100,60,,,0,
2026-02-07 09:33:41,0.3,4259978,0.5,602613,1,40621,2,3179,5,0,10,0,,,100,60,,,0,
2026-02-07 09:34:41,0.3,4494878,0.5,648887,1,56163,2,9537,5,0,10,0,,,100,60,,,0,
2026-02-07 09:35:41,0.3,9824090,0.5,1588484,1,143058,2,40621,5,0,10,0,,,100,60,,,0,
2026-02-07 09:36:41,0.3,6459908,0.5,847756,1,53691,2,9537,5,0,10,0,,,100,60,,,0,
2026-02-07 09:37:41,0.3,4013422,0.5,527375,1,38149,2,7417,5,0,10,0,,,100,60,,,0,
2026-02-07 09:38:41,0.3,8171670,0.5,1226775,1,87248,2,13069,5,0,10,0,,,100,60,,,0,
2026-02-07 09:39:41,0.3,6752737,0.5,1062168,1,76651,2,8124,5,0,10,0,,,100,60,,,0,
2026-02-07 09:40:41,0.3,4008124,0.5,579653,1,47686,2,10950,5,0,10,0,,,100,60,,,0,
2026-02-07 09:41:41,0.3,3204521,0.5,478629,1,22960,2,4238,5,0,10,0,,,100,60,,,0,
2026-02-07 09:42:41,0.3,3150830,0.5,539738,1,38502,2,6358,5,0,10,0,,,100,60,,,0,
2026-02-07 09:43:41,0.3,3186506,0.5,391734,1,21193,2,4592,5,0,10,0,,,100,60,,,0,
2026-02-07 09:44:41,0.3,7416813,0.5,1174496,1,89720,2,9890,5,0,10,0,,,100,60,,,0,
2026-02-07 09:45:41,0.3,21988342,0.5,3787001,1,278700,2,37089,5,0,10,0,,,100,60,,,0,
2026-02-07 09:46:41,0.3,19399504,0.5,3084069,1,238431,2,40268,5,0,10,0,,,100,60,,,0,
2026-02-07 09:47:41,0.3,13062168,0.5,1867537,1,142705,2,23313,5,0,10,0,,,100,60,,,0,
2026-02-07 09:48:41,0.3,10012010,0.5,1263864,1,79477,2,11303,5,0,10,0,,,100,60,,,0,
2026-02-07 09:49:41,0.3,9410455,0.5,1110914,1,67820,2,8124,5,0,10,0,,,100,60,,,0,
2026-02-07 09:50:41,0.3,8962204,0.5,1120805,1,71352,2,16248,5,0,10,0,,,100,60,,,0,
2026-02-07 09:51:41,0.3,9727305,0.5,1429176,1,117979,2,27552,5,0,10,0,,,100,60,,,0,
2026-02-07 09:52:41,0.3,11304486,0.5,1664782,1,147297,2,32144,5,0,10,0,,,100,60,,,0,
2026-02-07 09:53:41,0.3,13973154,0.5,2076298,1,184033,2,60049,5,353,10,0,,,100,60,,,0,
2026-02-07 09:54:41,0.3,11728011,0.5,1601201,1,133168,2,29671,5,0,10,0,,,100,60,,,0,
2026-02-07 09:55:41,0.3,9249028,0.5,1262098,1,115860,2,18014,5,0,10,0,,,100,60,,,0,
2026-02-07 09:56:41,0.3,10901801,0.5,1595196,1,161073,2,40268,5,353,10,0,,,100,60,,,0,
2026-02-07 09:57:41,0.3,8343341,0.5,1244083,1,160720,2,70646,5,0,10,0,,,100,60,,,0,
2026-02-07 09:58:41,0.3,6298834,0.5,869657,1,85835,2,24019,5,0,10,0,,,100,60,,,0,
2026-02-07 09:59:41,0.3,7935005,0.5,1234192,1,106676,2,24373,5,0,10,0,,,100,60,,,0,
2026-02-07 10:00:41,0.3,7409042,0.5,1004238,1,79830,2,17308,5,0,10,0,,,100,60,,,0,
2026-02-07 10:01:41,0.3,8949841,0.5,1298481,1,132108,2,28965,5,706,10,353,,,100,60,,,0,
2026-02-07 10:02:41,0.3,6403744,0.5,724832,1,67114,2,12009,5,0,10,0,,,100,60,,,0,
2026-02-07 10:03:41,0.3,5797244,0.5,659484,1,58283,2,9890,5,0,10,0,,,100,60,,,0,
2026-02-07 10:04:41,0.3,4830095,0.5,649240,1,79123,2,33203,5,0,10,0,,,100,60,,,0,
2026-02-07 10:05:41,0.3,7442953,0.5,1046979,1,110561,2,23666,5,0,10,0,,,100,60,,,0,
2026-02-07 10:06:41,0.3,6826916,0.5,910985,1,95372,2,12363,5,0,10,0,,,100,60,,,0,
2026-02-07 10:07:41,0.3,4199576,0.5,505828,1,48039,2,7064,5,0,10,0,,,100,60,,,0,
2026-02-07 10:08:41,0.3,2960791,0.5,475450,1,59342,2,13069,5,0,10,0,,,100,60,,,0,
2026-02-07 10:09:41,0.3,2450724,0.5,358177,1,32497,2,2825,5,0,10,0,,,100,60,,,0,
2026-02-07 10:10:41,0.3,2457788,0.5,434122,1,51925,2,8124,5,0,10,0,,,100,60,,,0,
2026-02-07 10:11:41,0.3,2189332,0.5,359237,1,35323,2,17661,5,0,10,0,,,100,60,,,0,
2026-02-07 10:12:41,0.3,1812080,0.5,315789,1,39208,2,9537,5,0,10,0,,,100,60,,,0,
2026-02-07 10:13:41,0.3,2007064,0.5,285058,1,31790,2,6358,5,0,10,0,,,100,60,,,0,
2026-02-07 10:14:41,0.3,1192864,0.5,245496,1,33910,2,12363,5,0,10,0,,,100,60,,,0,
2026-02-07 10:15:41,0.3,1149770,0.5,175909,1,22253,2,3885,5,0,10,0,,,100,60,,,0,
2026-02-07 10:16:41,0.3,995761,0.5,159307,1,15188,2,4592,5,0,10,0,,,100,60,,,0,
2026-02-07 10:17:41,0.3,825503,0.5,209466,1,30377,2,7771,5,0,10,0,,,100,60,,,0,
2026-02-07 10:18:41,0.3,586012,0.5,170964,1,27552,2,11303,5,0,10,0,,,100,60,,,0,
2026-02-07 10:19:41,0.3,444012,0.5,132462,1,23666,2,6004,5,0,10,0,,,100,60,,,0,
2026-02-07 10:20:41,0.3,251501,0.5,81596,1,19780,2,2472,5,0,10,0,,,100,60,,,0,
2026-02-07 10:21:41,0.3,253267,0.5,87954,1,16601,2,3885,5,0,10,0,,,100,60,,,0,
2026-02-07 10:22:41,0.3,190392,0.5,37795,1,7771,2,3179,5,0,10,0,,,100,60,,,0,
2026-02-07 10:23:41,0.3,38149,0.5,5651,1,2119,2,353,5,0,10,0,,,100,60,,,0,
2026-02-07 10:24:41,0.3,15188,0.5,353,1,0,2,0,5,0,10,0,,,100,60,,,0,
2026-02-07 10:25:41,0.3,706,0.5,0,1,0,2,0,5,0,10,0,,,100,60,,,0,
2026-02-07 10:26:41,0.3,3532,0.5,0,1,0,2,0,5,0,10,0,,,100,60,,,0,
2026-02-07 10:27:41,0.3,706,0.5,0,1,0,2,0,5,0,10,0,,,100,60,,,0,
2026-02-07 10:28:41,0.3,1059,0.5,0,1,0,2,0,5,0,10,0,,,100,60,,,0,
2026-02-07 10:29:41,0.3,353,0.5,0,1,0,2,0,5,0,10,0,,,100,60,,,0,
2026-02-07 10:30:41,0.3,1059,0.5,706,1,0,2,0,5,0,10,0,,,100,60,,,0,
2026-02-07 10:31:41,0.3,1412,0.5,0,1,0,2,0,5,0,10,0,,,100,60,,,0,
2026-02-07 10:32:41,0.3,353,0.5,0,1,0,2,0,5,0,10,0,,,100,60,,,0,
2026-02-07 10:33:41,0.3,706,0.5,0,1,0,2,0,5,0,10,0,,,100,60,,,0,
2026-02-07 10:34:41,0.3,1412,0.5,0,1,0,2,0,5,0,10,0,,,100,60,,,0,
2026-02-07 10:35:41,0.3,1059,0.5,0,1,0,2,0,5,0,10,0,,,100,60,,,0,
2026-02-07 10:36:41,0.3,1059,0.5,0,1,0,2,0,5,0,10,0,,,100,60,,,0,
2026-02-07 10:37:41,0.3,1412,0.5,0,1,0,2,0,5,0,10,0,,,100,60,,,0,
2026-02-07 10:38:41,0.3,2825,0.5,353,1,0,2,0,5,0,10,0,,,100,60,,,0,
2026-02-07 10:39:41,0.3,353,0.5,0,1,0,2,0,5,0,10,0,,,100,60,,,0,
2026-02-07 10:40:41,0.3,1412,0.5,0,1,0,2,0,5,0,10,0,,,100,60,,,0,
2026-02-07 10:41:41,0.3,1059,0.5,0,1,0,2,0,5,0,10,0,,,100,60,,,0,
2026-02-07 10:42:41,0.3,1059,0.5,0,1,0,2,0,5,0,10,0,,,100,60,,,0,
2026-02-07 10:43:41,0.3,706,0.5,0,1,0,2,0,5,0,10,0,,,100,60,,,0,
2026-02-07 10:44:41,0.3,1412,0.5,0,1,0,2,0,5,0,10,0,,,100,60,,,0,
2026-02-07 10:45:41,0.3,1059,0.5,0,1,0,2,0,5,0,10,0,,,100,60,,,0,
2026-02-07 10:46:41,0.3,1766,0.5,0,1,0,2,0,5,0,10,0,,,100,60,,,0,
2026-02-07 10:47:41,0.3,2119,0.5,0,1,0,2,0,5,0,10,0,,,100,60,,,0,
2026-02-07 10:48:41,0.3,2825,0.5,0,1,0,2,0,5,0,10,0,,,100,60,,,0,
2026-02-07 10:49:41,0.3,706,0.5,0,1,0,2,0,5,0,10,0,,,100,60,,,0,
2026-02-07 10:50:41,0.3,2119,0.5,0,1,0,2,0,5,0,10,0,,,100,60,,,0,
2026-02-07 10:51:41,0.3,1412,0.5,0,1,0,2,0,5,0,10,0,,,100,60,,,0,
2026-02-07 10:52:41,0.3,1412,0.5,0,1,0,2,0,5,0,10,0,,,100,60,,,0,
2026-02-07 10:53:41,0.3,2472,0.5,0,1,0,2,0,5,0,10,0,,,100,60,,,0,
2026-02-07 10:54:41,0.3,706,0.5,353,1,0,2,0,5,0,10,0,,,100,60,,,0,
2026-02-07 10:55:41,0.3,1766,0.5,0,1,0,2,0,5,0,10,0,,,100,60,,,0,
2026-02-07 10:56:41,0.3,1059,0.5,0,1,0,2,0,5,0,10,0,,,100,60,,,0,
2026-02-07 10:57:41,0.3,1059,0.5,0,1,0,2,0,5,0,10,0,,,100,60,,,0,
2026-02-07 10:58:41,0.3,1412,0.5,0,1,353,2,0,5,0,10,0,,,100,60,,,0,
2026-02-07 10:59:41,0.3,0,0.5,0,1,0,2,0,5,0,10,0,,,100,60,,,0,
2026-02-07 11:00:41,0.3,1059,0.5,0,1,0,2,0,5,0,10,0,,,100,60,,,0,
2026-02-07 11:01:41,0.3,319675,0.5,30377,1,1766,2,2119,5,353,10,706,,,100,60,,,0,
2026-02-07 11:02:41,0.3,246555,0.5,16601,1,353,2,0,5,0,10,0,,,100,60,,,0,
2026-02-07 11:03:41,0.3,2472,0.5,0,1,0,2,0,5,0,10,0,,,100,60,,,0,
2026-02-07 11:04:41,0.3,1412,0.5,353,1,0,2,0,5,0,10,0,,,100,60,,,0,
2026-02-07 11:05:41,0.3,3532,0.5,0,1,0,2,0,5,0,10,0,,,100,60,,,0,
2026-02-07 11:06:41,0.3,323913,0.5,58283,1,4945,2,0,5,0,10,0,,,100,60,,,0,
2026-02-07 11:07:41,0.3,1193217,0.5,206640,1,40974,2,23313,5,353,10,353,,,100,60,,,0,
2026-02-07 11:08:41,0.3,1941010,0.5,211232,1,33910,2,25432,5,2472,10,0,,,100,60,,,0,
2026-02-07 11:09:41,0.3,3980572,0.5,477922,1,91840,2,66760,5,2119,10,0,,,100,60,,,0,
2026-02-07 11:10:41,0.3,5196397,0.5,726245,1,169904,2,190392,5,15188,10,706,,,100,60,,,0,
2026-02-07 11:11:41,0.3,7421405,0.5,1022606,1,162839,2,77711,5,2119,10,706,,,100,60,,,0,
2026-02-07 11:12:41,0.3,10550335,0.5,1589544,1,292122,2,190392,5,1766,10,706,,,100,60,,,0,
2026-02-07 11:13:41,0.3,12164253,0.5,1779583,1,399505,2,305192,5,5651,10,4238,,,100,60,,,0,
2026-02-07 11:14:41,0.3,9864712,0.5,1256093,1,242317,2,155068,5,1412,10,353,,,100,60,,,0,
2026-02-07 11:15:41,0.3,3475803,0.5,425291,1,100317,2,91487,5,7771,10,1766,,,100,60,,,0,
2026-02-07 11:16:41,0.3,503708,0.5,118332,1,49805,2,62168,5,2119,10,353,,,100,60,,,0,
2026-02-07 11:17:41,0.3,37089,0.5,12363,1,8124,2,12009,5,706,10,1412,,,100,60,,,0,
2026-02-07 11:18:41,0.3,14129,0.5,2472,1,3179,2,7064,5,1059,10,706,,,100,60,,,0,
2026-02-07 11:19:41,0.3,15188,0.5,13776,1,4592,2,6711,5,353,10,0,,,100,60,,,0,
2026-02-07 11:20:41,0.3,706,0.5,706,1,1059,2,1766,5,353,10,0,,,100,60,,,0,
2026-02-07 11:21:41,0.3,0,0.5,0,1,0,2,0,5,0,10,0,,,100,60,,,0,
2026-02-07 11:22:41,0.3,0,0.5,0,1,0,2,0,5,0,10,0,,,100,60,,,0,
2026-02-07 11:23:41,0.3,2119,0.5,706,1,0,2,1412,5,706,10,0,,,100,60,,,0,
2026-02-07 11:24:41,0.3,14881314,0.5,2350406,1,281879,2,192864,5,20134,10,10950,,,100,60,,,0,
2026-02-07 11:25:41,0.3,50853760,0.5,6995408,1,692334,2,210879,5,1766,10,353,,,100,60,,,0,
2026-02-07 11:26:41,0.3,22872130,0.5,3066054,1,302719,2,82303,5,353,10,0,,,100,60,,,0,
2026-02-07 11:27:41,0.3,12996820,0.5,1635111,1,126103,2,32497,5,0,10,0,,,100,60,,,0,
2026-02-07 11:28:41,0.3,9694101,0.5,1197456,1,112327,2,21547,5,0,10,0,,,100,60,,,0,
2026-02-07 11:29:41,0.3,8253267,0.5,1014482,1,72412,2,9537,5,0,10,0,,,100,60,,,0,
2026-02-07 11:30:41,0.3,8054044,0.5,869304,1,67114,2,10950,5,0,10,0,,,100,60,,,0,
2026-02-07 11:31:41,0.3,7735429,0.5,815259,1,66407,2,10950,5,0,10,0,,,100,60,,,0,
2026-02-07 11:32:41,0.3,10180501,0.5,1285058,1,110914,2,15542,5,0,10,0,,,100,60,,,0,
2026-02-07 11:33:41,0.3,9321441,0.5,1103497,1,83009,2,10596,5,0,10,0,,,100,60,,,0,
2026-02-07 11:34:41,0.3,8258565,0.5,925468,1,69586,2,5298,5,0,10,0,,,100,60,,,0,
2026-02-07 11:35:41,0.3,8075944,0.5,945602,1,68880,2,10596,5,0,10,0,,,100,60,,,0,
2026-02-07 11:36:41,0.3,7522077,0.5,923701,1,71706,2,14482,5,0,10,0,,,100,60,,,0,
2026-02-07 11:37:41,0.3,7281879,0.5,919816,1,60049,2,6711,5,0,10,0,,,100,60,,,0,
2026-02-07 11:38:41,0.3,7838572,0.5,889438,1,64288,2,9537,5,0,10,0,,,100,60,,,0,
2026-02-07 11:39:41,0.3,6989403,0.5,781349,1,54397,2,10950,5,0,10,0,,,100,60,,,0,
2026-02-07 11:40:41,0.3,5635111,0.5,573648,1,42387,2,11656,5,0,10,0,,,100,60,,,0,
2026-02-07 11:41:41,0.3,5306252,0.5,655245,1,52984,2,7771,5,0,10,0,,,100,60,,,0,
2026-02-07 11:42:41,0.3,6063581,0.5,798657,1,88661,2,20487,5,0,10,0,,,100,60,,,0,
2026-02-07 11:43:41,0.3,7494171,0.5,828682,1,60755,2,6004,5,0,10,0,,,100,60,,,0,
2026-02-07 11:44:41,0.3,6171670,0.5,705404,1,59696,2,10950,5,0,10,0,,,100,60,,,0,
2026-02-07 11:45:41,0.3,5450017,0.5,557400,1,43800,2,8830,5,0,10,0,,,100,60,,,0,
2026-02-07 11:46:41,0.3,5517838,0.5,622394,1,51218,2,5298,5,0,10,0,,,100,60,,,0,
2026-02-07 11:47:41,0.3,5469445,0.5,708936,1,54397,2,5298,5,0,10,0,,,100,60,,,0,
2026-02-07 11:48:41,0.3,6953726,0.5,855881,1,66760,2,11303,5,0,10,0,,,100,60,,,0,
2026-02-07 11:49:41,0.3,9473331,0.5,1129282,1,100317,2,13776,5,0,10,0,,,100,60,,,0,
2026-02-07 11:50:41,0.3,9482868,0.5,1185800,1,103143,2,25785,5,0,10,0,,,100,60,,,0,
2026-02-07 11:51:41,0.3,11539738,0.5,1695160,1,359237,2,374072,5,15542,10,3532,,,100,60,,,0,
2026-02-07 11:52:41,0.3,8149417,0.5,1229600,1,198163,2,126457,5,2472,10,0,,,100,60,,,0,
2026-02-07 11:53:41,0.3,5960438,0.5,777463,1,72059,2,12716,5,0,10,0,,,100,60,,,0,
2026-02-07 11:54:41,0.3,5580713,0.5,746732,1,74178,2,10596,5,0,10,0,,,100,60,,,0,
2026-02-07 11:55:41,0.3,6098551,0.5,816319,1,77357,2,14482,5,0,10,353,,,100,60,,,0,
2026-02-07 11:56:41,0.3,5163193,0.5,621688,1,73825,2,39208,5,1412,10,1766,,,100,60,,,0,
2026-02-07 11:57:41,0.3,6209819,0.5,837866,1,91487,2,31790,5,0,10,1766,,,100,60,,,0,
2026-02-07 11:58:41,0.3,4660897,0.5,433768,1,31084,2,5651,5,0,10,0,,,100,60,,,0,
2026-02-07 11:59:41,0.3,6649593,0.5,832921,1,80183,2,28258,5,706,10,706,,,100,60,,,0,
2026-02-07 12:00:41,0.3,5480748,0.5,691628,1,54750,2,25432,5,1766,10,1059,,,100,60,,,0,
2026-02-07 12:01:41,0.3,5144118,0.5,632285,1,50512,2,10950,5,0,10,0,,,100,60,,,0,
2026-02-07 12:02:41,0.3,5394560,0.5,650300,1,43447,2,8477,5,0,10,0,,,100,60,,,0,
2026-02-07 12:03:41,0.3,3918403,0.5,521370,1,49099,2,23313,5,0,10,0,,,100,60,,,0,
2026-02-07 12:04:41,0.3,3967502,0.5,505828,1,49099,2,10950,5,0,10,0,,,100,60,,,0,
2026-02-07 12:05:41,0.3,9349346,0.5,1202402,1,105616,2,12009,5,0,10,0,,,100,60,,,0,
2026-02-07 12:06:41,0.3,4771105,0.5,673260,1,71352,2,19780,5,706,10,0,,,100,60,,,0,
2026-02-07 12:07:41,0.3,3901095,0.5,473684,1,37795,2,9890,5,353,10,0,,,100,60,,,0,
2026-02-07 12:08:41,0.3,4538325,0.5,558106,1,46626,2,20840,5,1412,10,0,,,100,60,,,0,
2026-02-07 12:09:41,0.3,3846344,0.5,521723,1,50512,2,8477,5,0,10,0,,,100,60,,,0,
2026-02-07 12:10:41,0.3,4619922,0.5,466266,1,44154,2,23313,5,2472,10,1059,,,100,60,,,0,
2026-02-07 12:11:41,0.3,5245849,0.5,577181,1,44154,2,13776,5,353,10,0,,,100,60,,,0,
2026-02-07 12:12:41,0.3,4354291,0.5,485340,1,30731,2,16248,5,0,10,0,,,100,60,,,0,
2026-02-07 12:13:41,0.3,32215824,0.5,5140939,1,456375,2,81596,5,0,10,0,,,100,60,,,0,
2026-02-07 12:14:41,0.3,15023666,0.5,2075591,1,169551,2,24019,5,0,10,0,,,100,60,,,0,
2026-02-07 12:15:41,0.3,6687036,0.5,935711,1,75591,2,13422,5,0,10,0,,,100,60,,,0,
2026-02-07 12:16:41,0.3,4927587,0.5,565524,1,48392,2,19427,5,0,10,0,,,100,60,,,0,
2026-02-07 12:17:41,0.3,4528435,0.5,586365,1,65347,2,27905,5,706,10,0,,,100,60,,,0,
2026-02-07 12:18:41,0.3,4143412,0.5,482161,1,42034,2,2825,5,0,10,0,,,100,60,,,0,
2026-02-07 12:19:41,0.3,4128576,0.5,608972,1,54044,2,5651,5,0,10,0,,,100,60,,,0,
2026-02-07 12:20:41,0.3,4107735,0.5,552808,1,40268,2,7064,5,0,10,0,,,100,60,,,0,
2026-02-07 12:21:41,0.3,4010596,0.5,572235,1,48746,2,22960,5,706,10,706,,,100,60,,,0,
2026-02-07 12:22:41,0.3,4280466,0.5,664782,1,65701,2,41681,5,353,10,0,,,100,60,,,0,
2026-02-07 12:23:41,0.3,4639703,0.5,591310,1,48746,2,20134,5,0,10,0,,,100,60,,,0,
2026-02-07 12:24:41,0.3,5159660,0.5,780289,1,75238,2,9890,5,0,10,0,,,100,60,,,0,
2026-02-07 12:25:41,0.3,6441186,0.5,838572,1,87601,2,15542,5,0,10,0,,,100,60,,,0,
2026-02-07 12:26:41,0.3,5854821,0.5,749558,1,63228,2,10596,5,0,10,0,,,100,60,,,0,
2026-02-07 12:27:41,0.3,4795125,0.5,625927,1,56870,2,18721,5,706,10,0,,,100,60,,,0,
2026-02-07 12:28:41,0.3,4611444,0.5,546803,1,29671,2,1766,5,0,10,0,,,100,60,,,0,
2026-02-07 12:29:41,0.3,4523843,0.5,604733,1,32850,2,4238,5,0,10,0,,,100,60,,,0,
2026-02-07 12:30:41,0.3,5756269,0.5,818438,1,73119,2,25785,5,706,10,2472,,,100,60,,,0,
2026-02-07 12:31:41,0.3,4788767,0.5,664429,1,50512,2,8477,5,0,10,0,,,100,60,,,0,
2026-02-07 12:32:41,0.3,5228188,0.5,746379,1,65701,2,17308,5,0,10,0,,,100,60,,,0,
2026-02-07 12:33:41,0.3,7377605,0.5,1226775,1,119039,2,28258,5,0,10,0,,,100,60,,,0,
2026-02-07 12:34:41,0.3,4773931,0.5,758742,1,78770,2,11656,5,0,10,0,,,100,60,,,0,
2026-02-07 12:35:41,0.3,6007771,0.5,940657,1,96432,2,57223,5,6004,10,2119,,,100,60,,,0,
2026-02-07 12:36:41,0.3,15334157,0.5,2392794,1,269516,2,138466,5,8477,10,1059,,,100,60,,,0,
2026-02-08 13:58:26,0.3,6711,0.5,0,1,0,2,353,5,1059,10,1766,,,100,60,,,0,
2026-02-08 13:59:26,0.3,4592,0.5,0,1,0,2,0,5,0,10,353,,,100,60,,,0,
2026-02-08 14:00:26,0.3,353,0.5,0,1,0,2,0,5,0,10,0,,,100,60,,,0,
2026-02-08 14:01:26,0.3,0,0.5,0,1,0,2,0,5,0,10,0,,,100,60,,,0,
2026-02-08 14:02:26,0.3,0,0.5,0,1,0,2,0,5,0,10,0,,,100,60,,,0,
2026-02-08 14:03:26,0.3,706,0.5,0,1,0,2,0,5,0,10,0,,,100,60,,,0,
2026-02-08 14:04:26,0.3,0,0.5,0,1,0,2,0,5,0,10,0,,,100,60,,,0,
2026-02-08 14:05:26,0.3,0,0.5,0,1,0,2,0,5,0,10,0,,,100,60,,,0,
2026-02-08 14:06:26,0.3,0,0.5,0,1,0,2,0,5,0,10,0,,,100,60,,,0,
2026-02-08 14:07:26,0.3,353,0.5,0,1,0,2,0,5,0,10,0,,,100,60,,,0,
2026-02-08 14:08:26,0.3,353,0.5,0,1,0,2,0,5,0,10,0,,,100,60,,,0,
2026-02-08 14:09:26,0.3,0,0.5,0,1,0,2,0,5,0,10,0,,,100,60,,,0,
2026-02-08 14:10:26,0.3,0,0.5,0,1,0,2,0,5,0,10,0,,,100,60,,,0,
2026-02-08 14:11:26,0.3,0,0.5,0,1,0,2,0,5,0,10,0,,,100,60,,,0,
2026-02-08 14:12:26,0.3,353,0.5,0,1,0,2,0,5,0,10,0,,,100,60,,,0,
2026-02-08 14:13:26,0.3,1059,0.5,0,1,0,2,0,5,0,10,0,,,100,60,,,0,
2026-02-08 14:14:26,0.3,4592,0.5,0,1,0,2,0,5,0,10,353,,,100,60,,,0,
2026-02-08 14:15:26,0.3,0,0.5,0,1,0,2,0,5,0,10,0,,,100,60,,,0,
2026-02-08 14:16:26,0.3,0,0.5,0,1,0,2,0,5,0,10,0,,,100,60,,,0,
2026-02-08 14:17:26,0.3,0,0.5,0,1,0,2,0,5,0,10,0,,,100,60,,,0,
2026-02-08 14:18:26,0.3,353,0.5,0,1,0,2,0,5,0,10,0,,,100,60,,,0,
2026-02-08 14:19:26,0.3,0,0.5,0,1,0,2,0,5,0,10,0,,,100,60,,,0,
2026-02-08 14:20:26,0.3,706,0.5,0,1,0,2,0,5,0,10,0,,,100,60,,,0,
2026-02-08 14:21:26,0.3,0,0.5,0,1,0,2,0,5,0,10,0,,,100,60,,,0,
2026-02-08 14:22:26,0.3,0,0.5,0,1,0,2,0,5,0,10,0,,,100,60,,,0,
2026-02-08 14:23:26,0.3,353,0.5,0,1,0,2,0,5,0,10,0,,,100,60,,,0,
2026-02-08 14:24:26,0.3,0,0.5,0,1,0,2,0,5,0,10,0,,,100,60,,,0,
2026-02-08 14:25:26,0.3,353,0.5,0,1,0,2,0,5,0,10,0,,,100,60,,,0,
2026-02-08 14:26:26,0.3,0,0.5,0,1,0,2,0,5,0,10,0,,,100,60,,,0,
2026-02-08 14:27:26,0.3,0,0.5,0,1,0,2,0,5,0,10,0,,,100,60,,,0,
2026-02-08 14:28:26,0.3,1059,0.5,0,1,0,2,0,5,0,10,0,,,100,60,,,0,
2026-02-08 14:29:26,0.3,0,0.5,0,1,0,2,0,5,0,10,0,,,100,60,,,0,
2026-02-08 14:30:26,0.3,353,0.5,0,1,0,2,0,5,0,10,0,,,100,60,,,0,
2026-02-08 14:31:26,0.3,0,0.5,0,1,0,2,0,5,0,10,0,,,100,60,,,0,
2026-02-08 14:32:26,0.3,706,0.5,0,1,0,2,0,5,0,10,0,,,100,60,,,0,
2026-02-08 14:33:26,0.3,0,0.5,0,1,0,2,0,5,0,10,0,,,100,60,,,0,
2026-02-08 14:34:26,0.3,0,0.5,0,1,0,2,0,5,0,10,0,,,100,60,,,0,
2026-02-08 14:35:26,0.3,353,0.5,0,1,0,2,0,5,0,10,0,,,100,60,,,0,
2026-02-08 14:36:26,0.3,0,0.5,0,1,0,2,0,5,0,10,0,,,100,60,,,0,
2026-02-08 14:37:26,0.3,353,0.5,0,1,0,2,0,5,0,10,0,,,100,60,,,0,
2026-02-08 14:38:26,0.3,6711,0.5,1766,1,0,2,0,5,0,10,0,,,100,60,,,0,
2026-02-08 14:39:26,0.3,0,0.5,0,1,0,2,0,5,0,10,0,,,100,60,,,0,
2026-02-08 14:40:26,0.3,353,0.5,0,1,0,2,0,5,0,10,0,,,100,60,,,0,
2026-02-08 14:41:26,0.3,155068,0.5,5651,1,0,2,0,5,353,10,353,,,100,60,,,0,
2026-02-08 14:42:26,0.3,353,0.5,0,1,0,2,0,5,0,10,0,,,100,60,,,0,
2026-02-08 14:43:26,0.3,0,0.5,0,1,0,2,0,5,0,10,0,,,100,60,,,0,
2026-02-08 14:44:26,0.3,353,0.5,0,1,0,2,0,5,0,10,0,,,100,60,,,0,
2026-02-08 14:45:26,0.3,0,0.5,0,1,0,2,0,5,0,10,0,,,100,60,,,0,
2026-02-08 14:46:26,0.3,353,0.5,0,1,0,2,0,5,0,10,0,,,100,60,,,0,
2026-02-08 14:47:26,0.3,0,0.5,0,1,0,2,0,5,0,10,0,,,100,60,,,0,
2026-02-08 14:48:26,0.3,0,0.5,0,1,0,2,0,5,0,10,0,,,100,60,,,0,
2026-02-08 14:49:26,0.3,353,0.5,0,1,0,2,0,5,0,10,0,,,100,60,,,0,
2026-02-08 14:50:26,0.3,706,0.5,0,1,0,2,0,5,0,10,0,,,100,60,,,0,
2026-02-08 14:51:26,0.3,0,0.5,0,1,0,2,0,5,0,10,0,,,100,60,,,0,
2026-02-08 14:52:26,0.3,353,0.5,0,1,0,2,0,5,0,10,0,,,100,60,,,0,
2026-02-08 14:53:26,0.3,0,0.5,0,1,0,2,0,5,0,10,0,,,100,60,,,0,
2026-02-08 14:54:26,0.3,0,0.5,0,1,0,2,0,5,0,10,0,,,100,60,,,0,
2026-02-08 14:55:26,0.3,0,0.5,0,1,0,2,0,5,0,10,0,,,100,60,,,0,
2026-02-08 14:56:26,0.3,353,0.5,0,1,0,2,0,5,0,10,0,,,100,60,,,0,
2026-02-08 14:57:26,0.3,0,0.5,0,1,0,2,0,5,0,10,0,,,100,60,,,0,
2026-02-08 14:58:26,0.3,706,0.5,0,1,0,2,0,5,0,10,0,,,100,60,,,0,
2026-02-08 14:59:26,0.3,706,0.5,0,1,353,2,0,5,0,10,0,,,100,60,,,0,
2026-02-08 15:00:26,0.3,353,0.5,353,1,0,2,0,5,0,10,0,,,100,60,,,0,
2026-02-08 15:01:26,0.3,353,0.5,0,1,0,2,0,5,0,10,0,,,100,60,,,0,
2026-02-08 15:02:26,0.3,0,0.5,0,1,0,2,0,5,0,10,0,,,100,60,,,0,
2026-02-08 15:03:26,0.3,0,0.5,0,1,0,2,0,5,0,10,0,,,100,60,,,0,
2026-02-08 15:04:26,0.3,1059,0.5,0,1,0,2,0,5,0,10,0,,,100,60,,,0,
2026-02-08 15:05:26,0.3,706,0.5,0,1,0,2,0,5,0,10,0,,,100,60,,,0,
2026-02-08 15:06:26,0.3,353,0.5,0,1,0,2,0,5,0,10,0,,,100,60,,,0,
2026-02-08 15:07:26,0.3,1059,0.5,353,1,0,2,0,5,0,10,0,,,100,60,,,0,
2026-02-08 15:08:26,0.3,1766,0.5,0,1,0,2,0,5,0,10,0,,,100,60,,,0,
2026-02-08 15:09:26,0.3,353,0.5,0,1,0,2,0,5,0,10,0,,,100,60,,,0,
2026-02-08 15:10:26,0.3,1059,0.5,0,1,0,2,0,5,0,10,0,,,100,60,,,0,
2026-02-08 15:11:26,0.3,706,0.5,0,1,0,2,0,5,0,10,0,,,100,60,,,0,
2026-02-08 15:12:26,0.3,706,0.5,0,1,0,2,0,5,0,10,0,,,100,60,,,0,
2026-02-08 15:13:26,0.3,706,0.5,0,1,0,2,0,5,0,10,0,,,100,60,,,0,
2026-02-08 15:14:26,0.3,706,0.5,0,1,0,2,0,5,0,10,0,,,100,60,,,0,
2026-02-08 15:15:26,0.3,1412,0.5,0,1,0,2,0,5,0,10,0,,,100,60,,,0,
2026-02-08 15:16:26,0.3,706,0.5,0,1,0,2,0,5,0,10,0,,,100,60,,,0,
2026-02-08 15:17:26,0.3,353,0.5,0,1,0,2,0,5,0,10,0,,,100,60,,,0,
2026-02-08 15:18:26,0.3,1412,0.5,0,1,0,2,0,5,0,10,0,,,100,60,,,0,
2026-02-08 15:19:26,0.3,1059,0.5,0,1,0,2,0,5,0,10,0,,,100,60,,,0,
2026-02-08 15:20:26,0.3,0,0.5,0,1,0,2,0,5,0,10,0,,,100,60,,,0,
2026-02-08 15:21:26,0.3,706,0.5,0,1,0,2,0,5,0,10,0,,,100,60,,,0,
2026-02-08 15:22:26,0.3,2472,0.5,0,1,0,2,0,5,0,10,0,,,100,60,,,0,
2026-02-08 15:23:26,0.3,353,0.5,0,1,0,2,0,5,0,10,0,,,100,60,,,0,
2026-02-08 15:24:26,0.3,353,0.5,353,1,0,2,0,5,0,10,0,,,100,60,,,0,
2026-02-08 15:25:26,0.3,706,0.5,0,1,0,2,0,5,0,10,0,,,100,60,,,0,
2026-02-08 15:26:26,0.3,1059,0.5,0,1,0,2,0,5,0,10,0,,,100,60,,,0,
2026-02-08 15:27:26,0.3,2472,0.5,0,1,0,2,0,5,0,10,0,,,100,60,,,0,
2026-02-08 15:28:26,0.3,1059,0.5,0,1,0,2,0,5,0,10,0,,,100,60,,,0,
2026-02-08 15:29:26,0.3,1059,0.5,0,1,0,2,0,5,0,10,0,,,100,60,,,0,
2026-02-08 15:30:26,0.3,0,0.5,0,1,0,2,0,5,0,10,0,,,100,60,,,0,
2026-02-08 15:31:26,0.3,2119,0.5,0,1,0,2,0,5,0,10,0,,,100,60,,,0,
2026-02-08 15:32:26,0.3,1059,0.5,0,1,0,2,0,5,0,10,0,,,100,60,,,0,
2026-02-08 15:33:26,0.3,1412,0.5,0,1,0,2,0,5,0,10,0,,,100,60,,,0,
2026-02-08 15:34:26,0.3,0,0.5,0,1,0,2,0,5,0,10,0,,,100,60,,,0,
2026-02-08 15:35:26,0.3,1059,0.5,353,1,0,2,0,5,0,10,0,,,100,60,,,0,
2026-02-08 15:36:26,0.3,2119,0.5,0,1,0,2,0,5,0,10,0,,,100,60,,,0,
2026-02-08 15:37:26,0.3,706,0.5,0,1,0,2,0,5,0,10,0,,,100,60,,,0,
2026-02-08 15:38:26,0.3,1412,0.5,0,1,0,2,0,5,0,10,0,,,100,60,,,0,
2026-02-08 15:39:26,0.3,1412,0.5,353,1,0,2,0,5,0,10,0,,,100,60,,,0,
2026-02-08 15:40:26,0.3,2119,0.5,0,1,0,2,0,5,0,10,0,,,100,60,,,0,
2026-02-08 15:41:26,0.3,0,0.5,0,1,0,2,0,5,0,10,0,,,100,60,,,0,
2026-02-08 15:42:26,0.3,1059,0.5,0,1,0,2,0,5,0,10,0,,,100,60,,,0,
2026-02-08 15:43:26,0.3,353,0.5,0,1,0,2,0,5,0,10,0,,,100,60,,,0,
2026-02-08 15:44:26,0.3,0,0.5,0,1,0,2,0,5,0,10,0,,,100,60,,,0,
2026-02-08 15:45:26,0.3,353,0.5,0,1,0,2,0,5,0,10,0,,,100,60,,,0,
2026-02-08 15:46:26,0.3,1059,0.5,0,1,0,2,0,5,0,10,0,,,100,60,,,0,
2026-02-08 15:47:26,0.3,1766,0.5,0,1,0,2,0,5,0,10,0,,,100,60,,,0,
2026-02-08 15:48:26,0.3,2119,0.5,0,1,0,2,0,5,0,10,0,,,100,60,,,0,
2026-02-08 15:49:26,0.3,353,0.5,353,1,0,2,0,5,0,10,0,,,100,60,,,0,
2026-02-08 15:50:26,0.3,1059,0.5,0,1,0,2,0,5,0,10,0,,,100,60,,,0,
2026-02-08 15:51:26,0.3,1766,0.5,0,1,0,2,0,5,0,10,0,,,100,60,,,0,
2026-02-08 15:52:26,0.3,1412,0.5,0,1,0,2,0,5,0,10,0,,,100,60,,,0,
2026-02-08 15:53:26,0.3,1059,0.5,0,1,0,2,0,5,0,10,0,,,100,60,,,0,
2026-02-08 15:54:26,0.3,1766,0.5,0,1,0,2,0,5,0,10,0,,,100,60,,,0,
2026-02-08 15:55:26,0.3,2119,0.5,353,1,0,2,0,5,0,10,0,,,100,60,,,0,
2026-02-08 15:56:26,0.3,0,0.5,353,1,0,2,0,5,0,10,0,,,100,60,,,0,
2026-02-08 15:57:26,0.3,706,0.5,353,1,0,2,0,5,0,10,0,,,100,60,,,0,
2026-02-08 15:58:26,0.3,706,0.5,353,1,0,2,0,5,0,10,0,,,100,60,,,0,
2026-02-08 15:59:26,0.3,353,0.5,0,1,0,2,0,5,0,10,0,,,100,60,,,0,
2026-02-08 16:00:26,0.3,706,0.5,0,1,0,2,0,5,0,10,0,,,100,60,,,0,
2026-02-08 16:01:26,0.3,1059,0.5,0,1,0,2,0,5,0,10,0,,,100,60,,,0,
2026-02-08 16:02:26,0.3,353,0.5,0,1,0,2,0,5,0,10,0,,,100,60,,,0,
2026-02-08 16:03:26,0.3,1059,0.5,0,1,0,2,0,5,0,10,0,,,100,60,,,0,
2026-02-08 16:04:26,0.3,2825,0.5,353,1,0,2,0,5,0,10,0,,,100,60,,,0,
2026-02-08 16:05:26,0.3,2119,0.5,0,1,0,2,0,5,0,10,0,,,100,60,,,0,
2026-02-08 16:06:26,0.3,49452,0.5,353,1,0,2,0,5,0,10,0,,,100,60,,,0,
2026-02-08 16:07:26,0.3,1059,0.5,353,1,0,2,0,5,0,10,0,,,100,60,,,0,
2026-02-08 16:08:26,0.3,1412,0.5,0,1,353,2,0,5,0,10,0,,,100,60,,,0,
2026-02-08 16:09:26,0.3,1059,0.5,353,1,0,2,0,5,0,10,0,,,100,60,,,0,
2026-02-08 16:10:26,0.3,1766,0.5,0,1,0,2,0,5,0,10,0,,,100,60,,,0,
2026-02-08 16:11:26,0.3,1059,0.5,0,1,0,2,0,5,0,10,0,,,100,60,,,0,
2026-02-08 16:12:26,0.3,1412,0.5,0,1,0,2,0,5,0,10,0,,,100,60,,,0,
2026-02-08 16:13:26,0.3,706,0.5,0,1,0,2,0,5,0,10,0,,,100,60,,,0,
2026-02-08 16:14:26,0.3,1059,0.5,0,1,0,2,0,5,0,10,0,,,100,60,,,0,
2026-02-08 16:15:26,0.3,1059,0.5,0,1,0,2,0,5,0,10,0,,,100,60,,,0,
2026-02-08 16:16:26,0.3,1059,0.5,0,1,0,2,0,5,0,10,0,,,100,60,,,0,
2026-02-08 16:17:26,0.3,706,0.5,0,1,0,2,0,5,0,10,0,,,100,60,,,0,
2026-02-08 16:18:26,0.3,0,0.5,0,1,0,2,0,5,0,10,0,,,100,60,,,0,
2026-02-08 16:19:26,0.3,353,0.5,0,1,0,2,0,5,0,10,0,,,100,60,,,0,
2026-02-08 16:20:26,0.3,353,0.5,0,1,0,2,0,5,0,10,0,,,100,60,,,0,
2026-02-08 16:21:26,0.3,1059,0.5,0,1,0,2,0,5,0,10,0,,,100,60,,,0,
2026-02-08 16:22:26,0.3,353,0.5,0,1,0,2,0,5,0,10,0,,,100,60,,,0,
2026-02-08 16:23:26,0.3,0,0.5,0,1,0,2,0,5,0,10,0,,,100,60,,,0,
2026-02-08 16:24:26,0.3,353,0.5,0,1,0,2,0,5,0,10,0,,,100,60,,,0,
2026-02-08 16:25:26,0.3,0,0.5,0,1,0,2,0,5,0,10,0,,,100,60,,,0,
2026-02-08 16:26:26,0.3,0,0.5,0,1,0,2,0,5,0,10,0,,,100,60,,,0,
2026-02-08 16:27:26,0.3,353,0.5,0,1,0,2,0,5,0,10,0,,,100,60,,,0,
2026-02-08 16:28:26,0.3,353,0.5,0,1,0,2,0,5,0,10,0,,,100,60,,,0,
2026-02-08 16:29:26,0.3,706,0.5,0,1,0,2,0,5,0,10,0,,,100,60,,,0,
2026-02-08 16:30:26,0.3,0,0.5,0,1,0,2,0,5,0,10,0,,,100,60,,,0,
2026-02-08 16:31:26,0.3,0,0.5,0,1,0,2,0,5,0,10,0,,,100,60,,,0,
2026-02-08 16:32:26,0.3,353,0.5,0,1,0,2,0,5,0,10,0,,,100,60,,,0,
2026-02-08 16:33:26,0.3,0,0.5,0,1,0,2,0,5,0,10,0,,,100,60,,,0,
2026-02-08 16:34:26,0.3,1059,0.5,353,1,0,2,0,5,0,10,0,,,100,60,,,0,
2026-02-08 16:35:26,0.3,282232,0.5,18014,1,1059,2,4592,5,2119,10,2119,,,100,60,,,0,
2026-02-08 16:36:26,0.3,6004,0.5,2119,1,706,2,0,5,0,10,0,,,100,60,,,0,
2026-02-08 16:37:26,0.3,10596,0.5,2472,1,0,2,0,5,0,10,353,,,100,60,,,0,
2026-02-08 16:38:26,0.3,3885,0.5,0,1,0,2,0,5,0,10,0,,,100,60,,,0,
2026-02-08 16:39:26,0.3,1766,0.5,353,1,353,2,0,5,0,10,353,,,100,60,,,0,
2026-02-08 16:40:26,0.3,353,0.5,0,1,0,2,0,5,0,10,0,,,100,60,,,0,
2026-02-08 16:41:26,0.3,353,0.5,0,1,0,2,0,5,0,10,0,,,100,60,,,0,
2026-02-08 16:42:26,0.3,0,0.5,0,1,0,2,0,5,0,10,0,,,100,60,,,0,
2026-02-08 16:43:26,0.3,1059,0.5,0,1,0,2,0,5,0,10,0,,,100,60,,,0,
2026-02-08 16:44:26,0.3,0,0.5,0,1,0,2,0,5,0,10,0,,,100,60,,,0,
2026-02-08 16:45:26,0.3,706,0.5,0,1,0,2,0,5,0,10,0,,,100,60,,,0,
2026-02-08 16:46:26,0.3,5298,0.5,706,1,0,2,0,5,0,10,0,,,100,60,,,0,
2026-02-08 16:47:26,0.3,2119,0.5,353,1,0,2,0,5,0,10,0,,,100,60,,,0,
2026-02-08 16:48:26,0.3,4945,0.5,706,1,1059,2,0,5,0,10,0,,,100,60,,,0,
2026-02-08 16:49:26,0.3,706,0.5,353,1,0,2,0,5,0,10,0,,,100,60,,,0,
2026-02-08 16:50:26,0.3,353,0.5,0,1,0,2,0,5,0,10,0,,,100,60,,,0,
2026-02-08 16:51:26,0.3,1059,0.5,353,1,0,2,353,5,0,10,0,,,100,60,,,0,
2026-02-08 16:52:26,0.3,0,0.5,706,1,0,2,0,5,0,10,0,,,100,60,,,0,
2026-02-08 16:53:26,0.3,5298,0.5,0,1,0,2,0,5,0,10,0,,,100,60,,,0,
2026-02-08 16:54:26,0.3,353,0.5,0,1,0,2,0,5,0,10,0,,,100,60,,,0,
2026-02-08 16:55:26,0.3,0,0.5,0,1,0,2,0,5,0,10,0,,,100,60,,,0,
2026-02-08 16:56:26,0.3,0,0.5,0,1,0,2,0,5,0,10,0,,,100,60,,,0,
2026-02-08 16:57:26,0.3,706,0.5,353,1,0,2,0,5,0,10,0,,,100,60,,,0,
2026-02-08 16:58:26,0.3,353,0.5,0,1,0,2,0,5,0,10,0,,,100,60,,,0,
2026-02-08 16:59:26,0.3,353,0.5,0,1,0,2,0,5,0,10,0,,,100,60,,,0,
2026-02-08 17:00:26,0.3,353,0.5,0,1,0,2,0,5,0,10,0,,,100,60,,,0,
2026-02-08 17:01:26,0.3,0,0.5,0,1,0,2,0,5,0,10,0,,,100,60,,,0,
2026-02-08 17:02:26,0.3,0,0.5,0,1,0,2,0,5,0,10,0,,,100,60,,,0,
2026-02-08 17:03:26,0.3,0,0.5,0,1,0,2,0,5,0,10,0,,,100,60,,,0,
2026-02-08 17:04:26,0.3,353,0.5,0,1,0,2,0,5,0,10,0,,,100,60,,,0,
2026-02-08 17:05:26,0.3,0,0.5,0,1,0,2,0,5,0,10,0,,,100,60,,,0,
2026-02-08 17:06:26,0.3,353,0.5,0,1,0,2,0,5,0,10,0,,,100,60,,,0,
2026-02-08 17:07:26,0.3,0,0.5,0,1,0,2,0,5,0,10,0,,,100,60,,,0,
2026-02-08 17:08:26,0.3,0,0.5,0,1,0,2,0,5,0,10,0,,,100,60,,,0,
2026-02-08 17:09:26,0.3,353,0.5,0,1,0,2,0,5,0,10,0,,,100,60,,,0,
2026-02-08 17:10:26,0.3,0,0.5,0,1,0,2,0,5,0,10,0,,,100,60,,,0,
2026-02-08 17:11:26,0.3,353,0.5,0,1,0,2,0,5,0,10,0,,,100,60,,,0,
2026-02-08 17:12:26,0.3,353,0.5,0,1,0,2,0,5,0,10,0,,,100,60,,,0,
2026-02-08 17:13:26,0.3,0,0.5,0,1,0,2,0,5,0,10,0,,,100,60,,,0,
2026-02-08 17:14:26,0.3,353,0.5,0,1,0,2,0,5,0,10,0,,,100,60,,,0,
2026-02-08 17:15:26,0.3,0,0.5,0,1,0,2,0,5,0,10,0,,,100,60,,,0,
2026-02-08 17:16:26,0.3,353,0.5,0,1,0,2,0,5,0,10,0,,,100,60,,,0,
2026-02-08 17:17:26,0.3,353,0.5,0,1,0,2,0,5,0,10,0,,,100,60,,,0,
2026-02-08 17:18:26,0.3,353,0.5,0,1,0,2,0,5,0,10,0,,,100,60,,,0,
2026-02-08 17:19:26,0.3,353,0.5,0,1,0,2,0,5,0,10,0,,,100,60,,,0,
2026-02-08 17:20:26,0.3,0,0.5,0,1,0,2,0,5,0,10,0,,,100,60,,,0,
2026-02-08 17:21:26,0.3,353,0.5,0,1,0,2,0,5,0,10,0,,,100,60,,,0,
2026-02-08 17:22:26,0.3,0,0.5,0,1,0,2,0,5,0,10,0,,,100,60,,,0,
2026-02-08 17:23:26,0.3,0,0.5,0,1,0,2,0,5,0,10,0,,,100,60,,,0,
2026-02-08 17:24:26,0.3,353,0.5,0,1,0,2,0,5,0,10,0,,,100,60,,,0,
2026-02-08 17:25:26,0.3,353,0.5,0,1,0,2,0,5,0,10,0,,,100,60,,,0,
2026-02-08 17:26:26,0.3,0,0.5,0,1,0,2,0,5,0,10,0,,,100,60,,,0,
2026-02-08 17:27:26,0.3,0,0.5,0,1,0,2,0,5,0,10,0,,,100,60,,,0,
2026-02-08 17:28:26,0.3,353,0.5,0,1,0,2,0,5,0,10,0,,,100,60,,,0,
2026-02-08 17:29:26,0.3,353,0.5,0,1,0,2,0,5,0,10,0,,,100,60,,,0,
2026-02-08 17:30:26,0.3,353,0.5,0,1,0,2,0,5,0,10,0,,,100,60,,,0,
2026-02-08 17:31:26,0.3,0,0.5,0,1,0,2,0,5,0,10,0,,,100,60,,,0,
2026-02-08 17:32:26,0.3,0,0.5,0,1,0,2,0,5,0,10,0,,,100,60,,,0,
2026-02-08 17:33:26,0.3,0,0.5,0,1,0,2,0,5,0,10,0,,,100,60,,,0,
2026-02-08 17:34:26,0.3,0,0.5,0,1,0,2,0,5,0,10,0,,,100,60,,,0,
2026-02-08 17:35:26,0.3,0,0.5,0,1,0,2,0,5,0,10,0,,,100,60,,,0,
2026-02-08 17:36:26,0.3,353,0.5,0,1,0,2,0,5,0,10,0,,,100,60,,,0,
2026-02-08 17:37:26,0.3,0,0.5,0,1,0,2,0,5,0,10,0,,,100,60,,,0,
2026-02-08 17:38:26,0.3,0,0.5,0,1,0,2,0,5,0,10,0,,,100,60,,,0,
2026-02-08 17:39:26,0.3,353,0.5,0,1,0,2,0,5,0,10,0,,,100,60,,,0,
2026-02-08 17:40:26,0.3,0,0.5,0,1,0,2,0,5,0,10,0,,,100,60,,,0,
2026-02-08 17:41:26,0.3,353,0.5,0,1,0,2,0,5,0,10,0,,,100,60,,,0,
2026-02-08 17:42:26,0.3,0,0.5,0,1,0,2,0,5,0,10,0,,,100,60,,,0,
2026-02-08 17:43:26,0.3,0,0.5,0,1,0,2,0,5,0,10,0,,,100,60,,,0,
2026-02-08 17:44:26,0.3,706,0.5,0,1,0,2,0,5,0,10,0,,,100,60,,,0,
2026-02-08 17:45:26,0.3,0,0.5,0,1,0,2,0,5,0,10,0,,,100,60,,,0,
2026-02-08 17:46:26,0.3,0,0.5,0,1,0,2,0,5,0,10,0,,,100,60,,,0,
2026-02-08 17:47:26,0.3,706,0.5,0,1,0,2,0,5,0,10,0,,,100,60,,,0,
2026-02-08 17:48:26,0.3,0,0.5,0,1,0,2,0,5,0,10,0,,,100,60,,,0,
2026-02-08 17:49:26,0.3,0,0.5,0,1,0,2,0,5,0,10,0,,,100,60,,,0,
2026-02-08 17:50:26,0.3,0,0.5,0,1,0,2,0,5,0,10,0,,,100,60,,,0,
2026-02-08 17:51:26,0.3,0,0.5,0,1,0,2,0,5,0,10,0,,,100,60,,,0,
2026-02-08 17:52:26,0.3,0,0.5,0,1,0,2,0,5,0,10,0,,,100,60,,,0,
2026-02-08 17:53:26,0.3,0,0.5,0,1,0,2,0,5,0,10,0,,,100,60,,,0,
2026-02-08 17:54:26,0.3,0,0.5,0,1,0,2,0,5,0,10,0,,,100,60,,,0,
2026-02-08 17:55:26,0.3,0,0.5,0,1,0,2,0,5,0,10,0,,,100,60,,,0,
2026-02-08 17:56:26,0.3,0,0.5,0,1,0,2,0,5,0,10,0,,,100,60,,,0,
2026-02-08 17:57:26,0.3,706,0.5,0,1,0,2,0,5,0,10,0,,,100,60,,,0,
2026-02-08 17:58:26,0.3,0,0.5,0,1,0,2,0,5,0,10,0,,,100,60,,,0,
2026-02-08 17:59:26,0.3,0,0.5,0,1,0,2,0,5,0,10,0,,,100,60,,,0,
2026-02-08 18:00:26,0.3,353,0.5,0,1,0,2,0,5,0,10,0,,,100,60,,,0,
2026-02-08 18:01:26,0.3,353,0.5,0,1,0,2,0,5,0,10,0,,,100,60,,,0,
2026-02-08 18:02:26,0.3,353,0.5,0,1,0,2,0,5,0,10,0,,,100,60,,,0,
2026-02-08 18:03:26,0.3,0,0.5,0,1,0,2,0,5,0,10,0,,,100,60,,,0,
2026-02-08 18:04:26,0.3,0,0.5,0,1,0,2,0,5,0,10,0,,,100,60,,,0,
2026-02-08 18:05:26,0.3,353,0.5,0,1,0,2,0,5,0,10,0,,,100,60,,,0,
2026-02-08 18:06:26,0.3,0,0.5,0,1,0,2,0,5,0,10,0,,,100,60,,,16,
2026-02-08 18:07:26,0.3,0,0.5,0,1,0,2,0,5,0,10,0,,,100,60,,,16,
2026-02-08 18:08:26,0.3,0,0.5,0,1,0,2,0,5,0,10,0,,,100,60,,,16,
2026-02-08 18:09:26,0.3,353,0.5,0,1,0,2,0,5,0,10,0,,,100,60,,,16,
2026-02-08 18:10:26,0.3,353,0.5,0,1,0,2,0,5,0,10,0,,,100,60,,,16,
2026-02-08 18:11:26,0.3,0,0.5,0,1,0,2,0,5,0,10,0,,,100,60,,,16,
2026-02-08 18:12:26,0.3,0,0.5,0,1,0,2,0,5,0,10,0,,,100,60,,,16,
2026-02-08 18:13:26,0.3,0,0.5,0,1,0,2,0,5,0,10,0,,,100,60,,,16,
2026-02-08 18:14:26,0.3,0,0.5,0,1,0,2,0,5,0,10,0,,,100,60,,,16,
2026-02-08 18:15:26,0.3,353,0.5,0,1,0,2,0,5,0,10,0,,,100,60,,,16,
2026-02-08 18:16:26,0.3,0,0.5,0,1,0,2,0,5,0,10,0,,,100,60,,,16,
2026-02-08 18:17:26,0.3,0,0.5,0,1,0,2,0,5,0,10,0,,,100,60,,,16,
2026-02-08 18:18:26,0.3,353,0.5,0,1,0,2,0,5,0,10,0,,,100,60,,,16,
2026-02-08 18:19:26,0.3,353,0.5,0,1,0,2,0,5,0,10,0,,,100,60,,,16,
2026-02-08 18:20:26,0.3,0,0.5,0,1,0,2,0,5,0,10,0,,,100,60,,,16,
2026-02-08 18:21:26,0.3,0,0.5,0,1,0,2,0,5,0,10,0,,,100,60,,,16,
2026-02-08 18:22:26,0.3,0,0.5,0,1,0,2,0,5,0,10,0,,,100,60,,,16,
2026-02-08 18:23:26,0.3,0,0.5,0,1,0,2,0,5,0,10,0,,,100,60,,,16,
2026-02-08 18:24:26,0.3,353,0.5,0,1,0,2,0,5,0,10,0,,,100,60,,,16,
2026-02-08 18:25:26,0.3,353,0.5,0,1,0,2,0,5,0,10,0,,,100,60,,,16,
2026-02-08 18:26:26,0.3,353,0.5,0,1,0,2,0,5,0,10,0,,,100,60,,,16,
2026-02-08 18:27:26,0.3,0,0.5,0,1,0,2,0,5,0,10,0,,,100,60,,,16,
2026-02-08 18:28:26,0.3,0,0.5,0,1,0,2,0,5,0,10,0,,,100,60,,,16,
2026-02-08 18:29:26,0.3,0,0.5,0,1,0,2,0,5,0,10,0,,,100,60,,,16,
2026-06-16 17:12:58,0.3,0,0.5,0,1,0,2,0,5,0,10,0,,,100,60,,,0,
2026-06-19 14:56:59,0.3,7297068,0.5,602967,1,219003,2,341575,5,77004,10,50865,,,100,60,,,0,
2026-06-19 14:57:59,0.3,7222889,0.5,641116,1,222536,2,302366,5,46979,10,22960,,,100,60,,,0,
2026-06-19 14:58:59,0.3,7283292,0.5,616036,1,221476,2,311197,5,52631,10,34263,,,100,60,,,0,
2026-06-19 14:59:59,0.3,7214058,0.5,537265,1,147297,2,156835,5,11656,10,1766,,,100,60,,,0,
2026-06-19 15:00:59,0.3,7178382,0.5,541151,1,157541,2,149417,5,19427,10,3179,,,100,60,,,0,
2026-06-19 15:01:59,0.3,7295655,0.5,652419,1,251148,2,387848,5,129636,10,112327,,,100,60,,,0,
2026-06-19 15:02:59,0.3,7084422,0.5,570469,1,192158,2,267043,5,43447,10,27905,,,100,60,,,0,
2026-06-19 15:03:59,0.3,7083362,0.5,644648,1,220770,2,329212,5,59342,10,40268,,,100,60,,,0,
2026-06-19 15:04:59,0.3,6997880,0.5,516072,1,145884,2,171670,5,14835,10,9890,,,100,60,,,0,
2026-06-19 15:05:59,0.3,6977039,0.5,554221,1,150830,2,164606,5,17661,10,4592,,,100,60,,,0,
2026-06-19 15:06:59,0.3,7053338,0.5,539738,1,148004,2,162133,5,20134,10,7771,,,100,60,,,0,
2026-06-19 15:07:59,0.3,7072765,0.5,581420,1,179441,2,241610,5,30377,10,18721,,,100,60,,,0,
2026-06-19 15:08:59,0.3,7099611,0.5,587778,1,183680,2,248322,5,28258,10,25432,,,100,60,,,0,
2026-06-19 15:09:59,0.3,7347933,0.5,932885,1,371246,2,439773,5,55810,10,14835,,,100,60,,,0,
2026-06-19 15:10:59,0.3,7759802,0.5,1501236,1,676439,2,820558,5,87601,10,22960,,,100,60,,,0,
2026-06-19 15:11:59,0.3,7209466,0.5,548922,1,143765,2,161073,5,14835,10,6004,,,100,60,,,0,
2026-06-19 15:12:59,0.3,7107029,0.5,536559,1,151183,2,146238,5,11656,10,2119,,,100,60,,,0,
2026-06-19 15:13:59,0.3,7028258,0.5,560579,1,184387,2,234899,5,43447,10,22253,,,100,60,,,0,
2026-06-19 15:14:59,0.3,6994348,0.5,546803,1,153302,2,169198,5,20487,10,7771,,,100,60,,,0,
2026-06-19 15:15:59,0.3,6924408,0.5,563758,1,145178,2,140233,5,15542,10,4945,,,100,60,,,0,
2026-06-19 15:16:59,0.3,7010243,0.5,567643,1,157894,2,152596,5,13069,10,4238,,,100,60,,,0,
2026-06-19 15:17:59,0.3,7144118,0.5,528435,1,144471,2,150830,5,15188,10,4238,,,100,60,,,0,
2026-06-19 15:18:59,0.3,6963970,0.5,565524,1,146944,2,175203,5,21900,10,12716,,,100,60,,,0,
2026-06-19 15:19:59,0.3,6815612,0.5,567643,1,164606,2,164252,5,20487,10,7064,,,100,60,,,0,
2026-06-19 15:20:59,0.3,7015542,0.5,578594,1,161780,2,182974,5,15188,10,9537,,,100,60,,,0,
2026-06-19 15:21:59,0.3,7145884,0.5,577534,1,209466,2,228187,5,34263,10,14129,,,100,60,,,0,
2026-06-19 15:22:59,0.3,7144471,0.5,597668,1,172024,2,178028,5,15542,10,6711,,,100,60,,,0,
2026-06-19 15:23:59,0.3,7240197,0.5,578240,1,168491,2,183327,5,16248,10,7417,,,100,60,,,0,
2026-06-19 15:24:59,0.3,7089367,0.5,602967,1,168844,2,196750,5,25432,10,6004,,,100,60,,,0,
2026-06-19 15:25:59,0.3,7023666,0.5,546803,1,154009,2,159660,5,19427,10,5298,,,100,60,,,0,
2026-06-19 15:26:59,0.3,7180501,0.5,605793,1,189685,2,286117,5,39915,10,12009,,,100,60,,,0,
2026-06-19 15:27:59,0.3,6953020,0.5,610031,1,167432,2,238431,5,34969,10,10596,,,100,60,,,0,
2026-06-19 15:28:59,0.3,6961144,0.5,559519,1,149063,2,176616,5,27198,10,6711,,,100,60,,,0,
2026-06-19 15:29:59,0.3,6894736,0.5,609325,1,137407,2,154009,5,21193,10,5298,,,100,60,,,0,
2026-06-19 15:30:59,0.3,6871070,0.5,567643,1,157894,2,176969,5,23666,10,8477,,,100,60,,,0,
2026-06-19 15:31:59,0.3,7049805,0.5,564111,1,148004,2,168844,5,18721,10,3885,,,100,60,,,0,
2026-06-19 15:32:59,0.3,6945249,0.5,567997,1,148710,2,151536,5,18721,10,4238,,,100,60,,,0,
2026-06-19 15:33:59,0.3,6893677,0.5,572942,1,137407,2,128929,5,10243,10,3179,,,100,60,,,0,
2026-06-19 15:34:59,0.3,6868244,0.5,520310,1,128576,2,131402,5,12716,10,2472,,,100,60,,,0,
2026-06-19 15:35:59,0.3,6737901,0.5,524902,1,134581,2,133168,5,17308,10,2825,,,100,60,,,0,
2026-06-19 15:36:59,0.3,7512539,0.5,612151,1,188625,2,300953,5,42034,10,10243,,,100,60,,,0,
2026-06-19 15:37:59,0.3,6985517,0.5,557400,1,134581,2,131049,5,12716,10,2472,,,100,60,,,0,
2026-06-19 15:38:59,0.3,6902861,0.5,565171,1,137054,2,126457,5,12716,10,2825,,,100,60,,,0,
2026-06-19 15:39:59,0.3,6820558,0.5,554221,1,137760,2,157894,5,16248,10,6004,,,100,60,,,0,
2026-06-19 15:40:59,0.3,6788414,0.5,547156,1,151536,2,160720,5,21900,10,5651,,,100,60,,,0,
2026-06-19 15:41:59,0.3,6808901,0.5,547156,1,144118,2,198163,5,21900,10,5651,,,100,60,,,0,
2026-06-19 15:42:59,0.3,6666195,0.5,547862,1,137760,2,147651,5,14482,10,3885,,,100,60,,,0,
2026-06-19 15:43:59,0.3,6822324,0.5,537972,1,148357,2,146944,5,19780,10,2825,,,100,60,,,0,
2026-06-19 15:44:59,0.3,6734722,0.5,530907,1,127870,2,121158,5,14482,10,2119,,,100,60,,,0,
2026-06-19 15:45:59,0.3,6849169,0.5,506181,1,121865,2,124690,5,8124,10,2825,,,100,60,,,0,
2026-06-19 15:46:59,0.3,6838219,0.5,516778,1,124690,2,111974,5,9537,10,1059,,,100,60,,,0,
2026-06-19 15:47:59,0.3,6685270,0.5,521723,1,105616,2,101377,5,7771,10,353,,,100,60,,,0,
2026-06-19 15:48:59,0.3,6883433,0.5,507241,1,117626,2,102790,5,10243,10,2825,,,100,60,,,0,
2026-06-19 15:49:59,0.3,6737901,0.5,486753,1,116213,2,99964,5,10596,10,2825,,,100,60,,,0,
2026-06-19 15:50:59,0.3,6709643,0.5,600847,1,215471,2,416460,5,81596,10,25785,,,100,60,,,0,
2026-06-19 15:51:59,0.3,6749558,0.5,512539,1,117626,2,119745,5,8124,10,706,,,100,60,,,0,
2026-06-19 15:52:59,0.3,6758389,0.5,494878,1,102084,2,108795,5,8477,10,706,,,100,60,,,0,
2026-06-19 15:53:59,0.3,6806428,0.5,503002,1,122218,2,131402,5,10950,10,1766,,,100,60,,,0,
2026-06-19 15:54:59,0.3,6707170,0.5,537972,1,116566,2,107382,5,13776,10,1412,,,100,60,,,0,
2026-06-19 15:55:59,0.3,6756269,0.5,509007,1,122924,2,133168,5,11303,10,5651,,,100,60,,,0,
2026-06-19 15:56:59,0.3,6771105,0.5,497350,1,113387,2,112327,5,11303,10,3179,,,100,60,,,0,
2026-06-19 15:57:59,0.3,6796185,0.5,538325,1,122924,2,125750,5,9890,10,3179,,,100,60,,,0,
2026-06-19 15:58:59,0.3,6828329,0.5,569763,1,153302,2,145884,5,15895,10,3885,,,100,60,,,0,
2026-06-19 15:59:59,0.3,6855174,0.5,636524,1,209113,2,274814,5,47686,10,23666,,,100,60,,,0,
2026-06-19 16:00:59,0.3,6786294,0.5,561639,1,134581,2,135994,5,15188,10,10950,,,100,60,,,0,
2026-06-19 16:01:59,0.3,6687036,0.5,499116,1,129282,2,108089,5,9890,10,8830,,,100,60,,,0,
2026-06-19 16:02:59,0.3,6728364,0.5,528435,1,138113,2,99964,5,7771,10,706,,,100,60,,,0,
2026-06-19 16:03:59,0.3,5885199,0.5,437301,1,88308,2,75591,5,3532,10,353,,,100,60,,,0,
2026-06-19 16:04:59,0.3,5303426,0.5,340162,1,63228,2,44154,5,1412,10,0,,,100,60,,,0,
2026-06-19 16:05:59,0.3,4947721,0.5,316142,1,60755,2,38149,5,3885,10,706,,,100,60,,,0,
2026-06-19 16:06:59,0.3,2939950,0.5,257152,1,40621,2,26845,5,706,10,0,,,100,60,,,0,
2026-06-19 16:07:59,0.3,796538,0.5,131755,1,28965,2,6004,5,0,10,0,,,100,60,,,0,
2026-06-19 16:08:59,0.3,553514,0.5,119039,1,22960,2,6358,5,353,10,0,,,100,60,,,0,
2026-06-19 16:09:59,0.3,447191,0.5,109148,1,22606,2,4945,5,0,10,0,,,100,60,,,0,
2026-06-19 16:10:59,0.3,505828,0.5,102084,1,18368,2,6711,5,0,10,0,,,100,60,,,0,
2026-06-19 16:11:59,0.3,524549,0.5,120452,1,28611,2,8124,5,0,10,0,,,100,60,,,0,
2026-06-19 16:12:59,0.3,6715294,0.5,317908,1,43800,2,12363,5,0,10,0,,,100,60,,,0,
2026-06-19 16:13:59,0.3,7415047,0.5,329565,1,47686,2,18368,5,706,10,0,,,100,60,,,0,
2026-06-19 16:14:59,0.3,4226775,0.5,234546,1,40268,2,12716,5,353,10,0,,,100,60,,,0,
2026-06-19 16:15:59,0.3,1636170,0.5,168491,1,30024,2,13776,5,353,10,0,,,100,60,,,0,
2026-06-19 16:16:59,0.3,1287884,0.5,167078,1,30024,2,6004,5,0,10,0,,,100,60,,,0,
2026-06-19 16:17:59,0.3,623101,0.5,115506,1,22960,2,7417,5,0,10,0,,,100,60,,,0,
2026-06-19 16:18:59,0.3,760508,0.5,109501,1,21193,2,8124,5,0,10,0,,,100,60,,,0,
2026-06-19 16:19:59,0.3,913104,0.5,103496,1,21193,2,5651,5,0,10,0,,,100,60,,,0,
2026-06-19 16:20:59,0.3,447191,0.5,67820,1,7771,2,2825,5,0,10,0,,,100,60,,,0,
2026-06-19 16:21:59,0.3,356057,0.5,73472,1,14835,2,2472,5,353,10,0,,,100,60,,,0,
2026-06-19 16:22:59,0.3,627340,0.5,82303,1,12716,2,3179,5,0,10,0,,,100,60,,,0,
2026-06-19 16:23:59,0.3,486400,0.5,74531,1,14835,2,2825,5,0,10,0,,,100,60,,,0,
2026-06-19 16:24:59,0.3,444365,0.5,90780,1,14129,2,1412,5,0,10,0,,,100,60,,,0,
2026-06-19 16:25:59,0.3,770045,0.5,104556,1,17308,2,2825,5,0,10,0,,,100,60,,,0,
2026-06-19 16:26:59,0.3,798304,0.5,93959,1,12716,2,2825,5,0,10,0,,,100,60,,,0,
2026-06-19 16:27:59,0.3,584952,0.5,85482,1,9537,2,2825,5,0,10,0,,,100,60,,,0,
2026-06-19 16:28:59,0.3,459554,0.5,63935,1,4945,2,1059,5,0,10,0,,,100,60,,,0,
2026-06-19 16:29:59,0.3,275521,0.5,41681,1,3532,2,353,5,0,10,0,,,100,60,,,0,
2026-06-19 16:30:59,0.3,268809,0.5,35676,1,5298,2,0,5,0,10,0,,,100,60,,,0,
2026-06-19 16:31:59,0.3,262451,0.5,47333,1,2472,2,0,5,0,10,0,,,100,60,,,0,
2026-06-19 16:32:59,0.3,279406,0.5,48746,1,2119,2,0,5,0,10,0,,,100,60,,,0,
2026-06-19 16:33:59,0.3,280819,0.5,55104,1,2119,2,0,5,0,10,0,,,100,60,,,0,
2026-06-19 16:34:59,0.3,329212,0.5,80536,1,3179,2,353,5,0,10,0,,,100,60,,,0,
2026-06-19 16:35:59,0.3,257859,0.5,54044,1,3885,2,353,5,0,10,0,,,100,60,,,0,
2026-06-19 16:36:59,0.3,338043,0.5,72765,1,3179,2,0,5,0,10,0,,,100,60,,,0,
2026-06-19 16:37:59,0.3,140233,0.5,31084,1,1766,2,0,5,0,10,0,,,100,60,,,0,
2026-06-19 16:38:59,0.3,145531,0.5,37089,1,2472,2,0,5,0,10,0,,,100,60,,,0,
2026-06-19 16:39:59,0.3,182267,0.5,45213,1,1766,2,353,5,0,10,0,,,100,60,,,0,
2026-06-19 16:40:59,0.3,200635,0.5,58636,1,353,2,0,5,0,10,0,,,100,60,,,0,
2026-06-19 16:41:59,0.3,289650,0.5,66054,1,1059,2,0,5,0,10,0,,,100,60,,,0,
2026-06-19 16:42:59,0.3,336630,0.5,89014,1,1766,2,0,5,0,10,0,,,100,60,,,0,
2026-06-19 16:43:59,0.3,269162,0.5,64994,1,706,2,0,5,0,10,0,,,100,60,,,0,
2026-06-19 16:44:59,0.3,265983,0.5,74531,1,1059,2,0,5,0,10,0,,,100,60,,,0,
2026-06-19 16:45:59,0.3,222889,0.5,66054,1,2825,2,0,5,0,10,0,,,100,60,,,0,
2026-06-19 16:46:59,0.3,246202,0.5,68173,1,706,2,0,5,0,10,0,,,100,60,,,0,
2026-06-19 16:47:59,0.3,398092,0.5,103850,1,706,2,0,5,0,10,0,,,100,60,,,0,
2026-06-19 16:48:59,0.3,459908,0.5,106676,1,0,2,0,5,0,10,0,,,100,60,,,0,
2026-06-19 16:49:59,0.3,500176,0.5,119392,1,353,2,0,5,0,10,0,,,100,60,,,0,
2026-06-19 16:50:59,0.3,536559,0.5,135641,1,353,2,0,5,0,10,0,,,100,60,,,0,
2026-06-19 16:51:59,0.3,530554,0.5,124690,1,706,2,353,5,0,10,0,,,100,60,,,0,
2026-06-19 16:52:59,0.3,557400,0.5,133874,1,353,2,0,5,0,10,0,,,100,60,,,0,
2026-06-19 16:53:59,0.3,550335,0.5,128929,1,0,2,0,5,353,10,0,,,100,60,,,0,
2026-06-19 16:54:59,0.3,527022,0.5,125750,1,353,2,0,5,0,10,0,,,100,60,,,0,
2026-06-19 16:55:59,0.3,522430,0.5,102790,1,353,2,0,5,0,10,0,,,100,60,,,0,
2026-06-19 16:56:59,0.3,544683,0.5,103143,1,706,2,0,5,0,10,0,,,100,60,,,0,
2026-06-19 16:57:59,0.3,493818,0.5,97138,1,0,2,0,5,0,10,0,,,100,60,,,0,
2026-06-19 16:58:59,0.3,489932,0.5,76651,1,0,2,0,5,0,10,0,,,100,60,,,0,
2026-06-19 16:59:59,0.3,494171,0.5,73825,1,0,2,0,5,0,10,0,,,100,60,,,0,
2026-06-19 17:00:59,0.3,485694,0.5,89367,1,353,2,0,5,0,10,0,,,100,60,,,0,
2026-06-19 17:01:59,0.3,463087,0.5,79123,1,0,2,353,5,0,10,0,,,100,60,,,0,
2026-06-19 17:02:59,0.3,441186,0.5,51218,1,0,2,0,5,0,10,0,,,100,60,,,0,
2026-06-19 17:03:59,0.3,396326,0.5,71352,1,0,2,0,5,0,10,0,,,100,60,,,0,
2026-06-19 17:04:59,0.3,379371,0.5,47686,1,0,2,0,5,0,10,0,,,100,60,,,0,
2026-06-19 17:05:59,0.3,324973,0.5,40268,1,0,2,0,5,0,10,0,,,100,60,,,0,
2026-06-19 17:06:59,0.3,305898,0.5,29318,1,0,2,0,5,0,10,0,,,100,60,,,0,
2026-06-19 17:07:59,0.3,240197,0.5,24726,1,0,2,0,5,0,10,0,,,100,60,,,0,
2026-06-19 17:08:59,0.3,216178,0.5,17661,1,0,2,0,5,0,10,0,,,100,60,,,0,
2026-06-19 17:09:59,0.3,170611,0.5,15895,1,0,2,0,5,0,10,0,,,100,60,,,0,
2026-06-19 17:10:59,0.3,122924,0.5,6358,1,0,2,0,5,0,10,0,,,100,60,,,0,
2026-06-19 17:11:59,0.3,127870,0.5,8124,1,0,2,0,5,0,10,0,,,100,60,,,0,
2026-06-19 17:12:59,0.3,116213,0.5,5298,1,353,2,0,5,0,10,0,,,100,60,,,0,
2026-06-19 17:13:59,0.3,91487,0.5,3532,1,0,2,0,5,0,10,0,,,100,60,,,0,
2026-06-19 17:14:59,0.3,55104,0.5,1059,1,0,2,0,5,0,10,0,,,100,60,,,0,
2026-06-19 17:15:59,0.3,41681,0.5,706,1,0,2,0,5,0,10,0,,,100,60,,,0,
2026-06-19 17:16:59,0.3,36736,0.5,0,1,0,2,0,5,0,10,0,,,100,60,,,0,
2026-06-19 17:17:59,0.3,37795,0.5,0,1,0,2,0,5,0,10,0,,,100,60,,,0,
2026-06-19 17:18:59,0.3,39915,0.5,1412,1,0,2,0,5,0,10,0,,,100,60,,,0,
2026-06-19 17:19:59,0.3,36029,0.5,1059,1,0,2,0,5,0,10,0,,,100,60,,,0,
2026-06-19 17:20:59,0.3,22253,0.5,706,1,0,2,0,5,0,10,0,,,100,60,,,0,
2026-06-19 17:21:59,0.3,12363,0.5,0,1,0,2,0,5,0,10,0,,,100,60,,,0,
2026-06-19 17:22:59,0.3,4238,0.5,0,1,0,2,0,5,0,10,0,,,100,60,,,0,
2026-06-19 17:23:59,0.3,5298,0.5,0,1,0,2,0,5,0,10,0,,,100,60,,,0,
2026-06-19 17:24:59,0.3,3179,0.5,353,1,0,2,0,5,0,10,0,,,100,60,,,0,
2026-06-19 17:25:59,0.3,1412,0.5,0,1,0,2,0,5,0,10,0,,,100,60,,,0,
2026-06-19 17:26:59,0.3,358530,0.5,142705,1,171670,2,586365,5,269162,10,192511,,,100,60,,,0,
2026-06-19 17:27:59,0.3,395266,0.5,196043,1,139879,2,209819,5,37795,10,30024,,,100,60,,,0,
2026-06-19 17:28:59,0.3,582832,0.5,286824,1,229247,2,573295,5,175909,10,118685,,,100,60,,,0,
2026-06-19 17:29:59,0.3,815612,0.5,461321,1,271282,2,596608,5,189685,10,148710,,,100,60,,,0,
2026-06-19 17:30:59,0.3,388908,0.5,101377,1,17661,2,22606,5,3885,10,1766,,,100,60,,,0,
2026-06-19 17:31:59,0.3,396326,0.5,277640,1,211586,2,533380,5,101377,10,38502,,,100,60,,,0,
2026-06-19 17:32:59,0.3,347933,0.5,208760,1,137054,2,280113,5,30731,10,21900,,,100,60,,,0,
2026-06-19 17:33:59,0.3,534440,0.5,490639,1,379018,2,730837,5,81949,10,37442,,,100,60,,,0,
2026-06-19 17:34:59,0.3,371246,0.5,161073,1,86895,2,137054,5,20134,10,11303,,,100,60,,,0,
2026-06-19 17:35:59,0.3,511833,0.5,248322,1,184033,2,501236,5,117273,10,93253,,,100,60,,,0,
2026-06-19 17:36:59,0.3,865771,0.5,328859,1,229954,2,507594,5,122218,10,93959,,,100,60,,,0,
2026-06-19 17:37:59,0.3,775697,0.5,229247,1,141999,2,264570,5,38149,10,13422,,,100,60,,,0,
2026-06-19 17:38:59,0.3,467326,0.5,158247,1,86541,2,107382,5,12363,10,9537,,,100,60,,,0,
2026-06-19 17:39:59,0.3,445425,0.5,131755,1,49452,2,52278,5,4945,10,5651,,,100,60,,,0,
2026-06-19 17:40:59,0.3,750618,0.5,155775,1,49805,2,69586,5,11303,10,13776,,,100,60,,,0,
2026-06-19 17:41:59,0.3,2773931,0.5,199929,1,51218,2,43800,5,5298,10,2119,,,100,60,,,0,
2026-06-19 17:42:59,0.3,2157188,0.5,129636,1,29318,2,19780,5,1059,10,353,,,100,60,,,0,
2026-06-19 17:43:59,0.3,4119039,0.5,346873,1,174143,2,438007,5,104203,10,60049,,,100,60,,,0,
2026-06-19 17:44:59,0.3,798657,0.5,370187,1,268456,2,542917,5,90780,10,50158,,,100,60,,,0,
2026-06-19 17:45:59,0.3,518544,0.5,192864,1,94312,2,102084,5,12009,10,6711,,,100,60,,,0,
2026-06-19 17:46:59,0.3,2169904,0.5,288943,1,133521,2,176969,5,34263,10,22606,,,100,60,,,0,
2026-06-19 17:47:59,0.3,5356764,0.5,516425,1,220416,2,274461,5,33203,10,27198,,,100,60,,,0,
2026-06-19 17:48:59,0.3,6480748,0.5,695867,1,277287,2,361709,5,44860,10,19427,,,100,60,,,0,
2026-06-19 17:49:59,0.3,6218297,0.5,612151,1,295655,2,583186,5,114800,10,41681,,,100,60,,,0,
2026-06-19 17:50:59,0.3,6432356,0.5,1058989,1,748852,2,2091840,5,610738,10,323207,,,100,60,,,0,
2026-06-19 17:51:59,0.3,5635817,0.5,406216,1,125750,2,123984,5,16955,10,2119,,,100,60,,,0,
2026-06-19 17:52:59,0.3,5743200,0.5,449311,1,127516,2,132108,5,7064,10,3532,,,100,60,,,0,
2026-06-19 17:53:59,0.3,5822324,0.5,477569,1,140939,2,159307,5,15188,10,2119,,,100,60,,,0,
2026-06-19 17:54:59,0.3,5981985,0.5,490286,1,156835,2,173790,5,9184,10,2119,,,100,60,,,0,
2026-06-19 17:55:59,0.3,5958318,0.5,472271,1,163193,2,175909,5,15895,10,2472,,,100,60,,,0,
2026-06-19 17:56:59,0.3,5925114,0.5,505121,1,162486,2,167785,5,13776,10,1766,,,100,60,,,0,
2026-06-19 17:57:59,0.3,5757329,0.5,431649,1,121158,2,126457,5,10950,10,1059,,,100,60,,,0,
2026-06-19 17:58:59,0.3,5694101,0.5,446838,1,139173,2,137054,5,6004,10,1059,,,100,60,,,0,
2026-06-19 17:59:59,0.3,5744260,0.5,445778,1,121158,2,130695,5,9890,10,1059,,,100,60,,,0,
2026-06-19 18:00:59,0.3,5759802,0.5,432709,1,120098,2,146238,5,7417,10,1766,,,100,60,,,0,
2026-06-19 18:01:59,0.3,5691275,0.5,442599,1,130342,2,123631,5,10596,10,706,,,100,60,,,0,
2026-06-19 18:02:59,0.3,5785941,0.5,460967,1,128929,2,142705,5,11656,10,2825,,,100,60,,,0,
2026-06-19 18:03:59,0.3,5749205,0.5,511126,1,154362,2,157894,5,11303,10,2119,,,100,60,,,0,
2026-06-19 18:04:59,0.3,5751677,0.5,519604,1,151183,2,168491,5,12363,10,706,,,100,60,,,0,
2026-06-19 18:05:59,0.3,5695514,0.5,488873,1,168138,2,169904,5,13776,10,2472,,,100,60,,,0,
2026-06-19 18:06:59,0.3,5670787,0.5,456729,1,143412,2,155422,5,13776,10,1059,,,100,60,,,0,
2026-06-19 18:07:59,0.3,5657364,0.5,490992,1,142352,2,141999,5,13069,10,706,,,100,60,,,0,
2026-06-19 18:08:59,0.3,5709996,0.5,501236,1,156128,2,154362,5,10596,10,1766,,,100,60,,,0,
2026-06-19 18:09:59,0.3,5800070,0.5,481455,1,164959,2,141292,5,8830,10,1059,,,100,60,,,0,
2026-06-19 18:10:59,0.3,5700459,0.5,473330,1,133521,2,143058,5,9184,10,706,,,100,60,,,0,
2026-06-19 18:11:59,0.3,5710703,0.5,461321,1,140939,2,131402,5,13776,10,1412,,,100,60,,,0,
2026-06-19 18:12:59,0.3,5750971,0.5,463793,1,143058,2,140939,5,12363,10,2119,,,100,60,,,0,
2026-06-19 18:13:59,0.3,5662663,0.5,479689,1,145178,2,149063,5,11303,10,706,,,100,60,,,0,
2026-06-19 18:14:59,0.3,5631579,0.5,452137,1,121865,2,122571,5,6358,10,1412,,,100,60,,,0,
2026-06-19 18:15:59,0.3,5691981,0.5,454962,1,138820,2,143058,5,12009,10,2825,,,100,60,,,0,
2026-06-19 18:16:59,0.3,5814199,0.5,486400,1,139526,2,142352,5,10596,10,1766,,,100,60,,,0,
2026-06-19 18:17:59,0.3,5575768,0.5,456375,1,147297,2,141292,5,12009,10,2119,,,100,60,,,0,
2026-06-19 18:18:59,0.3,5622041,0.5,444365,1,126810,2,144471,5,12009,10,1412,,,100,60,,,0,
2026-06-19 18:19:59,0.3,5605793,0.5,424584,1,135994,2,143058,5,11303,10,706,,,100,60,,,0,
2026-06-19 18:20:59,0.3,5519604,0.5,452490,1,134581,2,134228,5,11303,10,1059,,,100,60,,,0,
2026-06-19 18:21:59,0.3,5498057,0.5,452490,1,135994,2,135641,5,16601,10,1059,,,100,60,,,0,
2026-06-19 18:22:59,0.3,5676086,0.5,458848,1,135287,2,141646,5,9890,10,353,,,100,60,,,0,
2026-06-19 18:23:59,0.3,5532674,0.5,454609,1,137054,2,151183,5,13776,10,2472,,,100,60,,,0,
2026-06-19 18:24:59,0.3,5583892,0.5,477216,1,151889,2,160014,5,15542,10,1412,,,100,60,,,0,
2026-06-19 18:25:59,0.3,5434475,0.5,532320,1,145531,2,158954,5,11303,10,2119,,,100,60,,,0,
2026-06-19 18:26:59,0.3,5525609,0.5,523843,1,152949,2,145884,5,19074,10,1766,,,100,60,,,0,
2026-06-19 18:27:59,0.3,5477216,0.5,491699,1,151889,2,151183,5,14482,10,1766,,,100,60,,,0,
2026-06-19 18:28:59,0.3,5530907,0.5,473330,1,156835,2,166725,5,9890,10,2472,,,100,60,,,0,
2026-06-19 18:29:59,0.3,5512893,0.5,497350,1,151889,2,162486,5,12716,10,1059,,,100,60,,,0,
2026-06-19 18:30:59,0.3,5663016,0.5,507594,1,136347,2,162839,5,18014,10,7064,,,100,60,,,0,
2026-06-19 18:31:59,0.3,5141999,0.5,468738,1,135287,2,140939,5,15895,10,2472,,,100,60,,,0,
2026-06-19 18:32:59,0.3,5015542,0.5,427410,1,123984,2,112327,5,10950,10,353,,,100,60,,,0,
2026-06-19 18:33:59,0.3,4996114,0.5,446838,1,120805,2,117626,5,9890,10,1412,,,100,60,,,0,
2026-06-19 18:34:59,0.3,5061462,0.5,445425,1,134581,2,130695,5,10243,10,2825,,,100,60,,,0,
2026-06-19 18:35:59,0.3,4948074,0.5,446838,1,132462,2,144471,5,8830,10,1059,,,100,60,,,0,
2026-06-19 18:36:59,0.3,4950900,0.5,456375,1,130695,2,123984,5,14835,10,2119,,,100,60,,,0,
2026-06-19 18:37:59,0.3,4981278,0.5,491345,1,128223,2,124690,5,13776,10,1412,,,100,60,,,0,
2026-06-19 18:38:59,0.3,4918050,0.5,462380,1,122924,2,115153,5,10950,10,353,,,100,60,,,0,
2026-06-19 18:39:59,0.3,5089721,0.5,477216,1,122924,2,137407,5,13776,10,2119,,,100,60,,,0,
2026-06-19 18:40:59,0.3,4991875,0.5,442953,1,134934,2,123984,5,9537,10,2825,,,100,60,,,0,
2026-06-19 18:41:59,0.3,4966796,0.5,469445,1,117273,2,114800,5,15542,10,1059,,,100,60,,,0,
2026-06-19 18:42:59,0.3,4942070,0.5,454256,1,113740,2,130342,5,10596,10,2825,,,100,60,,,0,
2026-06-19 18:43:59,0.3,4999646,0.5,506534,1,134934,2,160014,5,14129,10,2825,,,100,60,,,0,
2026-06-19 18:44:59,0.3,5421759,0.5,545037,1,173083,2,338396,5,68527,10,31437,,,100,60,,,0,
2026-06-19 18:45:59,0.3,5166725,0.5,481455,1,135287,2,237371,5,37795,10,14482,,,100,60,,,0,
2026-06-19 18:46:59,0.3,6154362,0.5,1019780,1,904980,2,3803249,5,1167078,10,619922,,,100,60,,,0,
2026-06-19 18:47:59,0.3,5845637,0.5,714941,1,407276,2,1460614,5,446132,10,197103,,,100,60,,,0,
2026-06-19 18:48:59,0.3,5941363,0.5,941010,1,634758,2,1749911,5,459201,10,307665,,,100,60,,,0,
2026-06-19 18:49:59,0.3,7133874,0.5,3224302,1,2806428,2,7399858,5,1784528,10,756269,,,100,60,,,0,
2026-06-19 18:50:59,0.3,5695867,0.5,609325,1,249735,2,532320,5,190745,10,199222,,,100,60,,,0,
2026-06-19 18:51:59,0.3,6031437,0.5,1147651,1,642529,2,1234899,5,298481,10,273754,,,100,60,,,0,
2026-06-19 18:52:59,0.3,7719533,0.5,3575061,1,3045566,2,8885199,5,2971035,10,1939950,,,100,60,,,0,
2026-06-19 18:53:59,0.3,7087601,0.5,2924055,1,2216531,2,5175203,5,1540445,10,923701,,,100,60,,,0,
2026-06-19 18:54:59,0.3,6650653,0.5,1529141,1,974214,2,2026492,5,514659,10,606499,,,100,60,,,0,
2026-06-19 18:55:59,0.3,5497350,0.5,752737,1,306605,2,405863,5,55810,10,26845,,,100,60,,,0,
2026-06-19 18:56:59,0.3,5863652,0.5,1383963,1,901801,2,2185446,5,583186,10,300600,,,100,60,,,0,
2026-06-19 18:57:59,0.3,10611444,0.5,8506181,1,7751677,2,21551042,5,6225362,10,2671494,,,100,60,,,0,
2026-06-19 18:58:59,0.3,8323560,0.5,4182974,1,3559872,2,9516072,5,2978452,10,1761215,,,100,60,,,0,
2026-06-19 18:59:59,0.3,7965736,0.5,3873542,1,3569410,2,10497704,5,3576474,10,1975626,,,100,60,,,0,
2026-06-19 19:00:59,0.3,8561285,0.5,5457435,1,4488520,2,11150477,5,3165312,10,1420346,,,100,60,,,0,
2026-06-19 19:01:59,0.3,6189332,0.5,1879194,1,1273754,2,2930766,5,819851,10,485694,,,100,60,,,0,
2026-06-19 19:02:59,0.3,7904627,0.5,3513952,1,2582832,2,6820558,5,2323913,10,1297421,,,100,60,,,0,
2026-06-19 19:03:59,0.3,7026845,0.5,2120452,1,1637937,2,4598022,5,1630519,10,938537,,,100,60,,,0,
2026-06-19 19:04:59,0.3,6090074,0.5,1298834,1,844224,2,2035676,5,631932,10,380430,,,100,60,,,0,
2026-06-19 19:05:59,0.3,4861886,0.5,864712,1,442953,2,902861,5,257506,10,132815,,,100,60,,,0,
2026-06-19 19:06:59,0.3,4433769,0.5,548569,1,194630,2,330625,5,63228,10,21547,,,100,60,,,0,
2026-06-19 19:07:59,0.3,4627340,0.5,623454,1,259272,2,481808,5,111268,10,33557,,,100,60,,,0,
2026-06-19 19:08:59,0.3,4484987,0.5,1494171,1,730837,2,1080183,5,137054,10,24726,,,100,60,,,0,
2026-06-19 19:09:59,0.3,3582126,0.5,1182267,1,453903,2,382903,5,28611,10,3532,,,100,60,,,0,
2026-06-19 19:10:59,0.3,3021547,0.5,867537,1,221123,2,143058,5,4592,10,1059,,,100,60,,,0,
2026-06-19 19:11:59,0.3,3174496,0.5,1337336,1,423172,2,237371,5,9184,10,3179,,,100,60,,,0,
2026-06-19 19:12:59,0.3,5788414,0.5,5309784,1,1751324,2,1066054,5,35323,10,2825,,,100,60,,,0,
2026-06-19 19:13:59,0.3,14225008,0.5,16709996,1,5875309,2,3568703,5,93959,10,6004,,,100,60,,,0,
2026-06-19 19:14:59,0.3,23798656,0.5,28965736,1,10263511,2,6244083,5,158601,10,9184,,,100,60,,,0,
2026-06-19 19:15:59,0.3,24870010,0.5,29668314,1,10135641,2,6505475,5,263864,10,21900,,,100,60,,,0,
2026-06-19 19:16:59,0.3,9825503,0.5,7783821,1,3282585,2,4210526,5,624867,10,186859,,,100,60,,,0,
2026-06-19 19:17:59,0.3,5677499,0.5,702225,1,303073,2,525609,5,125750,10,64994,,,100,60,,,0,
2026-06-19 19:18:59,0.3,5708230,0.5,792299,1,414694,2,918403,5,300600,10,246555,,,100,60,,,0,
2026-06-19 19:19:59,0.3,5420699,0.5,790533,1,323560,2,448251,5,77004,10,34263,,,100,60,,,0,
2026-06-19 19:20:59,0.3,5689155,0.5,1296714,1,536912,2,659484,5,87248,10,38502,,,100,60,,,0,
2026-06-19 19:21:59,0.3,6234546,0.5,2255386,1,786647,2,655951,5,56870,10,20134,,,100,60,,,0,
2026-06-19 19:22:59,0.3,6959025,0.5,2719887,1,920169,2,707170,5,71706,10,20840,,,100,60,,,0,
2026-06-19 19:23:59,0.3,13297068,0.5,8591310,1,2682444,2,1846697,5,81243,10,15895,,,100,60,,,0,
2026-06-19 19:24:59,0.3,12766160,0.5,6619922,1,1641822,2,1062875,5,51925,10,8830,,,100,60,,,0,
2026-06-19 19:25:59,0.3,11866478,0.5,6569763,1,1831508,2,1187919,5,60402,10,14482,,,100,60,,,0,
2026-06-19 19:26:59,0.3,10387495,0.5,5371246,1,1454256,2,961497,5,53691,10,14482,,,100,60,,,0,
2026-06-19 19:27:59,0.3,8583186,0.5,3312610,1,812080,2,532673,5,33557,10,13069,,,100,60,,,0,
2026-06-19 19:28:59,0.3,6550688,0.5,1980219,1,466619,2,308371,5,30377,10,14482,,,100,60,,,0,
2026-06-19 19:29:59,0.3,6707877,0.5,2127870,1,582832,2,513599,5,75238,10,40621,,,100,60,,,0,
2026-06-19 19:30:59,0.3,7290356,0.5,2495231,1,729777,2,587071,5,57223,10,26139,,,100,60,,,0,
2026-06-19 19:31:59,0.3,6795478,0.5,1987283,1,559519,2,478982,5,65347,10,31084,,,100,60,,,0,
2026-06-19 19:32:59,0.3,6557400,0.5,1863299,1,529141,2,413634,5,36382,10,12009,,,100,60,,,0,
2026-06-19 19:33:59,0.3,6738608,0.5,1812787,1,561992,2,465913,5,49805,10,27905,,,100,60,,,0,
2026-06-19 19:34:59,0.3,6320381,0.5,1493465,1,444365,2,359237,5,35676,10,20840,,,100,60,,,0,
2026-06-19 19:35:59,0.3,5879547,0.5,1314376,1,361003,2,281172,5,30377,10,11656,,,100,60,,,0,
2026-06-19 19:36:59,0.3,5866125,0.5,1346167,1,393500,2,338749,5,31437,10,12363,,,100,60,,,0,
2026-06-19 19:37:59,0.3,5709290,0.5,1123984,1,294595,2,234192,5,20134,10,9184,,,100,60,,,0,
2026-06-19 19:38:59,0.3,6066054,0.5,1242670,1,305192,2,214411,5,16248,10,6004,,,100,60,,,0,
2026-06-19 19:39:59,0.3,6069586,0.5,1138113,1,253973,2,186153,5,14835,10,4238,,,100,60,,,0,
2026-06-19 19:40:59,0.3,5635817,0.5,910632,1,210526,2,161780,5,9537,10,5651,,,100,60,,,0,
2026-06-19 19:41:59,0.3,5354291,0.5,852348,1,203814,2,141646,5,9184,10,7771,,,100,60,,,0,
2026-06-19 19:42:59,0.3,5223595,0.5,821617,1,186153,2,128929,5,12716,10,3532,,,100,60,,,0,
2026-06-19 19:43:59,0.3,4926881,0.5,730130,1,168491,2,116213,5,8477,10,2119,,,100,60,,,0,
2026-06-19 19:44:59,0.3,4875662,0.5,1020134,1,301660,2,262098,5,14482,10,6358,,,100,60,,,0,
2026-06-19 19:45:59,0.3,5152949,0.5,1134581,1,368774,2,378311,5,43447,10,18368,,,100,60,,,0,
2026-06-19 19:46:59,0.3,5046626,0.5,822677,1,223949,2,174496,5,19780,10,4945,,,100,60,,,0,
2026-06-19 19:47:59,0.3,4845284,0.5,761568,1,179441,2,132108,5,7771,10,1766,,,100,60,,,0,
2026-06-19 19:48:59,0.3,4821971,0.5,733309,1,164606,2,123277,5,8830,10,4238,,,100,60,,,0,
2026-06-19 19:49:59,0.3,4941716,0.5,742847,1,173790,2,116213,5,13069,10,4238,,,100,60,,,0,
2026-06-19 19:50:59,0.3,5243376,0.5,765100,1,166019,2,125750,5,9537,10,4238,,,100,60,,,0,
2026-06-19 19:51:59,0.3,5496291,0.5,850229,1,193571,2,160014,5,14129,10,3885,,,100,60,,,0,
2026-06-19 19:52:59,0.3,5222183,0.5,848463,1,198869,2,166019,5,11656,10,1412,,,100,60,,,0,
2026-06-19 19:53:59,0.3,5110914,0.5,1100317,1,324620,2,241963,5,12363,10,4945,,,100,60,,,0,
2026-06-19 19:54:59,0.3,4826209,0.5,951253,1,296361,2,264924,5,30731,10,16955,,,100,60,,,0,
2026-06-19 19:55:59,0.3,4861179,0.5,843164,1,234899,2,219357,5,21193,10,9537,,,100,60,,,0,
2026-06-19 19:56:59,0.3,5385729,0.5,942069,1,238078,2,183327,5,21193,10,11303,,,100,60,,,0,
2026-06-19 19:57:59,0.3,15406570,0.5,1810667,1,253267,2,171670,5,12363,10,6711,,,100,60,,,0,
2026-06-19 19:58:59,0.3,15107735,0.5,1767220,1,245496,2,152596,5,14129,10,3885,,,100,60,,,0,
2026-06-19 19:59:59,0.3,11337690,0.5,1646414,1,297068,2,255740,5,33203,10,9890,,,100,60,,,0,
2026-06-19 20:00:59,0.3,8664782,0.5,1513246,1,332744,2,262451,5,25432,10,8830,,,100,60,,,0,
2026-06-19 20:01:59,0.3,7138466,0.5,1372306,1,338043,2,352525,5,53338,10,35676,,,100,60,,,0,
2026-06-19 20:02:59,0.3,6418933,0.5,1231720,1,386789,2,393500,5,50158,10,24726,,,100,60,,,0,
2026-06-19 20:03:59,0.3,5780996,0.5,1104909,1,279406,2,284705,5,30377,10,14129,,,100,60,,,0,
2026-06-19 20:04:59,0.3,5590250,0.5,1012009,1,282938,2,245849,5,33557,10,14129,,,100,60,,,0,
2026-06-19 20:05:59,0.3,5332038,0.5,967149,1,268809,2,285411,5,40268,10,23666,,,100,60,,,0,
2026-06-19 20:06:59,0.3,4220416,0.5,730130,1,216884,2,258919,5,39208,10,24726,,,100,60,,,0,
2026-06-19 20:07:59,0.3,4014482,0.5,629106,1,211939,2,287177,5,45213,10,24726,,,100,60,,,0,
2026-06-19 20:08:59,0.3,4475450,0.5,624161,1,206640,2,233839,5,30731,10,11303,,,100,60,,,0,
2026-06-19 20:09:59,0.3,4119745,0.5,574002,1,183680,2,251501,5,32850,10,12716,,,100,60,,,0,
2026-06-19 20:10:59,0.3,3784528,0.5,486047,1,139879,2,141999,5,20487,10,3532,,,100,60,,,0,
2026-06-19 20:11:59,0.3,5607559,0.5,693747,1,220416,2,364535,5,107029,10,85128,,,100,60,,,0,
2026-06-19 20:12:59,0.3,5768279,0.5,743200,1,275167,2,450017,5,121158,10,103496,,,100,60,,,0,
2026-06-19 20:13:59,0.3,3305192,0.5,694454,1,321441,2,581420,5,136347,10,91487,,,100,60,,,0,
2026-06-19 20:14:59,0.3,2785588,0.5,605439,1,271988,2,401271,5,75238,10,38502,,,100,60,,,0,
2026-06-19 20:15:59,0.3,2599434,0.5,498410,1,200635,2,302366,5,54750,10,21547,,,100,60,,,0,
2026-06-19 20:16:59,0.3,2567290,0.5,579653,1,261038,2,405510,5,75591,10,43094,,,100,60,,,0,
2026-06-19 20:17:59,0.3,2558813,0.5,620628,1,285764,2,455669,5,86541,10,65701,,,100,60,,,0,
2026-06-19 20:18:59,0.3,2669021,0.5,516425,1,219357,2,319321,5,54750,10,24373,,,100,60,,,0,
2026-06-19 20:19:59,0.3,3261744,0.5,803249,1,465206,2,1214411,5,834687,10,1003885,,,100,60,,,0,
2026-06-19 20:20:59,0.3,4920169,0.5,1898975,1,1186506,2,2679618,5,1203814,10,1867184,,,100,60,,,0,
2026-06-19 20:21:59,0.3,4667961,0.5,909572,1,478276,2,1133874,5,499470,10,630519,,,100,60,,,0,
2026-06-19 20:22:59,0.3,4719887,0.5,738608,1,328152,2,702225,5,226774,10,222536,,,100,60,,,0,
2026-06-19 20:23:59,0.3,4891557,0.5,799364,1,287530,2,419992,5,102084,10,81949,,,100,60,,,0,
2026-06-19 20:24:59,0.3,5263864,0.5,1036029,1,458142,2,753444,5,180501,10,155422,,,100,60,,,0,
